panel_id,endpoint_id,protocol_id,representation,metric_output_id,group,state,oc,bootstrap_lower,bootstrap_upper,pair_count_per_cluster
d1_a,d1,a,native,mse,nonaxis_nonaxis,complete,0.6932291666666666,0.6691840277777779,0.7161501736111111,192
d1_a,d1,a,native,mse,mixed,complete,0.8516927083333333,0.7843728298611112,0.9008279079861111,384
d1_a,d1,a,native,mse,axis_axis,complete,0.5,0.5,0.5,64
d1_a,d1,a,native,rmse,nonaxis_nonaxis,complete,0.6963541666666665,0.6709179687499999,0.7201432291666667,192
d1_a,d1,a,native,rmse,mixed,complete,0.8516927083333333,0.7843728298611112,0.9008279079861111,384
d1_a,d1,a,native,rmse,axis_axis,complete,0.5,0.5,0.5,64
d1_a,d1,a,native,mae,nonaxis_nonaxis,complete,0.7315972222222221,0.7103276909722221,0.7486132812500002,192
d1_a,d1,a,native,mae,mixed,complete,0.8516927083333333,0.7843728298611112,0.9008279079861111,384
d1_a,d1,a,native,mae,axis_axis,complete,0.5,0.5,0.5,64
d1_a,d1,a,native,sam,nonaxis_nonaxis,complete,0.6932291666666666,0.6684874131944445,0.7174500868055554,192
d1_a,d1,a,native,sam,mixed,complete,0.8516927083333333,0.7843728298611112,0.9008279079861111,384
d1_a,d1,a,native,sam,axis_axis,complete,0.5,0.5,0.5,64
d1_a,d1,a,native,pearson_r,nonaxis_nonaxis,complete,0.6977430555555556,0.6736957465277778,0.7216167534722221,192
d1_a,d1,a,native,pearson_r,mixed,complete,0.8516927083333333,0.7843728298611112,0.9008279079861111,384
d1_a,d1,a,native,pearson_r,axis_axis,complete,0.5,0.5,0.5,64
d1_a,d1,a,native,nmse,nonaxis_nonaxis,complete,0.6915798611111111,0.6676171875,0.7149305555555555,192
d1_a,d1,a,native,nmse,mixed,complete,0.8516927083333333,0.7843728298611112,0.9008279079861111,384
d1_a,d1,a,native,nmse,axis_axis,complete,0.5,0.5,0.5,64
d1_a,d1,a,native,wasserstein_1_cm1,nonaxis_nonaxis,complete,0.825,0.7772504340277777,0.8630208333333332,192
d1_a,d1,a,native,wasserstein_1_cm1,mixed,complete,0.8631510416666667,0.8022124565972224,0.9075965711805556,384
d1_a,d1,a,native,wasserstein_1_cm1,axis_axis,complete,0.6559895833333333,0.53931640625,0.7627604166666667,64
d1_a,d1,a,native,is_like_structure_to_noise,nonaxis_nonaxis,complete,0.18125,0.14835069444444443,0.22222439236111108,192
d1_a,d1,a,native,is_like_structure_to_noise,mixed,complete,0.3219184027777777,0.2973958333333334,0.3517415364583334,384
d1_a,d1,a,native,is_like_structure_to_noise,axis_axis,complete,0.5,0.5,0.5,64
d1_a,d1,a,native,precision,nonaxis_nonaxis,complete,0.3152777777777778,0.2745638020833333,0.3630295138888889,192
d1_a,d1,a,native,precision,mixed,complete,0.7661892361111111,0.7331575520833333,0.7904958767361112,384
d1_a,d1,a,native,precision,axis_axis,complete,0.59375,0.5281184895833333,0.6505338541666665,64
d1_a,d1,a,native,recall,nonaxis_nonaxis,complete,0.3309027777777778,0.29348958333333336,0.3741362847222222,192
d1_a,d1,a,native,recall,mixed,complete,0.7680989583333333,0.7342003038194447,0.7923296440972222,384
d1_a,d1,a,native,recall,axis_axis,complete,0.59375,0.5281184895833333,0.6505338541666665,64
d1_a,d1,a,native,f1,nonaxis_nonaxis,complete,0.3244791666666666,0.2856749131944445,0.36963758680555536,192
d1_a,d1,a,native,f1,mixed,complete,0.7692274305555554,0.7351106770833333,0.7935774739583334,384
d1_a,d1,a,native,f1,axis_axis,complete,0.59375,0.5281184895833333,0.6505338541666665,64
d1_a,d1,a,native,artifact_peak_ratio,nonaxis_nonaxis,complete,0.3152777777777778,0.2745638020833333,0.3630295138888889,192
d1_a,d1,a,native,artifact_peak_ratio,mixed,complete,0.7661892361111111,0.7331575520833333,0.7904958767361112,384
d1_a,d1,a,native,artifact_peak_ratio,axis_axis,complete,0.59375,0.5281184895833333,0.6505338541666665,64
d1_a,d1,a,native,missing_peak_ratio,nonaxis_nonaxis,complete,0.3309027777777778,0.29348958333333336,0.3741362847222222,192
d1_a,d1,a,native,missing_peak_ratio,mixed,complete,0.7680989583333333,0.7342003038194447,0.7923296440972222,384
d1_a,d1,a,native,missing_peak_ratio,axis_axis,complete,0.59375,0.5281184895833333,0.6505338541666665,64
d1_a,d1,a,common_grid,mse,nonaxis_nonaxis,complete,0.6704861111111113,0.6508680555555556,0.6904578993055557,192
d1_a,d1,a,common_grid,mse,mixed,complete,0.7950086805555555,0.7647981770833332,0.8197059461805555,384
d1_a,d1,a,common_grid,mse,axis_axis,complete,0.6747395833333333,0.5393229166666667,0.8013346354166665,64
d1_a,d1,a,common_grid,rmse,nonaxis_nonaxis,complete,0.6739583333333334,0.6542534722222224,0.6941015624999998,192
d1_a,d1,a,common_grid,rmse,mixed,complete,0.7953559027777776,0.7650607638888888,0.8200520833333333,384
d1_a,d1,a,common_grid,rmse,axis_axis,complete,0.6747395833333333,0.5393229166666667,0.8013346354166665,64
d1_a,d1,a,common_grid,mae,nonaxis_nonaxis,complete,0.7277777777777777,0.706857638888889,0.7454014756944444,192
d1_a,d1,a,common_grid,mae,mixed,complete,0.8040364583333334,0.7724815538194445,0.8294303385416669,384
d1_a,d1,a,common_grid,mae,axis_axis,complete,0.67109375,0.5359244791666666,0.7945507812499999,64
d1_a,d1,a,common_grid,sam,nonaxis_nonaxis,complete,0.6763888888888889,0.6572916666666668,0.6960091145833335,192
d1_a,d1,a,common_grid,sam,mixed,complete,0.7891927083333332,0.7585926649305555,0.8143674045138889,384
d1_a,d1,a,common_grid,sam,axis_axis,complete,0.6752604166666667,0.5411393229166667,0.8020963541666666,64
d1_a,d1,a,common_grid,pearson_r,nonaxis_nonaxis,complete,0.6890625,0.6651041666666668,0.7130208333333332,192
d1_a,d1,a,common_grid,pearson_r,mixed,complete,0.7470920138888889,0.7199186197916666,0.7749598524305555,384
d1_a,d1,a,common_grid,pearson_r,axis_axis,complete,0.6763020833333333,0.5419270833333333,0.8026106770833333,64
d1_a,d1,a,common_grid,nmse,nonaxis_nonaxis,complete,0.6718750000000002,0.6519943576388887,0.6926236979166667,192
d1_a,d1,a,common_grid,nmse,mixed,complete,0.793532986111111,0.7636273871527778,0.8184103732638888,384
d1_a,d1,a,common_grid,nmse,axis_axis,complete,0.6747395833333333,0.5403645833333334,0.8010546874999999,64
d1_a,d1,a,common_grid,wasserstein_1_cm1,nonaxis_nonaxis,complete,0.8255208333333333,0.7776888020833334,0.8634548611111109,192
d1_a,d1,a,common_grid,wasserstein_1_cm1,mixed,complete,0.8534288194444445,0.7875737847222221,0.902175564236111,384
d1_a,d1,a,common_grid,wasserstein_1_cm1,axis_axis,complete,0.66953125,0.5408854166666667,0.79037109375,64
d1_a,d1,a,common_grid,is_like_structure_to_noise,nonaxis_nonaxis,complete,0.18211805555555557,0.14930555555555555,0.2229166666666667,192
d1_a,d1,a,common_grid,is_like_structure_to_noise,mixed,complete,0.5040364583333333,0.4684331597222222,0.5364583333333334,384
d1_a,d1,a,common_grid,is_like_structure_to_noise,axis_axis,complete,0.46067708333333335,0.42212239583333333,0.50234375,64
d1_a,d1,a,common_grid,precision,nonaxis_nonaxis,complete,0.3171875,0.2761263020833334,0.3646809895833332,192
d1_a,d1,a,common_grid,precision,mixed,complete,0.38320312500000003,0.3562456597222222,0.4178417968749999,384
d1_a,d1,a,common_grid,precision,axis_axis,complete,0.5919270833333333,0.5138020833333333,0.6627669270833333,64
d1_a,d1,a,common_grid,recall,nonaxis_nonaxis,complete,0.33124999999999993,0.2939214409722223,0.3743098958333333,192
d1_a,d1,a,common_grid,recall,mixed,complete,0.3874565972222222,0.3617621527777778,0.4212337239583333,384
d1_a,d1,a,common_grid,recall,axis_axis,complete,0.5841145833333333,0.5049348958333334,0.6549479166666666,64
d1_a,d1,a,common_grid,f1,nonaxis_nonaxis,complete,0.3251736111111111,0.28618489583333334,0.3700716145833333,192
d1_a,d1,a,common_grid,f1,mixed,complete,0.38285590277777776,0.3557291666666667,0.4175813802083333,384
d1_a,d1,a,common_grid,f1,axis_axis,complete,0.5872395833333334,0.5114127604166667,0.6565169270833333,64
d1_a,d1,a,common_grid,artifact_peak_ratio,nonaxis_nonaxis,complete,0.3171875,0.2761263020833334,0.3646809895833332,192
d1_a,d1,a,common_grid,artifact_peak_ratio,mixed,complete,0.38320312500000003,0.3562456597222222,0.4178417968749999,384
d1_a,d1,a,common_grid,artifact_peak_ratio,axis_axis,complete,0.5919270833333333,0.5138020833333333,0.6627669270833333,64
d1_a,d1,a,common_grid,missing_peak_ratio,nonaxis_nonaxis,complete,0.33124999999999993,0.2939214409722223,0.3743098958333333,192
d1_a,d1,a,common_grid,missing_peak_ratio,mixed,complete,0.3874565972222222,0.3617621527777778,0.4212337239583333,384
d1_a,d1,a,common_grid,missing_peak_ratio,axis_axis,complete,0.5841145833333333,0.5049348958333334,0.6549479166666666,64
d2_5_a,d2_5,a,native,mse,nonaxis_nonaxis,complete,0.72890625,0.7033832465277777,0.7537369791666668,192
d2_5_a,d2_5,a,native,mse,mixed,complete,0.8756944444444446,0.8041655815972221,0.9314702690972223,384
d2_5_a,d2_5,a,native,mse,axis_axis,complete,0.5,0.5,0.5,64
d2_5_a,d2_5,a,native,rmse,nonaxis_nonaxis,complete,0.7308159722222224,0.7041623263888888,0.7565169270833334,192
d2_5_a,d2_5,a,native,rmse,mixed,complete,0.8756944444444446,0.8041655815972221,0.9314702690972223,384
d2_5_a,d2_5,a,native,rmse,axis_axis,complete,0.5,0.5,0.5,64
d2_5_a,d2_5,a,native,mae,nonaxis_nonaxis,complete,0.7644097222222221,0.7407964409722222,0.7822938368055556,192
d2_5_a,d2_5,a,native,mae,mixed,complete,0.8756944444444446,0.8041655815972221,0.9314702690972223,384
d2_5_a,d2_5,a,native,mae,axis_axis,complete,0.5,0.5,0.5,64
d2_5_a,d2_5,a,native,sam,nonaxis_nonaxis,complete,0.7215277777777777,0.6942686631944444,0.7465277777777779,192
d2_5_a,d2_5,a,native,sam,mixed,complete,0.8756944444444446,0.8041655815972221,0.9314702690972223,384
d2_5_a,d2_5,a,native,sam,axis_axis,complete,0.5,0.5,0.5,64
d2_5_a,d2_5,a,native,pearson_r,nonaxis_nonaxis,complete,0.7255208333333333,0.6993012152777778,0.7477452256944442,192
d2_5_a,d2_5,a,native,pearson_r,mixed,complete,0.8756944444444446,0.8041655815972221,0.9314702690972223,384
d2_5_a,d2_5,a,native,pearson_r,axis_axis,complete,0.5,0.5,0.5,64
d2_5_a,d2_5,a,native,nmse,nonaxis_nonaxis,complete,0.7212673611111112,0.6963498263888888,0.7454882812500001,192
d2_5_a,d2_5,a,native,nmse,mixed,complete,0.8756944444444446,0.8041655815972221,0.9314702690972223,384
d2_5_a,d2_5,a,native,nmse,axis_axis,complete,0.5,0.5,0.5,64
d2_5_a,d2_5,a,native,wasserstein_1_cm1,nonaxis_nonaxis,complete,0.8144097222222222,0.7737847222222223,0.8452343749999998,192
d2_5_a,d2_5,a,native,wasserstein_1_cm1,mixed,complete,0.8795138888888888,0.8159711371527777,0.9256119791666666,384
d2_5_a,d2_5,a,native,wasserstein_1_cm1,axis_axis,complete,0.6,0.47603515625,0.7234505208333332,64
d2_5_a,d2_5,a,native,is_like_structure_to_noise,nonaxis_nonaxis,complete,0.1824652777777778,0.1578103298611111,0.2159809027777777,192
d2_5_a,d2_5,a,native,is_like_structure_to_noise,mixed,complete,0.32031250000000006,0.2972634548611111,0.3482237413194444,384
d2_5_a,d2_5,a,native,is_like_structure_to_noise,axis_axis,complete,0.5,0.5,0.5,64
d2_5_a,d2_5,a,native,precision,nonaxis_nonaxis,complete,0.3263888888888889,0.2896657986111111,0.3671180555555555,192
d2_5_a,d2_5,a,native,precision,mixed,complete,0.7681423611111111,0.7280685763888889,0.7963541666666666,384
d2_5_a,d2_5,a,native,precision,axis_axis,complete,0.5901041666666667,0.5083333333333333,0.6690234374999999,64
d2_5_a,d2_5,a,native,recall,nonaxis_nonaxis,complete,0.34288194444444453,0.3072829861111111,0.37960720486111105,192
d2_5_a,d2_5,a,native,recall,mixed,complete,0.7709201388888889,0.7299902343750001,0.7999576822916666,384
d2_5_a,d2_5,a,native,recall,axis_axis,complete,0.5901041666666667,0.5083333333333333,0.6690234374999999,64
d2_5_a,d2_5,a,native,f1,nonaxis_nonaxis,complete,0.33559027777777783,0.3000846354166667,0.3729188368055555,192
d2_5_a,d2_5,a,native,f1,mixed,complete,0.7705729166666667,0.7293370225694445,0.7995659722222221,384
d2_5_a,d2_5,a,native,f1,axis_axis,complete,0.5901041666666667,0.5083333333333333,0.6690234374999999,64
d2_5_a,d2_5,a,native,artifact_peak_ratio,nonaxis_nonaxis,complete,0.3263888888888889,0.2896657986111111,0.3671180555555555,192
d2_5_a,d2_5,a,native,artifact_peak_ratio,mixed,complete,0.7681423611111111,0.7280685763888889,0.7963541666666666,384
d2_5_a,d2_5,a,native,artifact_peak_ratio,axis_axis,complete,0.5901041666666667,0.5083333333333333,0.6690234374999999,64
d2_5_a,d2_5,a,native,missing_peak_ratio,nonaxis_nonaxis,complete,0.34288194444444453,0.3072829861111111,0.37960720486111105,192
d2_5_a,d2_5,a,native,missing_peak_ratio,mixed,complete,0.7709201388888889,0.7299902343750001,0.7999576822916666,384
d2_5_a,d2_5,a,native,missing_peak_ratio,axis_axis,complete,0.5901041666666667,0.5083333333333333,0.6690234374999999,64
d2_5_a,d2_5,a,common_grid,mse,nonaxis_nonaxis,complete,0.703298611111111,0.6806401909722222,0.7230902777777776,192
d2_5_a,d2_5,a,common_grid,mse,mixed,complete,0.8008680555555555,0.7620225694444446,0.8291710069444446,384
d2_5_a,d2_5,a,common_grid,mse,axis_axis,complete,0.5828125,0.45703125,0.7122526041666666,64
d2_5_a,d2_5,a,common_grid,rmse,nonaxis_nonaxis,complete,0.7072916666666667,0.6855902777777778,0.7268272569444445,192
d2_5_a,d2_5,a,common_grid,rmse,mixed,complete,0.8011284722222223,0.7621961805555556,0.8294335937500001,384
d2_5_a,d2_5,a,common_grid,rmse,axis_axis,complete,0.5828125,0.45703125,0.7122526041666666,64
d2_5_a,d2_5,a,common_grid,mae,nonaxis_nonaxis,complete,0.7602430555555556,0.7373220486111111,0.7784722222222221,192
d2_5_a,d2_5,a,common_grid,mae,mixed,complete,0.8091145833333333,0.7690473090277778,0.8377202690972223,384
d2_5_a,d2_5,a,common_grid,mae,axis_axis,complete,0.5651041666666666,0.444765625,0.69193359375,64
d2_5_a,d2_5,a,common_grid,sam,nonaxis_nonaxis,complete,0.7107638888888891,0.6877560763888888,0.7312521701388889,192
d2_5_a,d2_5,a,common_grid,sam,mixed,complete,0.7955729166666666,0.757021484375,0.8250868055555555,384
d2_5_a,d2_5,a,common_grid,sam,axis_axis,complete,0.5822916666666667,0.4567643229166667,0.7117317708333332,64
d2_5_a,d2_5,a,common_grid,pearson_r,nonaxis_nonaxis,complete,0.7180555555555556,0.6924479166666668,0.740017361111111,192
d2_5_a,d2_5,a,common_grid,pearson_r,mixed,complete,0.749826388888889,0.7158843315972221,0.7823383246527778,384
d2_5_a,d2_5,a,common_grid,pearson_r,axis_axis,complete,0.58125,0.45597005208333335,0.7111979166666667,64
d2_5_a,d2_5,a,common_grid,nmse,nonaxis_nonaxis,complete,0.7046875,0.6834136284722223,0.7232638888888887,192
d2_5_a,d2_5,a,common_grid,nmse,mixed,complete,0.7993055555555556,0.760283203125,0.8280414496527777,384
d2_5_a,d2_5,a,common_grid,nmse,axis_axis,complete,0.5828125,0.45650390625,0.7127669270833333,64
d2_5_a,d2_5,a,common_grid,wasserstein_1_cm1,nonaxis_nonaxis,complete,0.8149305555555556,0.7743012152777778,0.8457508680555554,192
d2_5_a,d2_5,a,common_grid,wasserstein_1_cm1,mixed,complete,0.8767361111111112,0.8065386284722221,0.9317730034722221,384
d2_5_a,d2_5,a,common_grid,wasserstein_1_cm1,axis_axis,complete,0.5947916666666667,0.4677018229166667,0.72474609375,64
d2_5_a,d2_5,a,common_grid,is_like_structure_to_noise,nonaxis_nonaxis,complete,0.18020833333333333,0.1568576388888889,0.21242187499999995,192
d2_5_a,d2_5,a,common_grid,is_like_structure_to_noise,mixed,complete,0.5223090277777778,0.4814214409722223,0.5623708767361111,384
d2_5_a,d2_5,a,common_grid,is_like_structure_to_noise,axis_axis,complete,0.5291666666666667,0.4875,0.5679817708333332,64
d2_5_a,d2_5,a,common_grid,precision,nonaxis_nonaxis,complete,0.3276041666666666,0.2897547743055556,0.36857638888888894,192
d2_5_a,d2_5,a,common_grid,precision,mixed,complete,0.3665798611111111,0.33936631944444445,0.40178168402777775,384
d2_5_a,d2_5,a,common_grid,precision,axis_axis,complete,0.5,0.42707682291666665,0.5760611979166665,64
d2_5_a,d2_5,a,common_grid,recall,nonaxis_nonaxis,complete,0.3428819444444444,0.30824218750000004,0.3786545138888888,192
d2_5_a,d2_5,a,common_grid,recall,mixed,complete,0.3732638888888889,0.34787217881944443,0.4056879340277778,384
d2_5_a,d2_5,a,common_grid,recall,axis_axis,complete,0.49947916666666664,0.42785807291666667,0.5755403645833332,64
d2_5_a,d2_5,a,common_grid,f1,nonaxis_nonaxis,complete,0.33645833333333336,0.3008637152777777,0.37379340277777784,192
d2_5_a,d2_5,a,common_grid,f1,mixed,complete,0.3686631944444445,0.3425748697916668,0.40300130208333335,384
d2_5_a,d2_5,a,common_grid,f1,axis_axis,complete,0.4973958333333333,0.42655598958333335,0.5721354166666667,64
d2_5_a,d2_5,a,common_grid,artifact_peak_ratio,nonaxis_nonaxis,complete,0.3276041666666666,0.2897547743055556,0.36857638888888894,192
d2_5_a,d2_5,a,common_grid,artifact_peak_ratio,mixed,complete,0.3665798611111111,0.33936631944444445,0.40178168402777775,384
d2_5_a,d2_5,a,common_grid,artifact_peak_ratio,axis_axis,complete,0.5,0.42707682291666665,0.5760611979166665,64
d2_5_a,d2_5,a,common_grid,missing_peak_ratio,nonaxis_nonaxis,complete,0.3428819444444444,0.30824218750000004,0.3786545138888888,192
d2_5_a,d2_5,a,common_grid,missing_peak_ratio,mixed,complete,0.3732638888888889,0.34787217881944443,0.4056879340277778,384
d2_5_a,d2_5,a,common_grid,missing_peak_ratio,axis_axis,complete,0.49947916666666664,0.42785807291666667,0.5755403645833332,64
d2_5_b,d2_5,b,native,mse,nonaxis_nonaxis,complete,0.6942708333333333,0.674997829861111,0.7120724826388888,192
d2_5_b,d2_5,b,native,mse,mixed,complete,0.90625,0.8272450086805556,0.9677690972222222,384
d2_5_b,d2_5,b,native,mse,axis_axis,complete,0.5,0.5,0.5,64
d2_5_b,d2_5,b,native,rmse,nonaxis_nonaxis,complete,0.6936631944444446,0.6736111111111112,0.7119791666666667,192
d2_5_b,d2_5,b,native,rmse,mixed,complete,0.90625,0.8272450086805556,0.9677690972222222,384
d2_5_b,d2_5,b,native,rmse,axis_axis,complete,0.5,0.5,0.5,64
d2_5_b,d2_5,b,native,mae,nonaxis_nonaxis,complete,0.6927083333333334,0.6730902777777777,0.7106792534722224,192
d2_5_b,d2_5,b,native,mae,mixed,complete,0.90625,0.8272450086805556,0.9677690972222222,384
d2_5_b,d2_5,b,native,mae,axis_axis,complete,0.5,0.5,0.5,64
d2_5_b,d2_5,b,native,sam,nonaxis_nonaxis,complete,0.6894097222222222,0.6684852430555557,0.7086805555555556,192
d2_5_b,d2_5,b,native,sam,mixed,complete,0.90625,0.8272450086805556,0.9677690972222222,384
d2_5_b,d2_5,b,native,sam,axis_axis,complete,0.5,0.5,0.5,64
d2_5_b,d2_5,b,native,pearson_r,nonaxis_nonaxis,complete,0.6881944444444446,0.66875,0.7063389756944445,192
d2_5_b,d2_5,b,native,pearson_r,mixed,complete,0.90625,0.8272450086805556,0.9677690972222222,384
d2_5_b,d2_5,b,native,pearson_r,axis_axis,complete,0.5,0.5,0.5,64
d2_5_b,d2_5,b,native,nmse,nonaxis_nonaxis,complete,0.6893229166666667,0.6691840277777776,0.7078146701388889,192
d2_5_b,d2_5,b,native,nmse,mixed,complete,0.90625,0.8272450086805556,0.9677690972222222,384
d2_5_b,d2_5,b,native,nmse,axis_axis,complete,0.5,0.5,0.5,64
d2_5_b,d2_5,b,native,wasserstein_1_cm1,nonaxis_nonaxis,complete,0.5732638888888889,0.5433094618055555,0.6038216145833335,192
d2_5_b,d2_5,b,native,wasserstein_1_cm1,mixed,complete,0.8789930555555554,0.8088888888888888,0.9355110677083333,384
d2_5_b,d2_5,b,native,wasserstein_1_cm1,axis_axis,complete,0.37265625,0.3411458333333333,0.4078125,64
d2_5_b,d2_5,b,native,is_like_structure_to_noise,nonaxis_nonaxis,complete,0.396875,0.3637152777777778,0.42926215277777785,192
d2_5_b,d2_5,b,native,is_like_structure_to_noise,mixed,complete,0.34036458333333336,0.3230457899305556,0.35889865451388886,384
d2_5_b,d2_5,b,native,is_like_structure_to_noise,axis_axis,complete,0.5,0.5,0.5,64
d2_5_b,d2_5,b,native,precision,nonaxis_nonaxis,complete,0.5661458333333332,0.5263867187499999,0.6037391493055556,192
d2_5_b,d2_5,b,native,precision,mixed,complete,0.7539930555555554,0.7055967881944444,0.793537326388889,384
d2_5_b,d2_5,b,native,precision,axis_axis,complete,0.45364583333333336,0.43671875,0.4705729166666667,64
d2_5_b,d2_5,b,native,recall,nonaxis_nonaxis,complete,0.5753472222222222,0.5354144965277777,0.6112868923611111,192
d2_5_b,d2_5,b,native,recall,mixed,complete,0.7572916666666668,0.7073763020833332,0.7972656249999999,384
d2_5_b,d2_5,b,native,recall,axis_axis,complete,0.45364583333333336,0.43671875,0.4705729166666667,64
d2_5_b,d2_5,b,native,f1,nonaxis_nonaxis,complete,0.5732638888888889,0.5331553819444445,0.6102452256944444,192
d2_5_b,d2_5,b,native,f1,mixed,complete,0.7576388888888891,0.7085047743055556,0.7974392361111111,384
d2_5_b,d2_5,b,native,f1,axis_axis,complete,0.45364583333333336,0.43671875,0.4705729166666667,64
d2_5_b,d2_5,b,native,artifact_peak_ratio,nonaxis_nonaxis,complete,0.5661458333333332,0.5263867187499999,0.6037391493055556,192
d2_5_b,d2_5,b,native,artifact_peak_ratio,mixed,complete,0.7539930555555554,0.7055967881944444,0.793537326388889,384
d2_5_b,d2_5,b,native,artifact_peak_ratio,axis_axis,complete,0.45364583333333336,0.43671875,0.4705729166666667,64
d2_5_b,d2_5,b,native,missing_peak_ratio,nonaxis_nonaxis,complete,0.5753472222222222,0.5354144965277777,0.6112868923611111,192
d2_5_b,d2_5,b,native,missing_peak_ratio,mixed,complete,0.7572916666666668,0.7073763020833332,0.7972656249999999,384
d2_5_b,d2_5,b,native,missing_peak_ratio,axis_axis,complete,0.45364583333333336,0.43671875,0.4705729166666667,64
d2_5_b,d2_5,b,common_grid,mse,nonaxis_nonaxis,complete,0.7012152777777778,0.68046875,0.72005859375,192
d2_5_b,d2_5,b,common_grid,mse,mixed,complete,0.7453125,0.7084190538194445,0.7763075086805554,384
d2_5_b,d2_5,b,common_grid,mse,axis_axis,complete,0.33046875,0.28802083333333334,0.3797005208333333,64
d2_5_b,d2_5,b,common_grid,rmse,nonaxis_nonaxis,complete,0.7036458333333335,0.6837651909722222,0.7224826388888886,192
d2_5_b,d2_5,b,common_grid,rmse,mixed,complete,0.7456597222222221,0.7087239583333335,0.7766948784722224,384
d2_5_b,d2_5,b,common_grid,rmse,axis_axis,complete,0.33046875,0.28802083333333334,0.3797005208333333,64
d2_5_b,d2_5,b,common_grid,mae,nonaxis_nonaxis,complete,0.6904513888888888,0.6706575520833332,0.7083355034722223,192
d2_5_b,d2_5,b,common_grid,mae,mixed,complete,0.7553819444444445,0.7147960069444446,0.789150390625,384
d2_5_b,d2_5,b,common_grid,mae,axis_axis,complete,0.31171875,0.2632682291666667,0.3684960937499999,64
d2_5_b,d2_5,b,common_grid,sam,nonaxis_nonaxis,complete,0.7036458333333334,0.6828949652777776,0.7230924479166668,192
d2_5_b,d2_5,b,common_grid,sam,mixed,complete,0.7387152777777778,0.7022070312500002,0.7693185763888889,384
d2_5_b,d2_5,b,common_grid,sam,axis_axis,complete,0.33098958333333334,0.28802083333333334,0.38074218749999994,64
d2_5_b,d2_5,b,common_grid,pearson_r,nonaxis_nonaxis,complete,0.6855902777777778,0.6645811631944444,0.7059917534722224,192
d2_5_b,d2_5,b,common_grid,pearson_r,mixed,complete,0.6830729166666667,0.6516493055555557,0.7128049045138888,384
d2_5_b,d2_5,b,common_grid,pearson_r,axis_axis,complete,0.3299479166666667,0.28723307291666667,0.3796940104166666,64
d2_5_b,d2_5,b,common_grid,nmse,nonaxis_nonaxis,complete,0.7022569444444445,0.6823763020833333,0.720920138888889,192
d2_5_b,d2_5,b,common_grid,nmse,mixed,complete,0.7434895833333334,0.7064605034722221,0.7748274739583333,384
d2_5_b,d2_5,b,common_grid,nmse,axis_axis,complete,0.33151041666666664,0.28880208333333335,0.3807356770833333,64
d2_5_b,d2_5,b,common_grid,wasserstein_1_cm1,nonaxis_nonaxis,complete,0.5734375000000002,0.5434895833333333,0.6036480034722222,192
d2_5_b,d2_5,b,common_grid,wasserstein_1_cm1,mixed,complete,0.9031250000000001,0.8253830295138889,0.9642480468749999,384
d2_5_b,d2_5,b,common_grid,wasserstein_1_cm1,axis_axis,complete,0.35546875,0.31796875,0.3981901041666666,64
d2_5_b,d2_5,b,common_grid,is_like_structure_to_noise,nonaxis_nonaxis,complete,0.39184027777777775,0.3591102430555555,0.4242230902777777,192
d2_5_b,d2_5,b,common_grid,is_like_structure_to_noise,mixed,complete,0.5628472222222223,0.5174479166666667,0.6041265190972221,384
d2_5_b,d2_5,b,common_grid,is_like_structure_to_noise,axis_axis,complete,0.6799479166666667,0.62734375,0.7302083333333333,64
d2_5_b,d2_5,b,common_grid,precision,nonaxis_nonaxis,complete,0.5677083333333333,0.528122829861111,0.6054752604166668,192
d2_5_b,d2_5,b,common_grid,precision,mixed,complete,0.3443576388888889,0.3214409722222223,0.3737413194444444,384
d2_5_b,d2_5,b,common_grid,precision,axis_axis,complete,0.27317708333333335,0.21978515625,0.3370052083333332,64
d2_5_b,d2_5,b,common_grid,recall,nonaxis_nonaxis,complete,0.5756944444444445,0.536540798611111,0.6114626736111111,192
d2_5_b,d2_5,b,common_grid,recall,mixed,complete,0.36093749999999997,0.3397135416666668,0.3868511284722222,384
d2_5_b,d2_5,b,common_grid,recall,axis_axis,complete,0.27369791666666665,0.2223828125,0.3359440104166666,64
d2_5_b,d2_5,b,common_grid,f1,nonaxis_nonaxis,complete,0.5730902777777778,0.5328125,0.61015625,192
d2_5_b,d2_5,b,common_grid,f1,mixed,complete,0.3514756944444445,0.3297254774305555,0.37899631076388884,384
d2_5_b,d2_5,b,common_grid,f1,axis_axis,complete,0.27369791666666665,0.22134114583333334,0.3372395833333333,64
d2_5_b,d2_5,b,common_grid,artifact_peak_ratio,nonaxis_nonaxis,complete,0.5677083333333333,0.528122829861111,0.6054752604166668,192
d2_5_b,d2_5,b,common_grid,artifact_peak_ratio,mixed,complete,0.3443576388888889,0.3214409722222223,0.3737413194444444,384
d2_5_b,d2_5,b,common_grid,artifact_peak_ratio,axis_axis,complete,0.27317708333333335,0.21978515625,0.3370052083333332,64
d2_5_b,d2_5,b,common_grid,missing_peak_ratio,nonaxis_nonaxis,complete,0.5756944444444445,0.536540798611111,0.6114626736111111,192
d2_5_b,d2_5,b,common_grid,missing_peak_ratio,mixed,complete,0.36093749999999997,0.3397135416666668,0.3868511284722222,384
d2_5_b,d2_5,b,common_grid,missing_peak_ratio,axis_axis,complete,0.27369791666666665,0.2223828125,0.3359440104166666,64
d2_10_a,d2_10,a,native,mse,nonaxis_nonaxis,complete,0.714670138888889,0.68931640625,0.7388888888888887,192
d2_10_a,d2_10,a,native,mse,mixed,complete,0.8649305555555556,0.7990006510416666,0.9168891059027775,384
d2_10_a,d2_10,a,native,mse,axis_axis,complete,0.5,0.5,0.5,64
d2_10_a,d2_10,a,native,rmse,nonaxis_nonaxis,complete,0.7184027777777776,0.6918381076388889,0.7434960937499999,192
d2_10_a,d2_10,a,native,rmse,mixed,complete,0.8649305555555556,0.7990006510416666,0.9168891059027775,384
d2_10_a,d2_10,a,native,rmse,axis_axis,complete,0.5,0.5,0.5,64
d2_10_a,d2_10,a,native,mae,nonaxis_nonaxis,complete,0.7546006944444444,0.7307269965277777,0.7730924479166665,192
d2_10_a,d2_10,a,native,mae,mixed,complete,0.8649305555555556,0.7990006510416666,0.9168891059027775,384
d2_10_a,d2_10,a,native,mae,axis_axis,complete,0.5,0.5,0.5,64
d2_10_a,d2_10,a,native,sam,nonaxis_nonaxis,complete,0.709982638888889,0.6846332465277778,0.7329882812500002,192
d2_10_a,d2_10,a,native,sam,mixed,complete,0.8649305555555556,0.7990006510416666,0.9168891059027775,384
d2_10_a,d2_10,a,native,sam,axis_axis,complete,0.5,0.5,0.5,64
d2_10_a,d2_10,a,native,pearson_r,nonaxis_nonaxis,complete,0.7160590277777779,0.6950520833333333,0.7343771701388888,192
d2_10_a,d2_10,a,native,pearson_r,mixed,complete,0.8649305555555556,0.7990006510416666,0.9168891059027775,384
d2_10_a,d2_10,a,native,pearson_r,axis_axis,complete,0.5,0.5,0.5,64
d2_10_a,d2_10,a,native,nmse,nonaxis_nonaxis,complete,0.7085937499999999,0.6827256944444444,0.7329014756944444,192
d2_10_a,d2_10,a,native,nmse,mixed,complete,0.8649305555555556,0.7990006510416666,0.9168891059027775,384
d2_10_a,d2_10,a,native,nmse,axis_axis,complete,0.5,0.5,0.5,64
d2_10_a,d2_10,a,native,wasserstein_1_cm1,nonaxis_nonaxis,complete,0.8315104166666668,0.7808138020833333,0.8671006944444444,192
d2_10_a,d2_10,a,native,wasserstein_1_cm1,mixed,complete,0.8730902777777776,0.8146419270833334,0.9172319878472222,384
d2_10_a,d2_10,a,native,wasserstein_1_cm1,axis_axis,complete,0.5940104166666667,0.47001953125,0.71693359375,64
d2_10_a,d2_10,a,native,is_like_structure_to_noise,nonaxis_nonaxis,complete,0.1693576388888889,0.13932074652777776,0.21605902777777775,192
d2_10_a,d2_10,a,native,is_like_structure_to_noise,mixed,complete,0.3155381944444445,0.290576171875,0.3477875434027778,384
d2_10_a,d2_10,a,native,is_like_structure_to_noise,axis_axis,complete,0.5,0.5,0.5,64
d2_10_a,d2_10,a,native,precision,nonaxis_nonaxis,complete,0.30928819444444444,0.27404296875000006,0.3531250000000001,192
d2_10_a,d2_10,a,native,precision,mixed,complete,0.7615451388888889,0.7281239149305557,0.7881076388888888,384
d2_10_a,d2_10,a,native,precision,axis_axis,complete,0.5744791666666667,0.49375,0.6533854166666667,64
d2_10_a,d2_10,a,native,recall,nonaxis_nonaxis,complete,0.3261284722222222,0.29261935763888886,0.3658072916666666,192
d2_10_a,d2_10,a,native,recall,mixed,complete,0.7646701388888889,0.7314984809027776,0.7904969618055556,384
d2_10_a,d2_10,a,native,recall,axis_axis,complete,0.5744791666666667,0.49375,0.6533854166666667,64
d2_10_a,d2_10,a,native,f1,nonaxis_nonaxis,complete,0.3188368055555555,0.2857552083333334,0.35981336805555547,192
d2_10_a,d2_10,a,native,f1,mixed,complete,0.7643229166666665,0.7305501302083333,0.7904090711805555,384
d2_10_a,d2_10,a,native,f1,axis_axis,complete,0.5744791666666667,0.49375,0.6533854166666667,64
d2_10_a,d2_10,a,native,artifact_peak_ratio,nonaxis_nonaxis,complete,0.30928819444444444,0.27404296875000006,0.3531250000000001,192
d2_10_a,d2_10,a,native,artifact_peak_ratio,mixed,complete,0.7615451388888889,0.7281239149305557,0.7881076388888888,384
d2_10_a,d2_10,a,native,artifact_peak_ratio,axis_axis,complete,0.5744791666666667,0.49375,0.6533854166666667,64
d2_10_a,d2_10,a,native,missing_peak_ratio,nonaxis_nonaxis,complete,0.3261284722222222,0.29261935763888886,0.3658072916666666,192
d2_10_a,d2_10,a,native,missing_peak_ratio,mixed,complete,0.7646701388888889,0.7314984809027776,0.7904969618055556,384
d2_10_a,d2_10,a,native,missing_peak_ratio,axis_axis,complete,0.5744791666666667,0.49375,0.6533854166666667,64
d2_10_a,d2_10,a,common_grid,mse,nonaxis_nonaxis,complete,0.6861979166666667,0.6651019965277776,0.703298611111111,192
d2_10_a,d2_10,a,common_grid,mse,mixed,complete,0.8028645833333334,0.7713943142361109,0.8292111545138888,384
d2_10_a,d2_10,a,common_grid,mse,axis_axis,complete,0.5861979166666667,0.45624348958333333,0.7185156249999999,64
d2_10_a,d2_10,a,common_grid,rmse,nonaxis_nonaxis,complete,0.6903645833333335,0.6692686631944444,0.7086805555555556,192
d2_10_a,d2_10,a,common_grid,rmse,mixed,complete,0.8032986111111112,0.7720865885416666,0.8297330729166668,384
d2_10_a,d2_10,a,common_grid,rmse,axis_axis,complete,0.5861979166666667,0.45624348958333333,0.7185156249999999,64
d2_10_a,d2_10,a,common_grid,mae,nonaxis_nonaxis,complete,0.7504340277777779,0.7276866319444445,0.7686631944444445,192
d2_10_a,d2_10,a,common_grid,mae,mixed,complete,0.8100694444444445,0.7768652343750002,0.8367632378472223,384
d2_10_a,d2_10,a,common_grid,mae,axis_axis,complete,0.5716145833333334,0.44738932291666667,0.6987044270833334,64
d2_10_a,d2_10,a,common_grid,sam,nonaxis_nonaxis,complete,0.6938368055555557,0.6723068576388889,0.7118923611111112,192
d2_10_a,d2_10,a,common_grid,sam,mixed,complete,0.7973958333333333,0.7669694010416668,0.8234819878472222,384
d2_10_a,d2_10,a,common_grid,sam,axis_axis,complete,0.58671875,0.45650390625,0.7190364583333332,64
d2_10_a,d2_10,a,common_grid,pearson_r,nonaxis_nonaxis,complete,0.7080729166666667,0.68810546875,0.72517578125,192
d2_10_a,d2_10,a,common_grid,pearson_r,mixed,complete,0.75390625,0.7246462673611112,0.7843370225694444,384
d2_10_a,d2_10,a,common_grid,pearson_r,axis_axis,complete,0.5856770833333333,0.45623046875,0.7185026041666666,64
d2_10_a,d2_10,a,common_grid,nmse,nonaxis_nonaxis,complete,0.6875868055555558,0.6666623263888889,0.7050368923611112,192
d2_10_a,d2_10,a,common_grid,nmse,mixed,complete,0.8011284722222224,0.7700911458333334,0.8273025173611112,384
d2_10_a,d2_10,a,common_grid,nmse,axis_axis,complete,0.5861979166666667,0.45572265625,0.7195507812499998,64
d2_10_a,d2_10,a,common_grid,wasserstein_1_cm1,nonaxis_nonaxis,complete,0.8316840277777777,0.7812391493055556,0.8671050347222222,192
d2_10_a,d2_10,a,common_grid,wasserstein_1_cm1,mixed,complete,0.8658854166666666,0.8007671440972222,0.9167567274305557,384
d2_10_a,d2_10,a,common_grid,wasserstein_1_cm1,axis_axis,complete,0.59453125,0.4656119791666667,0.725,64
d2_10_a,d2_10,a,common_grid,is_like_structure_to_noise,nonaxis_nonaxis,complete,0.16883680555555552,0.1396701388888889,0.2148502604166666,192
d2_10_a,d2_10,a,common_grid,is_like_structure_to_noise,mixed,complete,0.5130208333333333,0.46978841145833333,0.5512185329861111,384
d2_10_a,d2_10,a,common_grid,is_like_structure_to_noise,axis_axis,complete,0.5065104166666666,0.46952473958333335,0.5440104166666667,64
d2_10_a,d2_10,a,common_grid,precision,nonaxis_nonaxis,complete,0.31085069444444446,0.27534722222222224,0.35478081597222216,192
d2_10_a,d2_10,a,common_grid,precision,mixed,complete,0.36623263888888885,0.3360655381944444,0.4050390625,384
d2_10_a,d2_10,a,common_grid,precision,axis_axis,complete,0.5158854166666667,0.44139973958333334,0.5888020833333333,64
d2_10_a,d2_10,a,common_grid,recall,nonaxis_nonaxis,complete,0.32612847222222213,0.29279296875000005,0.3660611979166667,192
d2_10_a,d2_10,a,common_grid,recall,mixed,complete,0.37239583333333326,0.3443988715277778,0.4078700086805554,384
d2_10_a,d2_10,a,common_grid,recall,axis_axis,complete,0.5143229166666666,0.4437434895833333,0.58412109375,64
d2_10_a,d2_10,a,common_grid,f1,nonaxis_nonaxis,complete,0.3197048611111111,0.28610677083333336,0.36068359375,192
d2_10_a,d2_10,a,common_grid,f1,mixed,complete,0.3684895833333334,0.33984049479166667,0.4066482204861111,384
d2_10_a,d2_10,a,common_grid,f1,axis_axis,complete,0.5153645833333333,0.44296223958333336,0.5859440104166667,64
d2_10_a,d2_10,a,common_grid,artifact_peak_ratio,nonaxis_nonaxis,complete,0.31085069444444446,0.27534722222222224,0.35478081597222216,192
d2_10_a,d2_10,a,common_grid,artifact_peak_ratio,mixed,complete,0.36623263888888885,0.3360655381944444,0.4050390625,384
d2_10_a,d2_10,a,common_grid,artifact_peak_ratio,axis_axis,complete,0.5158854166666667,0.44139973958333334,0.5888020833333333,64
d2_10_a,d2_10,a,common_grid,missing_peak_ratio,nonaxis_nonaxis,complete,0.32612847222222213,0.29279296875000005,0.3660611979166667,192
d2_10_a,d2_10,a,common_grid,missing_peak_ratio,mixed,complete,0.37239583333333326,0.3443988715277778,0.4078700086805554,384
d2_10_a,d2_10,a,common_grid,missing_peak_ratio,axis_axis,complete,0.5143229166666666,0.4437434895833333,0.58412109375,64
d2_10_b,d2_10,b,native,mse,nonaxis_nonaxis,complete,0.6487847222222223,0.6342013888888889,0.6643229166666667,192
d2_10_b,d2_10,b,native,mse,mixed,complete,0.9085503472222223,0.8432682291666667,0.9660601128472223,384
d2_10_b,d2_10,b,native,mse,axis_axis,complete,0.5,0.5,0.5,64
d2_10_b,d2_10,b,native,rmse,nonaxis_nonaxis,complete,0.6483506944444445,0.6340256076388888,0.6638020833333335,192
d2_10_b,d2_10,b,native,rmse,mixed,complete,0.9085503472222223,0.8432682291666667,0.9660601128472223,384
d2_10_b,d2_10,b,native,rmse,axis_axis,complete,0.5,0.5,0.5,64
d2_10_b,d2_10,b,native,mae,nonaxis_nonaxis,complete,0.6444444444444445,0.6276909722222223,0.6612890625,192
d2_10_b,d2_10,b,native,mae,mixed,complete,0.9085503472222223,0.8432682291666667,0.9660601128472223,384
d2_10_b,d2_10,b,native,mae,axis_axis,complete,0.5,0.5,0.5,64
d2_10_b,d2_10,b,native,sam,nonaxis_nonaxis,complete,0.6440972222222222,0.6263888888888888,0.6627625868055556,192
d2_10_b,d2_10,b,native,sam,mixed,complete,0.9085503472222223,0.8432682291666667,0.9660601128472223,384
d2_10_b,d2_10,b,native,sam,axis_axis,complete,0.5,0.5,0.5,64
d2_10_b,d2_10,b,native,pearson_r,nonaxis_nonaxis,complete,0.6383680555555554,0.6203971354166667,0.6577278645833333,192
d2_10_b,d2_10,b,native,pearson_r,mixed,complete,0.9085503472222223,0.8432682291666667,0.9660601128472223,384
d2_10_b,d2_10,b,native,pearson_r,axis_axis,complete,0.5,0.5,0.5,64
d2_10_b,d2_10,b,native,nmse,nonaxis_nonaxis,complete,0.6454861111111113,0.6312500000000001,0.6605946180555556,192
d2_10_b,d2_10,b,native,nmse,mixed,complete,0.9085503472222223,0.8432682291666667,0.9660601128472223,384
d2_10_b,d2_10,b,native,nmse,axis_axis,complete,0.5,0.5,0.5,64
d2_10_b,d2_10,b,native,wasserstein_1_cm1,nonaxis_nonaxis,complete,0.531423611111111,0.5080685763888889,0.55642578125,192
d2_10_b,d2_10,b,native,wasserstein_1_cm1,mixed,complete,0.8838975694444443,0.8243760850694443,0.9355479600694443,384
d2_10_b,d2_10,b,native,wasserstein_1_cm1,axis_axis,complete,0.35208333333333336,0.31953125,0.38958984374999994,64
d2_10_b,d2_10,b,native,is_like_structure_to_noise,nonaxis_nonaxis,complete,0.43750000000000006,0.41232638888888895,0.45989583333333334,192
d2_10_b,d2_10,b,native,is_like_structure_to_noise,mixed,complete,0.3395399305555556,0.3163585069444444,0.36467122395833335,384
d2_10_b,d2_10,b,native,is_like_structure_to_noise,axis_axis,complete,0.5,0.5,0.5,64
d2_10_b,d2_10,b,native,precision,nonaxis_nonaxis,complete,0.5982638888888889,0.5681401909722222,0.6252625868055556,192
d2_10_b,d2_10,b,native,precision,mixed,complete,0.7550781249999997,0.7161783854166667,0.7905837673611111,384
d2_10_b,d2_10,b,native,precision,axis_axis,complete,0.44635416666666666,0.42239583333333336,0.4711002604166666,64
d2_10_b,d2_10,b,native,recall,nonaxis_nonaxis,complete,0.5885416666666666,0.5614539930555558,0.6130208333333332,192
d2_10_b,d2_10,b,native,recall,mixed,complete,0.7576822916666666,0.7176204427083333,0.7941438802083333,384
d2_10_b,d2_10,b,native,recall,axis_axis,complete,0.44635416666666666,0.42239583333333336,0.4711002604166666,64
d2_10_b,d2_10,b,native,f1,nonaxis_nonaxis,complete,0.5947916666666667,0.5663129340277778,0.6210091145833333,192
d2_10_b,d2_10,b,native,f1,mixed,complete,0.758029513888889,0.7184418402777777,0.7940538194444445,384
d2_10_b,d2_10,b,native,f1,axis_axis,complete,0.44635416666666666,0.42239583333333336,0.4711002604166666,64
d2_10_b,d2_10,b,native,artifact_peak_ratio,nonaxis_nonaxis,complete,0.5982638888888889,0.5681401909722222,0.6252625868055556,192
d2_10_b,d2_10,b,native,artifact_peak_ratio,mixed,complete,0.7550781249999997,0.7161783854166667,0.7905837673611111,384
d2_10_b,d2_10,b,native,artifact_peak_ratio,axis_axis,complete,0.44635416666666666,0.42239583333333336,0.4711002604166666,64
d2_10_b,d2_10,b,native,missing_peak_ratio,nonaxis_nonaxis,complete,0.5885416666666666,0.5614539930555558,0.6130208333333332,192
d2_10_b,d2_10,b,native,missing_peak_ratio,mixed,complete,0.7576822916666666,0.7176204427083333,0.7941438802083333,384
d2_10_b,d2_10,b,native,missing_peak_ratio,axis_axis,complete,0.44635416666666666,0.42239583333333336,0.4711002604166666,64
d2_10_b,d2_10,b,common_grid,mse,nonaxis_nonaxis,complete,0.659375,0.6457465277777777,0.673611111111111,192
d2_10_b,d2_10,b,common_grid,mse,mixed,complete,0.7441406250000001,0.7097211371527776,0.7734418402777777,384
d2_10_b,d2_10,b,common_grid,mse,axis_axis,complete,0.3098958333333333,0.27108723958333336,0.3541731770833333,64
d2_10_b,d2_10,b,common_grid,rmse,nonaxis_nonaxis,complete,0.6628472222222221,0.6489561631944443,0.6772569444444444,192
d2_10_b,d2_10,b,common_grid,rmse,mixed,complete,0.7444010416666668,0.7098057725694447,0.7740451388888889,384
d2_10_b,d2_10,b,common_grid,rmse,axis_axis,complete,0.3098958333333333,0.27108723958333336,0.3541731770833333,64
d2_10_b,d2_10,b,common_grid,mae,nonaxis_nonaxis,complete,0.640625,0.624826388888889,0.6566840277777778,192
d2_10_b,d2_10,b,common_grid,mae,mixed,complete,0.7547309027777779,0.7184852430555556,0.7860297309027777,384
d2_10_b,d2_10,b,common_grid,mae,axis_axis,complete,0.2859375,0.24556640625,0.33229166666666665,64
d2_10_b,d2_10,b,common_grid,sam,nonaxis_nonaxis,complete,0.6625,0.6485221354166666,0.6768250868055558,192
d2_10_b,d2_10,b,common_grid,sam,mixed,complete,0.738498263888889,0.7046006944444445,0.7677560763888888,384
d2_10_b,d2_10,b,common_grid,sam,axis_axis,complete,0.3104166666666667,0.27109375,0.35521484374999995,64
d2_10_b,d2_10,b,common_grid,pearson_r,nonaxis_nonaxis,complete,0.6402777777777778,0.6223046875,0.6589431423611113,192
d2_10_b,d2_10,b,common_grid,pearson_r,mixed,complete,0.6840711805555556,0.6546875000000001,0.71263671875,384
d2_10_b,d2_10,b,common_grid,pearson_r,axis_axis,complete,0.309375,0.27005208333333336,0.35418619791666656,64
d2_10_b,d2_10,b,common_grid,nmse,nonaxis_nonaxis,complete,0.6607638888888889,0.6468728298611109,0.6749131944444444,192
d2_10_b,d2_10,b,common_grid,nmse,mixed,complete,0.7427517361111111,0.7084190538194444,0.7725271267361111,384
d2_10_b,d2_10,b,common_grid,nmse,axis_axis,complete,0.3109375,0.271875,0.35572916666666665,64
d2_10_b,d2_10,b,common_grid,wasserstein_1_cm1,nonaxis_nonaxis,complete,0.5317708333333333,0.5083268229166668,0.556603732638889,192
d2_10_b,d2_10,b,common_grid,wasserstein_1_cm1,mixed,complete,0.9061197916666667,0.8410980902777777,0.9628917100694444,384
d2_10_b,d2_10,b,common_grid,wasserstein_1_cm1,axis_axis,complete,0.3390625,0.30285807291666667,0.3804752604166666,64
d2_10_b,d2_10,b,common_grid,is_like_structure_to_noise,nonaxis_nonaxis,complete,0.4324652777777778,0.40815755208333326,0.45477864583333333,192
d2_10_b,d2_10,b,common_grid,is_like_structure_to_noise,mixed,complete,0.5682725694444444,0.5355403645833334,0.5977897135416667,384
d2_10_b,d2_10,b,common_grid,is_like_structure_to_noise,axis_axis,complete,0.6828125,0.6427018229166667,0.7226627604166667,64
d2_10_b,d2_10,b,common_grid,precision,nonaxis_nonaxis,complete,0.5973958333333333,0.5681380208333334,0.62439453125,192
d2_10_b,d2_10,b,common_grid,precision,mixed,complete,0.3451822916666666,0.31614474826388894,0.37839084201388884,384
d2_10_b,d2_10,b,common_grid,precision,axis_axis,complete,0.2671875,0.23020833333333332,0.3083463541666666,64
d2_10_b,d2_10,b,common_grid,recall,nonaxis_nonaxis,complete,0.5899305555555555,0.5624978298611112,0.6149327256944446,192
d2_10_b,d2_10,b,common_grid,recall,mixed,complete,0.36063368055555556,0.3340277777777778,0.3899761284722222,384
d2_10_b,d2_10,b,common_grid,recall,axis_axis,complete,0.271875,0.23514973958333335,0.31171875,64
d2_10_b,d2_10,b,common_grid,f1,nonaxis_nonaxis,complete,0.5958333333333333,0.566579861111111,0.6225716145833334,192
d2_10_b,d2_10,b,common_grid,f1,mixed,complete,0.35264756944444453,0.3247374131944445,0.38459201388888886,384
d2_10_b,d2_10,b,common_grid,f1,axis_axis,complete,0.2708333333333333,0.23384114583333335,0.31146484374999994,64
d2_10_b,d2_10,b,common_grid,artifact_peak_ratio,nonaxis_nonaxis,complete,0.5973958333333333,0.5681380208333334,0.62439453125,192
d2_10_b,d2_10,b,common_grid,artifact_peak_ratio,mixed,complete,0.3451822916666666,0.31614474826388894,0.37839084201388884,384
d2_10_b,d2_10,b,common_grid,artifact_peak_ratio,axis_axis,complete,0.2671875,0.23020833333333332,0.3083463541666666,64
d2_10_b,d2_10,b,common_grid,missing_peak_ratio,nonaxis_nonaxis,complete,0.5899305555555555,0.5624978298611112,0.6149327256944446,192
d2_10_b,d2_10,b,common_grid,missing_peak_ratio,mixed,complete,0.36063368055555556,0.3340277777777778,0.3899761284722222,384
d2_10_b,d2_10,b,common_grid,missing_peak_ratio,axis_axis,complete,0.271875,0.23514973958333335,0.31171875,64
d2_20_a,d2_20,a,native,mse,nonaxis_nonaxis,complete,0.6990451388888889,0.6711805555555556,0.7251736111111111,192
d2_20_a,d2_20,a,native,mse,mixed,complete,0.8447916666666665,0.7761252170138889,0.9027788628472222,384
d2_20_a,d2_20,a,native,mse,axis_axis,complete,0.5,0.5,0.5,64
d2_20_a,d2_20,a,native,rmse,nonaxis_nonaxis,complete,0.7019965277777777,0.6723958333333333,0.7284722222222222,192
d2_20_a,d2_20,a,native,rmse,mixed,complete,0.8447916666666665,0.7761252170138889,0.9027788628472222,384
d2_20_a,d2_20,a,native,rmse,axis_axis,complete,0.5,0.5,0.5,64
d2_20_a,d2_20,a,native,mae,nonaxis_nonaxis,complete,0.7386284722222223,0.7107552083333334,0.7594661458333334,192
d2_20_a,d2_20,a,native,mae,mixed,complete,0.8447916666666665,0.7761252170138889,0.9027788628472222,384
d2_20_a,d2_20,a,native,mae,axis_axis,complete,0.5,0.5,0.5,64
d2_20_a,d2_20,a,native,sam,nonaxis_nonaxis,complete,0.693142361111111,0.6655381944444444,0.7197916666666667,192
d2_20_a,d2_20,a,native,sam,mixed,complete,0.8447916666666665,0.7761252170138889,0.9027788628472222,384
d2_20_a,d2_20,a,native,sam,axis_axis,complete,0.5,0.5,0.5,64
d2_20_a,d2_20,a,native,pearson_r,nonaxis_nonaxis,complete,0.6995659722222223,0.676213107638889,0.7215342881944445,192
d2_20_a,d2_20,a,native,pearson_r,mixed,complete,0.8447916666666665,0.7761252170138889,0.9027788628472222,384
d2_20_a,d2_20,a,native,pearson_r,axis_axis,complete,0.5,0.5,0.5,64
d2_20_a,d2_20,a,native,nmse,nonaxis_nonaxis,complete,0.6916666666666665,0.6641471354166667,0.7190104166666667,192
d2_20_a,d2_20,a,native,nmse,mixed,complete,0.8447916666666665,0.7761252170138889,0.9027788628472222,384
d2_20_a,d2_20,a,native,nmse,axis_axis,complete,0.5,0.5,0.5,64
d2_20_a,d2_20,a,native,wasserstein_1_cm1,nonaxis_nonaxis,complete,0.8297743055555559,0.7696158854166667,0.8704058159722222,192
d2_20_a,d2_20,a,native,wasserstein_1_cm1,mixed,complete,0.8585937500000002,0.7952105034722219,0.9076866319444444,384
d2_20_a,d2_20,a,native,wasserstein_1_cm1,axis_axis,complete,0.65703125,0.5161458333333333,0.7786458333333334,64
d2_20_a,d2_20,a,native,is_like_structure_to_noise,nonaxis_nonaxis,complete,0.18029513888888887,0.14895833333333333,0.23264105902777774,192
d2_20_a,d2_20,a,native,is_like_structure_to_noise,mixed,complete,0.3120659722222222,0.28333224826388886,0.35138997395833327,384
d2_20_a,d2_20,a,native,is_like_structure_to_noise,axis_axis,complete,0.5,0.5,0.5,64
d2_20_a,d2_20,a,native,precision,nonaxis_nonaxis,complete,0.30824652777777783,0.26839626736111105,0.36112847222222205,192
d2_20_a,d2_20,a,native,precision,mixed,complete,0.7558159722222223,0.7178786892361111,0.7852007378472221,384
d2_20_a,d2_20,a,native,precision,axis_axis,complete,0.59609375,0.51119140625,0.67109375,64
d2_20_a,d2_20,a,native,recall,nonaxis_nonaxis,complete,0.3254340277777778,0.2863715277777778,0.3761284722222223,192
d2_20_a,d2_20,a,native,recall,mixed,complete,0.7585937500000001,0.7211328125000003,0.787502170138889,384
d2_20_a,d2_20,a,native,recall,axis_axis,complete,0.59609375,0.51119140625,0.67109375,64
d2_20_a,d2_20,a,native,f1,nonaxis_nonaxis,complete,0.31779513888888883,0.27959418402777775,0.3693576388888889,192
d2_20_a,d2_20,a,native,f1,mixed,complete,0.75859375,0.720654296875,0.787673611111111,384
d2_20_a,d2_20,a,native,f1,axis_axis,complete,0.59609375,0.51119140625,0.67109375,64
d2_20_a,d2_20,a,native,artifact_peak_ratio,nonaxis_nonaxis,complete,0.30824652777777783,0.26839626736111105,0.36112847222222205,192
d2_20_a,d2_20,a,native,artifact_peak_ratio,mixed,complete,0.7558159722222223,0.7178786892361111,0.7852007378472221,384
d2_20_a,d2_20,a,native,artifact_peak_ratio,axis_axis,complete,0.59609375,0.51119140625,0.67109375,64
d2_20_a,d2_20,a,native,missing_peak_ratio,nonaxis_nonaxis,complete,0.3254340277777778,0.2863715277777778,0.3761284722222223,192
d2_20_a,d2_20,a,native,missing_peak_ratio,mixed,complete,0.7585937500000001,0.7211328125000003,0.787502170138889,384
d2_20_a,d2_20,a,native,missing_peak_ratio,axis_axis,complete,0.59609375,0.51119140625,0.67109375,64
d2_20_a,d2_20,a,common_grid,mse,nonaxis_nonaxis,complete,0.6705729166666667,0.6488715277777778,0.6916688368055556,192
d2_20_a,d2_20,a,common_grid,mse,mixed,complete,0.8006944444444443,0.7641796874999999,0.8287337239583333,384
d2_20_a,d2_20,a,common_grid,mse,axis_axis,complete,0.6518229166666667,0.5064973958333333,0.7791666666666667,64
d2_20_a,d2_20,a,common_grid,rmse,nonaxis_nonaxis,complete,0.6743923611111112,0.6526888020833332,0.6950520833333335,192
d2_20_a,d2_20,a,common_grid,rmse,mixed,complete,0.8011284722222223,0.7644444444444444,0.8292111545138888,384
d2_20_a,d2_20,a,common_grid,rmse,axis_axis,complete,0.6518229166666667,0.5064973958333333,0.7791666666666667,64
d2_20_a,d2_20,a,common_grid,mae,nonaxis_nonaxis,complete,0.7344618055555556,0.7062413194444445,0.7558181423611111,192
d2_20_a,d2_20,a,common_grid,mae,mixed,complete,0.8090277777777779,0.7711328125,0.837634548611111,384
d2_20_a,d2_20,a,common_grid,mae,axis_axis,complete,0.64140625,0.49998046875,0.7640690104166666,64
d2_20_a,d2_20,a,common_grid,sam,nonaxis_nonaxis,complete,0.6778645833333333,0.6557269965277777,0.6990451388888889,192
d2_20_a,d2_20,a,common_grid,sam,mixed,complete,0.7957465277777778,0.7597634548611111,0.8232248263888888,384
d2_20_a,d2_20,a,common_grid,sam,axis_axis,complete,0.6513020833333333,0.5059765625,0.7786458333333334,64
d2_20_a,d2_20,a,common_grid,pearson_r,nonaxis_nonaxis,complete,0.693142361111111,0.6722157118055555,0.7138042534722222,192
d2_20_a,d2_20,a,common_grid,pearson_r,mixed,complete,0.7555555555555556,0.7230013020833332,0.7851150173611112,384
d2_20_a,d2_20,a,common_grid,pearson_r,axis_axis,complete,0.6513020833333333,0.50546875,0.778125,64
d2_20_a,d2_20,a,common_grid,nmse,nonaxis_nonaxis,complete,0.6719618055555557,0.6502604166666667,0.6925390625000001,192
d2_20_a,d2_20,a,common_grid,nmse,mixed,complete,0.7989583333333333,0.7626725260416668,0.8270421006944445,384
d2_20_a,d2_20,a,common_grid,nmse,axis_axis,complete,0.6518229166666667,0.5044205729166666,0.7796940104166666,64
d2_20_a,d2_20,a,common_grid,wasserstein_1_cm1,nonaxis_nonaxis,complete,0.8302951388888891,0.7703125000000001,0.8708376736111111,192
d2_20_a,d2_20,a,common_grid,wasserstein_1_cm1,mixed,complete,0.8461805555555556,0.7784700520833333,0.9028331163194443,384
d2_20_a,d2_20,a,common_grid,wasserstein_1_cm1,axis_axis,complete,0.6549479166666666,0.5093489583333334,0.7822916666666667,64
d2_20_a,d2_20,a,common_grid,is_like_structure_to_noise,nonaxis_nonaxis,complete,0.18081597222222226,0.14973741319444445,0.23194878472222222,192
d2_20_a,d2_20,a,common_grid,is_like_structure_to_noise,mixed,complete,0.49973958333333335,0.4580533854166667,0.5396723090277777,384
d2_20_a,d2_20,a,common_grid,is_like_structure_to_noise,axis_axis,complete,0.48515625,0.44609375,0.52943359375,64
d2_20_a,d2_20,a,common_grid,precision,nonaxis_nonaxis,complete,0.30980902777777775,0.2698697916666667,0.36286458333333316,192
d2_20_a,d2_20,a,common_grid,precision,mixed,complete,0.37248263888888894,0.3444856770833333,0.4102506510416666,384
d2_20_a,d2_20,a,common_grid,precision,axis_axis,complete,0.55859375,0.47473307291666667,0.6317838541666665,64
d2_20_a,d2_20,a,common_grid,recall,nonaxis_nonaxis,complete,0.32543402777777775,0.2871506076388889,0.37561631944444435,192
d2_20_a,d2_20,a,common_grid,recall,mixed,complete,0.37552083333333336,0.35021375868055565,0.41080837673611115,384
d2_20_a,d2_20,a,common_grid,recall,axis_axis,complete,0.5565104166666667,0.47525390625,0.6286588541666666,64
d2_20_a,d2_20,a,common_grid,f1,nonaxis_nonaxis,complete,0.3186631944444444,0.28003038194444446,0.3702256944444445,192
d2_20_a,d2_20,a,common_grid,f1,mixed,complete,0.3732638888888889,0.34657009548611106,0.41024414062500003,384
d2_20_a,d2_20,a,common_grid,f1,axis_axis,complete,0.5575520833333333,0.4765494791666667,0.6299544270833334,64
d2_20_a,d2_20,a,common_grid,artifact_peak_ratio,nonaxis_nonaxis,complete,0.30980902777777775,0.2698697916666667,0.36286458333333316,192
d2_20_a,d2_20,a,common_grid,artifact_peak_ratio,mixed,complete,0.37248263888888894,0.3444856770833333,0.4102506510416666,384
d2_20_a,d2_20,a,common_grid,artifact_peak_ratio,axis_axis,complete,0.55859375,0.47473307291666667,0.6317838541666665,64
d2_20_a,d2_20,a,common_grid,missing_peak_ratio,nonaxis_nonaxis,complete,0.32543402777777775,0.2871506076388889,0.37561631944444435,192
d2_20_a,d2_20,a,common_grid,missing_peak_ratio,mixed,complete,0.37552083333333336,0.35021375868055565,0.41080837673611115,384
d2_20_a,d2_20,a,common_grid,missing_peak_ratio,axis_axis,complete,0.5565104166666667,0.47525390625,0.6286588541666666,64
d2_20_b,d2_20,b,native,mse,nonaxis_nonaxis,complete,0.6209201388888889,0.6014713541666666,0.6419270833333334,192
d2_20_b,d2_20,b,native,mse,mixed,complete,0.9074652777777777,0.8502115885416667,0.9586914062499998,384
d2_20_b,d2_20,b,native,mse,axis_axis,complete,0.5,0.5,0.5,64
d2_20_b,d2_20,b,native,rmse,nonaxis_nonaxis,complete,0.6197916666666665,0.6003450520833333,0.6412348090277779,192
d2_20_b,d2_20,b,native,rmse,mixed,complete,0.9074652777777777,0.8502115885416667,0.9586914062499998,384
d2_20_b,d2_20,b,native,rmse,axis_axis,complete,0.5,0.5,0.5,64
d2_20_b,d2_20,b,native,mae,nonaxis_nonaxis,complete,0.6110243055555556,0.5911458333333334,0.6319444444444444,192
d2_20_b,d2_20,b,native,mae,mixed,complete,0.9074652777777777,0.8502115885416667,0.9586914062499998,384
d2_20_b,d2_20,b,native,mae,axis_axis,complete,0.5,0.5,0.5,64
d2_20_b,d2_20,b,native,sam,nonaxis_nonaxis,complete,0.6138020833333334,0.5914930555555556,0.638634982638889,192
d2_20_b,d2_20,b,native,sam,mixed,complete,0.9074652777777777,0.8502115885416667,0.9586914062499998,384
d2_20_b,d2_20,b,native,sam,axis_axis,complete,0.5,0.5,0.5,64
d2_20_b,d2_20,b,native,pearson_r,nonaxis_nonaxis,complete,0.6084201388888889,0.5860199652777778,0.6339431423611112,192
d2_20_b,d2_20,b,native,pearson_r,mixed,complete,0.9074652777777777,0.8502115885416667,0.9586914062499998,384
d2_20_b,d2_20,b,native,pearson_r,axis_axis,complete,0.5,0.5,0.5,64
d2_20_b,d2_20,b,native,nmse,nonaxis_nonaxis,complete,0.6143229166666667,0.5939149305555554,0.6364583333333332,192
d2_20_b,d2_20,b,native,nmse,mixed,complete,0.9074652777777777,0.8502115885416667,0.9586914062499998,384
d2_20_b,d2_20,b,native,nmse,axis_axis,complete,0.5,0.5,0.5,64
d2_20_b,d2_20,b,native,wasserstein_1_cm1,nonaxis_nonaxis,complete,0.5207465277777777,0.4885394965277778,0.5553841145833334,192
d2_20_b,d2_20,b,native,wasserstein_1_cm1,mixed,complete,0.8862847222222222,0.8322005208333332,0.9358528645833333,384
d2_20_b,d2_20,b,native,wasserstein_1_cm1,axis_axis,complete,0.4114583333333333,0.37734375,0.4466210937499999,64
d2_20_b,d2_20,b,native,is_like_structure_to_noise,nonaxis_nonaxis,complete,0.4440104166666668,0.4072048611111112,0.4784809027777778,192
d2_20_b,d2_20,b,native,is_like_structure_to_noise,mixed,complete,0.3287326388888889,0.3114995659722222,0.347658420138889,384
d2_20_b,d2_20,b,native,is_like_structure_to_noise,axis_axis,complete,0.5,0.5,0.5,64
d2_20_b,d2_20,b,native,precision,nonaxis_nonaxis,complete,0.6063368055555555,0.5665733506944444,0.6421896701388888,192
d2_20_b,d2_20,b,native,precision,mixed,complete,0.7578125,0.7224782986111109,0.7894097222222222,384
d2_20_b,d2_20,b,native,precision,axis_axis,complete,0.46458333333333335,0.44479166666666664,0.4851627604166666,64
d2_20_b,d2_20,b,native,recall,nonaxis_nonaxis,complete,0.5952256944444445,0.5621506076388889,0.6276041666666665,192
d2_20_b,d2_20,b,native,recall,mixed,complete,0.7619791666666667,0.7267784288194444,0.7934906684027776,384
d2_20_b,d2_20,b,native,recall,axis_axis,complete,0.46458333333333335,0.44479166666666664,0.4851627604166666,64
d2_20_b,d2_20,b,native,f1,nonaxis_nonaxis,complete,0.6014756944444445,0.5644053819444446,0.6352452256944445,192
d2_20_b,d2_20,b,native,f1,mixed,complete,0.7621527777777779,0.7275564236111111,0.7933615451388889,384
d2_20_b,d2_20,b,native,f1,axis_axis,complete,0.46458333333333335,0.44479166666666664,0.4851627604166666,64
d2_20_b,d2_20,b,native,artifact_peak_ratio,nonaxis_nonaxis,complete,0.6063368055555555,0.5665733506944444,0.6421896701388888,192
d2_20_b,d2_20,b,native,artifact_peak_ratio,mixed,complete,0.7578125,0.7224782986111109,0.7894097222222222,384
d2_20_b,d2_20,b,native,artifact_peak_ratio,axis_axis,complete,0.46458333333333335,0.44479166666666664,0.4851627604166666,64
d2_20_b,d2_20,b,native,missing_peak_ratio,nonaxis_nonaxis,complete,0.5952256944444445,0.5621506076388889,0.6276041666666665,192
d2_20_b,d2_20,b,native,missing_peak_ratio,mixed,complete,0.7619791666666667,0.7267784288194444,0.7934906684027776,384
d2_20_b,d2_20,b,native,missing_peak_ratio,axis_axis,complete,0.46458333333333335,0.44479166666666664,0.4851627604166666,64
d2_20_b,d2_20,b,common_grid,mse,nonaxis_nonaxis,complete,0.6330729166666665,0.6141427951388889,0.6535611979166667,192
d2_20_b,d2_20,b,common_grid,mse,mixed,complete,0.7506944444444444,0.7229578993055554,0.7784299045138889,384
d2_20_b,d2_20,b,common_grid,mse,axis_axis,complete,0.39166666666666666,0.34452473958333335,0.43802734374999996,64
d2_20_b,d2_20,b,common_grid,rmse,nonaxis_nonaxis,complete,0.6365451388888889,0.6176215277777778,0.6577278645833334,192
d2_20_b,d2_20,b,common_grid,rmse,mixed,complete,0.7511284722222222,0.7233062065972223,0.7789583333333333,384
d2_20_b,d2_20,b,common_grid,rmse,axis_axis,complete,0.39166666666666666,0.34452473958333335,0.43802734374999996,64
d2_20_b,d2_20,b,common_grid,mae,nonaxis_nonaxis,complete,0.6072048611111112,0.5876671006944444,0.6276063368055557,192
d2_20_b,d2_20,b,common_grid,mae,mixed,complete,0.7607638888888889,0.7308561197916666,0.7900618489583332,384
d2_20_b,d2_20,b,common_grid,mae,axis_axis,complete,0.378125,0.3247330729166667,0.4309895833333333,64
d2_20_b,d2_20,b,common_grid,sam,nonaxis_nonaxis,complete,0.6361979166666666,0.6169249131944443,0.6570334201388889,192
d2_20_b,d2_20,b,common_grid,sam,mixed,complete,0.7450520833333333,0.7173155381944444,0.7727864583333331,384
d2_20_b,d2_20,b,common_grid,sam,axis_axis,complete,0.39114583333333336,0.34400390625,0.43776041666666665,64
d2_20_b,d2_20,b,common_grid,pearson_r,nonaxis_nonaxis,complete,0.6125868055555556,0.5905360243055556,0.6375868055555555,192
d2_20_b,d2_20,b,common_grid,pearson_r,mixed,complete,0.6899305555555556,0.6636686197916666,0.7198350694444444,384
d2_20_b,d2_20,b,common_grid,pearson_r,axis_axis,complete,0.39010416666666664,0.34243489583333336,0.43698567708333325,64
d2_20_b,d2_20,b,common_grid,nmse,nonaxis_nonaxis,complete,0.6344618055555553,0.6151909722222223,0.6556488715277777,192
d2_20_b,d2_20,b,common_grid,nmse,mixed,complete,0.7494791666666668,0.7215700954861112,0.7774316406249999,384
d2_20_b,d2_20,b,common_grid,nmse,axis_axis,complete,0.3927083333333333,0.3453125,0.4395833333333333,64
d2_20_b,d2_20,b,common_grid,wasserstein_1_cm1,nonaxis_nonaxis,complete,0.5209201388888889,0.4887934027777777,0.5553927951388888,192
d2_20_b,d2_20,b,common_grid,wasserstein_1_cm1,mixed,complete,0.9061631944444445,0.8487803819444445,0.9573036024305556,384
d2_20_b,d2_20,b,common_grid,wasserstein_1_cm1,axis_axis,complete,0.39947916666666666,0.36041015625,0.43776692708333326,64
d2_20_b,d2_20,b,common_grid,is_like_structure_to_noise,nonaxis_nonaxis,complete,0.43897569444444445,0.4019900173611111,0.47430555555555554,192
d2_20_b,d2_20,b,common_grid,is_like_structure_to_noise,mixed,complete,0.564236111111111,0.5236056857638889,0.5996538628472221,384
d2_20_b,d2_20,b,common_grid,is_like_structure_to_noise,axis_axis,complete,0.6307291666666667,0.5757747395833334,0.68412109375,64
d2_20_b,d2_20,b,common_grid,precision,nonaxis_nonaxis,complete,0.6065104166666667,0.5664040798611111,0.6431488715277779,192
d2_20_b,d2_20,b,common_grid,precision,mixed,complete,0.3393229166666666,0.3191840277777779,0.36171875,384
d2_20_b,d2_20,b,common_grid,precision,axis_axis,complete,0.3671875,0.3122265625,0.4195507812499999,64
d2_20_b,d2_20,b,common_grid,recall,nonaxis_nonaxis,complete,0.5967881944444444,0.5639756944444445,0.62908203125,192
d2_20_b,d2_20,b,common_grid,recall,mixed,complete,0.3555555555555555,0.33598090277777776,0.37851888020833335,384
d2_20_b,d2_20,b,common_grid,recall,axis_axis,complete,0.3619791666666667,0.30598307291666665,0.41458984374999996,64
d2_20_b,d2_20,b,common_grid,f1,nonaxis_nonaxis,complete,0.6026909722222222,0.565622829861111,0.6368077256944447,192
d2_20_b,d2_20,b,common_grid,f1,mixed,complete,0.34661458333333345,0.326474609375,0.36927300347222214,384
d2_20_b,d2_20,b,common_grid,f1,axis_axis,complete,0.3625,0.30755208333333334,0.4158854166666667,64
d2_20_b,d2_20,b,common_grid,artifact_peak_ratio,nonaxis_nonaxis,complete,0.6065104166666667,0.5664040798611111,0.6431488715277779,192
d2_20_b,d2_20,b,common_grid,artifact_peak_ratio,mixed,complete,0.3393229166666666,0.3191840277777779,0.36171875,384
d2_20_b,d2_20,b,common_grid,artifact_peak_ratio,axis_axis,complete,0.3671875,0.3122265625,0.4195507812499999,64
d2_20_b,d2_20,b,common_grid,missing_peak_ratio,nonaxis_nonaxis,complete,0.5967881944444444,0.5639756944444445,0.62908203125,192
d2_20_b,d2_20,b,common_grid,missing_peak_ratio,mixed,complete,0.3555555555555555,0.33598090277777776,0.37851888020833335,384
d2_20_b,d2_20,b,common_grid,missing_peak_ratio,axis_axis,complete,0.3619791666666667,0.30598307291666665,0.41458984374999996,64
d4_a,d4,a,native,mse,nonaxis_nonaxis,complete,0.8005967881944446,0.7941075303819444,0.806814236111111,192
d4_a,d4,a,native,mse,mixed,complete,0.9999240451388889,0.9998155381944446,0.9999891493055556,384
d4_a,d4,a,native,mse,axis_axis,complete,0.5,0.5,0.5,64
d4_a,d4,a,native,rmse,nonaxis_nonaxis,complete,0.8023111979166667,0.7957459852430555,0.8084418402777779,192
d4_a,d4,a,native,rmse,mixed,complete,0.9999240451388889,0.9998155381944446,0.9999891493055556,384
d4_a,d4,a,native,rmse,axis_axis,complete,0.5,0.5,0.5,64
d4_a,d4,a,native,mae,nonaxis_nonaxis,complete,0.7860894097222223,0.7824647352430554,0.7895399305555556,192
d4_a,d4,a,native,mae,mixed,complete,0.9999240451388889,0.9998155381944446,0.9999891493055556,384
d4_a,d4,a,native,mae,axis_axis,complete,0.5,0.5,0.5,64
d4_a,d4,a,native,sam,nonaxis_nonaxis,complete,0.8014973958333333,0.7953553602430556,0.8072715928819445,192
d4_a,d4,a,native,sam,mixed,complete,0.9999240451388889,0.9998155381944446,0.9999891493055556,384
d4_a,d4,a,native,sam,axis_axis,complete,0.5,0.5,0.5,64
d4_a,d4,a,native,pearson_r,nonaxis_nonaxis,complete,0.8008246527777778,0.7949652777777778,0.8065104166666667,192
d4_a,d4,a,native,pearson_r,mixed,complete,0.9999240451388889,0.9998155381944446,0.9999891493055556,384
d4_a,d4,a,native,pearson_r,axis_axis,complete,0.5,0.5,0.5,64
d4_a,d4,a,native,nmse,nonaxis_nonaxis,complete,0.8004774305555556,0.7939667426215277,0.8065874565972223,192
d4_a,d4,a,native,nmse,mixed,complete,0.9999240451388889,0.9998155381944446,0.9999891493055556,384
d4_a,d4,a,native,nmse,axis_axis,complete,0.5,0.5,0.5,64
d4_a,d4,a,native,wasserstein_1_cm1,nonaxis_nonaxis,complete,0.741037326388889,0.7332682291666667,0.7487630208333333,192
d4_a,d4,a,native,wasserstein_1_cm1,mixed,complete,0.9813476562500001,0.98095703125,0.981759982638889,384
d4_a,d4,a,native,wasserstein_1_cm1,axis_axis,complete,0.6759765625,0.6501285807291667,0.701962890625,64
d4_a,d4,a,native,is_like_structure_to_noise,nonaxis_nonaxis,complete,0.2596137152777778,0.2521261935763889,0.2671006944444444,192
d4_a,d4,a,native,is_like_structure_to_noise,mixed,complete,0.33327907986111105,0.3332139756944444,0.3333224826388888,384
d4_a,d4,a,native,is_like_structure_to_noise,axis_axis,complete,0.5,0.5,0.5,64
d4_a,d4,a,native,precision,nonaxis_nonaxis,complete,0.3645616319444444,0.35690104166666664,0.37213541666666666,192
d4_a,d4,a,native,precision,mixed,complete,0.8351128472222223,0.834396701388889,0.8357964409722224,384
d4_a,d4,a,native,precision,axis_axis,complete,0.61181640625,0.5955721028645834,0.6278662109375,64
d4_a,d4,a,native,recall,nonaxis_nonaxis,complete,0.3633897569444445,0.3557720269097222,0.3709217664930556,192
d4_a,d4,a,native,recall,mixed,complete,0.833154296875,0.831461181640625,0.8348145887586805,384
d4_a,d4,a,native,recall,axis_axis,complete,0.61181640625,0.5955721028645834,0.6278662109375,64
d4_a,d4,a,native,f1,nonaxis_nonaxis,complete,0.36349826388888895,0.3558582899305555,0.37105034722222213,192
d4_a,d4,a,native,f1,mixed,complete,0.8372395833333335,0.8364146592881946,0.8380859375,384
d4_a,d4,a,native,f1,axis_axis,complete,0.61181640625,0.5955721028645834,0.6278662109375,64
d4_a,d4,a,native,artifact_peak_ratio,nonaxis_nonaxis,complete,0.3645616319444444,0.35690104166666664,0.37213541666666666,192
d4_a,d4,a,native,artifact_peak_ratio,mixed,complete,0.8351128472222223,0.834396701388889,0.8357964409722224,384
d4_a,d4,a,native,artifact_peak_ratio,axis_axis,complete,0.61181640625,0.5955721028645834,0.6278662109375,64
d4_a,d4,a,native,missing_peak_ratio,nonaxis_nonaxis,complete,0.3633897569444445,0.3557720269097222,0.3709217664930556,192
d4_a,d4,a,native,missing_peak_ratio,mixed,complete,0.833154296875,0.831461181640625,0.8348145887586805,384
d4_a,d4,a,native,missing_peak_ratio,axis_axis,complete,0.61181640625,0.5955721028645834,0.6278662109375,64
d4_a,d4,a,common_grid,mse,nonaxis_nonaxis,complete,0.8014973958333333,0.7946180555555556,0.8078130425347223,192
d4_a,d4,a,common_grid,mse,mixed,complete,0.9975260416666667,0.9954096137152777,0.9992838541666667,384
d4_a,d4,a,common_grid,mse,axis_axis,complete,0.6883463541666667,0.6609993489583333,0.715302734375,64
d4_a,d4,a,common_grid,rmse,nonaxis_nonaxis,complete,0.8037543402777777,0.7969835069444445,0.8100482855902779,192
d4_a,d4,a,common_grid,rmse,mixed,complete,0.9999240451388889,0.9998155381944446,0.9999891493055556,384
d4_a,d4,a,common_grid,rmse,axis_axis,complete,0.6913411458333333,0.6642561848958334,0.7182291666666667,64
d4_a,d4,a,common_grid,mae,nonaxis_nonaxis,complete,0.7860894097222223,0.7824647352430554,0.7895399305555556,192
d4_a,d4,a,common_grid,mae,mixed,complete,0.9999240451388889,0.9998155381944446,0.9999891493055556,384
d4_a,d4,a,common_grid,mae,axis_axis,complete,0.699609375,0.6721956380208334,0.726630859375,64
d4_a,d4,a,common_grid,sam,nonaxis_nonaxis,complete,0.7976996527777779,0.7917306857638889,0.8035167100694444,192
d4_a,d4,a,common_grid,sam,mixed,complete,0.9999240451388889,0.9998155381944446,0.9999891493055556,384
d4_a,d4,a,common_grid,sam,axis_axis,complete,0.6912760416666667,0.6641910807291667,0.7182291666666667,64
d4_a,d4,a,common_grid,pearson_r,nonaxis_nonaxis,complete,0.8001085069444444,0.7943126085069445,0.8058170572916666,192
d4_a,d4,a,common_grid,pearson_r,mixed,complete,0.9998806423611112,0.9997504340277779,0.9999782986111112,384
d4_a,d4,a,common_grid,pearson_r,axis_axis,complete,0.6896484375,0.6628190104166667,0.7166031901041666,64
d4_a,d4,a,common_grid,nmse,nonaxis_nonaxis,complete,0.8014973958333333,0.7946180555555556,0.8078130425347223,192
d4_a,d4,a,common_grid,nmse,mixed,complete,0.9979166666666667,0.9961043294270834,0.9994034830729167,384
d4_a,d4,a,common_grid,nmse,axis_axis,complete,0.6883463541666667,0.661064453125,0.715302734375,64
d4_a,d4,a,common_grid,wasserstein_1_cm1,nonaxis_nonaxis,complete,0.7413628472222222,0.7337196180555556,0.7490028211805556,192
d4_a,d4,a,common_grid,wasserstein_1_cm1,mixed,complete,0.9999240451388889,0.9998155381944446,0.9999891493055556,384
d4_a,d4,a,common_grid,wasserstein_1_cm1,axis_axis,complete,0.7024088541666667,0.673759765625,0.7315771484375,64
d4_a,d4,a,common_grid,is_like_structure_to_noise,nonaxis_nonaxis,complete,0.2595703125,0.2520827907986111,0.26705729166666664,192
d4_a,d4,a,common_grid,is_like_structure_to_noise,mixed,complete,0.50546875,0.5030376519097223,0.5079755316840278,384
d4_a,d4,a,common_grid,is_like_structure_to_noise,axis_axis,complete,0.3318359375,0.30546712239583335,0.35859537760416665,64
d4_a,d4,a,common_grid,precision,nonaxis_nonaxis,complete,0.3644314236111111,0.3567708333333333,0.3720062934027778,192
d4_a,d4,a,common_grid,precision,mixed,complete,0.5624457465277778,0.5613172743055554,0.5635525173611112,384
d4_a,d4,a,common_grid,precision,axis_axis,complete,0.6895182291666667,0.6610009765625,0.7171907552083333,64
d4_a,d4,a,common_grid,recall,nonaxis_nonaxis,complete,0.3634114583333333,0.3557720269097222,0.3709223090277778,192
d4_a,d4,a,common_grid,recall,mixed,complete,0.5505750868055556,0.5492510308159722,0.5519856770833333,384
d4_a,d4,a,common_grid,recall,axis_axis,complete,0.6923828125,0.6634098307291667,0.7205110677083333,64
d4_a,d4,a,common_grid,f1,nonaxis_nonaxis,complete,0.3634765625,0.3558365885416666,0.3710080295138889,192
d4_a,d4,a,common_grid,f1,mixed,complete,0.5610243055555556,0.5601345486111111,0.5619794379340278,384
d4_a,d4,a,common_grid,f1,axis_axis,complete,0.6905598958333333,0.6619742838541667,0.7179768880208334,64
d4_a,d4,a,common_grid,artifact_peak_ratio,nonaxis_nonaxis,complete,0.3644314236111111,0.3567708333333333,0.3720062934027778,192
d4_a,d4,a,common_grid,artifact_peak_ratio,mixed,complete,0.5624457465277778,0.5613172743055554,0.5635525173611112,384
d4_a,d4,a,common_grid,artifact_peak_ratio,axis_axis,complete,0.6895182291666667,0.6610009765625,0.7171907552083333,64
d4_a,d4,a,common_grid,missing_peak_ratio,nonaxis_nonaxis,complete,0.3634114583333333,0.3557720269097222,0.3709223090277778,192
d4_a,d4,a,common_grid,missing_peak_ratio,mixed,complete,0.5505750868055556,0.5492510308159722,0.5519856770833333,384
d4_a,d4,a,common_grid,missing_peak_ratio,axis_axis,complete,0.6923828125,0.6634098307291667,0.7205110677083333,64
d4_b,d4,b,native,mse,nonaxis_nonaxis,complete,0.5973849826388888,0.5916558159722223,0.6026806640625001,192
d4_b,d4,b,native,mse,mixed,complete,0.6712565104166667,0.6595692274305556,0.6830319552951387,384
d4_b,d4,b,native,mse,axis_axis,complete,0.5,0.5,0.5,64
d4_b,d4,b,native,rmse,nonaxis_nonaxis,complete,0.5982855902777777,0.5925236002604166,0.6038091362847222,192
d4_b,d4,b,native,rmse,mixed,complete,0.6712565104166667,0.6595692274305556,0.6830319552951387,384
d4_b,d4,b,native,rmse,axis_axis,complete,0.5,0.5,0.5,64
d4_b,d4,b,native,mae,nonaxis_nonaxis,complete,0.5612413194444446,0.5570735677083335,0.5650184461805556,192
d4_b,d4,b,native,mae,mixed,complete,0.6712565104166667,0.6595692274305556,0.6830319552951387,384
d4_b,d4,b,native,mae,axis_axis,complete,0.5,0.5,0.5,64
d4_b,d4,b,native,sam,nonaxis_nonaxis,complete,0.5967013888888889,0.5908420138888889,0.6025396050347223,192
d4_b,d4,b,native,sam,mixed,complete,0.6712565104166667,0.6595692274305556,0.6830319552951387,384
d4_b,d4,b,native,sam,axis_axis,complete,0.5,0.5,0.5,64
d4_b,d4,b,native,pearson_r,nonaxis_nonaxis,complete,0.596506076388889,0.5902332899305556,0.6025830078125001,192
d4_b,d4,b,native,pearson_r,mixed,complete,0.6712565104166667,0.6595692274305556,0.6830319552951387,384
d4_b,d4,b,native,pearson_r,axis_axis,complete,0.5,0.5,0.5,64
d4_b,d4,b,native,nmse,nonaxis_nonaxis,complete,0.5979166666666667,0.5920781792534722,0.6031803385416666,192
d4_b,d4,b,native,nmse,mixed,complete,0.6712565104166667,0.6595692274305556,0.6830319552951387,384
d4_b,d4,b,native,nmse,axis_axis,complete,0.5,0.5,0.5,64
d4_b,d4,b,native,wasserstein_1_cm1,nonaxis_nonaxis,complete,0.254296875,0.24633246527777777,0.2632600911458333,192
d4_b,d4,b,native,wasserstein_1_cm1,mixed,complete,0.6545030381944444,0.6435649956597221,0.6657557508680556,384
d4_b,d4,b,native,wasserstein_1_cm1,axis_axis,complete,0.4475911458333333,0.42916666666666664,0.46543294270833335,64
d4_b,d4,b,native,is_like_structure_to_noise,nonaxis_nonaxis,complete,0.7450086805555556,0.7358713107638889,0.7530604383680556,192
d4_b,d4,b,native,is_like_structure_to_noise,mixed,complete,0.6456271701388888,0.6373036024305556,0.653225368923611,384
d4_b,d4,b,native,is_like_structure_to_noise,axis_axis,complete,0.5,0.5,0.5,64
d4_b,d4,b,native,precision,nonaxis_nonaxis,complete,0.8480034722222222,0.8366525607638889,0.8580094401041667,192
d4_b,d4,b,native,precision,mixed,complete,0.6675347222222222,0.6590036349826389,0.675564236111111,384
d4_b,d4,b,native,precision,axis_axis,complete,0.47171223958333336,0.4592415364583333,0.4837239583333333,64
d4_b,d4,b,native,recall,nonaxis_nonaxis,complete,0.846875,0.8355213758680555,0.8568370225694444,192
d4_b,d4,b,native,recall,mixed,complete,0.6768934461805555,0.6682231987847222,0.6847135416666668,384
d4_b,d4,b,native,recall,axis_axis,complete,0.47171223958333336,0.4592415364583333,0.4837239583333333,64
d4_b,d4,b,native,f1,nonaxis_nonaxis,complete,0.8469835069444446,0.8355875651041668,0.8569661458333333,192
d4_b,d4,b,native,f1,mixed,complete,0.6696831597222221,0.6610994466145833,0.6777457682291667,384
d4_b,d4,b,native,f1,axis_axis,complete,0.47171223958333336,0.4592415364583333,0.4837239583333333,64
d4_b,d4,b,native,artifact_peak_ratio,nonaxis_nonaxis,complete,0.8480034722222222,0.8366525607638889,0.8580094401041667,192
d4_b,d4,b,native,artifact_peak_ratio,mixed,complete,0.6675347222222222,0.6590036349826389,0.675564236111111,384
d4_b,d4,b,native,artifact_peak_ratio,axis_axis,complete,0.47171223958333336,0.4592415364583333,0.4837239583333333,64
d4_b,d4,b,native,missing_peak_ratio,nonaxis_nonaxis,complete,0.846875,0.8355213758680555,0.8568370225694444,192
d4_b,d4,b,native,missing_peak_ratio,mixed,complete,0.6768934461805555,0.6682231987847222,0.6847135416666668,384
d4_b,d4,b,native,missing_peak_ratio,axis_axis,complete,0.47171223958333336,0.4592415364583333,0.4837239583333333,64
d4_b,d4,b,common_grid,mse,nonaxis_nonaxis,complete,0.6234375,0.617361111111111,0.6293402777777779,192
d4_b,d4,b,common_grid,mse,mixed,complete,0.6724609375,0.6611650933159722,0.6837676323784722,384
d4_b,d4,b,common_grid,mse,axis_axis,complete,0.43938802083333334,0.42109375,0.45696614583333334,64
d4_b,d4,b,common_grid,rmse,nonaxis_nonaxis,complete,0.6228298611111112,0.616708984375,0.6286458333333333,192
d4_b,d4,b,common_grid,rmse,mixed,complete,0.6712565104166667,0.6595692274305556,0.6830319552951387,384
d4_b,d4,b,common_grid,rmse,axis_axis,complete,0.4405598958333333,0.42265625,0.4586588541666667,64
d4_b,d4,b,common_grid,mae,nonaxis_nonaxis,complete,0.5612413194444446,0.5570735677083335,0.5650184461805556,192
d4_b,d4,b,common_grid,mae,mixed,complete,0.6712565104166667,0.6595692274305556,0.6830319552951387,384
d4_b,d4,b,common_grid,mae,axis_axis,complete,0.43450520833333334,0.41516764322916666,0.45377766927083335,64
d4_b,d4,b,common_grid,sam,nonaxis_nonaxis,complete,0.6098307291666667,0.6042100694444446,0.6152137586805556,192
d4_b,d4,b,common_grid,sam,mixed,complete,0.6712565104166667,0.6595692274305556,0.6830319552951387,384
d4_b,d4,b,common_grid,sam,axis_axis,complete,0.440625,0.42265625,0.45866048177083335,64
d4_b,d4,b,common_grid,pearson_r,nonaxis_nonaxis,complete,0.5971788194444444,0.5909722222222221,0.6032335069444444,192
d4_b,d4,b,common_grid,pearson_r,mixed,complete,0.6712565104166667,0.6595692274305556,0.6830319552951387,384
d4_b,d4,b,common_grid,pearson_r,axis_axis,complete,0.43990885416666664,0.42193684895833333,0.4573583984375,64
d4_b,d4,b,common_grid,nmse,nonaxis_nonaxis,complete,0.6234375,0.617361111111111,0.6293402777777779,192
d4_b,d4,b,common_grid,nmse,mixed,complete,0.6721788194444444,0.6609141710069444,0.68356201171875,384
d4_b,d4,b,common_grid,nmse,axis_axis,complete,0.43951822916666666,0.4212874348958333,0.45703287760416667,64
d4_b,d4,b,common_grid,wasserstein_1_cm1,nonaxis_nonaxis,complete,0.25462239583333335,0.24667805989583336,0.2636501736111111,192
d4_b,d4,b,common_grid,wasserstein_1_cm1,mixed,complete,0.6712565104166667,0.6595692274305556,0.6830319552951387,384
d4_b,d4,b,common_grid,wasserstein_1_cm1,axis_axis,complete,0.4404296875,0.41712076822916666,0.4619189453125,64
d4_b,d4,b,common_grid,is_like_structure_to_noise,nonaxis_nonaxis,complete,0.7449652777777779,0.7358284505208332,0.7530381944444445,192
d4_b,d4,b,common_grid,is_like_structure_to_noise,mixed,complete,0.6640190972222222,0.6570963541666667,0.6706274414062501,384
d4_b,d4,b,common_grid,is_like_structure_to_noise,axis_axis,complete,0.5774088541666667,0.5555338541666667,0.6001334635416666,64
d4_b,d4,b,common_grid,precision,nonaxis_nonaxis,complete,0.8479166666666667,0.836609157986111,0.857878146701389,192
d4_b,d4,b,common_grid,precision,mixed,complete,0.8664171006944444,0.8534380425347221,0.8773546006944445,384
d4_b,d4,b,common_grid,precision,axis_axis,complete,0.4236328125,0.40051920572916666,0.44622395833333334,64
d4_b,d4,b,common_grid,recall,nonaxis_nonaxis,complete,0.8468967013888888,0.8355425347222223,0.8568798828125002,192
d4_b,d4,b,common_grid,recall,mixed,complete,0.8524197048611111,0.8399717881944444,0.8630753580729167,384
d4_b,d4,b,common_grid,recall,axis_axis,complete,0.4246744791666667,0.40174967447916665,0.4469401041666667,64
d4_b,d4,b,common_grid,f1,nonaxis_nonaxis,complete,0.8469618055555554,0.8355870225694445,0.8569661458333333,192
d4_b,d4,b,common_grid,f1,mixed,complete,0.8651475694444445,0.8521468098958334,0.8760639105902778,384
d4_b,d4,b,common_grid,f1,axis_axis,complete,0.4229817708333333,0.3998030598958333,0.4458984375,64
d4_b,d4,b,common_grid,artifact_peak_ratio,nonaxis_nonaxis,complete,0.8479166666666667,0.836609157986111,0.857878146701389,192
d4_b,d4,b,common_grid,artifact_peak_ratio,mixed,complete,0.8664171006944444,0.8534380425347221,0.8773546006944445,384
d4_b,d4,b,common_grid,artifact_peak_ratio,axis_axis,complete,0.4236328125,0.40051920572916666,0.44622395833333334,64
d4_b,d4,b,common_grid,missing_peak_ratio,nonaxis_nonaxis,complete,0.8468967013888888,0.8355425347222223,0.8568798828125002,192
d4_b,d4,b,common_grid,missing_peak_ratio,mixed,complete,0.8524197048611111,0.8399717881944444,0.8630753580729167,384
d4_b,d4,b,common_grid,missing_peak_ratio,axis_axis,complete,0.4246744791666667,0.40174967447916665,0.4469401041666667,64
d5_a,d5,a,native,mse,nonaxis_nonaxis,complete,0.5551655041605482,0.5483277502447381,0.5616972398127753,192
d5_a,d5,a,native,mse,mixed,complete,0.5786144762604013,0.5662590247185512,0.5913590709893539,384
d5_a,d5,a,native,mse,axis_axis,complete,0.5,0.5,0.5,64
d5_a,d5,a,native,rmse,nonaxis_nonaxis,complete,0.5556358602545276,0.5488251613742046,0.562251629038179,192
d5_a,d5,a,native,rmse,mixed,complete,0.5786144762604013,0.5662590247185512,0.5913590709893539,384
d5_a,d5,a,native,rmse,axis_axis,complete,0.5,0.5,0.5,64
d5_a,d5,a,native,mae,nonaxis_nonaxis,complete,0.5590813142437592,0.5519149802679881,0.5657774833272148,192
d5_a,d5,a,native,mae,mixed,complete,0.5786144762604013,0.5662590247185512,0.5913590709893539,384
d5_a,d5,a,native,mae,axis_axis,complete,0.5,0.5,0.5,64
d5_a,d5,a,native,sam,nonaxis_nonaxis,complete,0.5534905775819873,0.5470164892315224,0.5597283406754773,192
d5_a,d5,a,native,sam,mixed,complete,0.5786144762604013,0.5662590247185512,0.5913590709893539,384
d5_a,d5,a,native,sam,axis_axis,complete,0.5,0.5,0.5,64
d5_a,d5,a,native,pearson_r,nonaxis_nonaxis,complete,0.5542783284385707,0.5475734596793931,0.5607492619615762,192
d5_a,d5,a,native,pearson_r,mixed,complete,0.5786144762604013,0.5662590247185512,0.5913590709893539,384
d5_a,d5,a,native,pearson_r,axis_axis,complete,0.5,0.5,0.5,64
d5_a,d5,a,native,nmse,nonaxis_nonaxis,complete,0.5563356583455703,0.5495015372613804,0.5628231308125307,192
d5_a,d5,a,native,nmse,mixed,complete,0.5786144762604013,0.5662590247185512,0.5913590709893539,384
d5_a,d5,a,native,nmse,axis_axis,complete,0.5,0.5,0.5,64
d5_a,d5,a,native,wasserstein_1_cm1,nonaxis_nonaxis,complete,0.5734520313264806,0.5639524634422419,0.5825546645558003,192
d5_a,d5,a,native,wasserstein_1_cm1,mixed,complete,0.5786221243269701,0.5662664815834557,0.591381823987396,384
d5_a,d5,a,native,wasserstein_1_cm1,axis_axis,complete,0.5057131057268722,0.4984397944199706,0.5132623210352423,64
d5_a,d5,a,native,is_like_structure_to_noise,nonaxis_nonaxis,complete,0.4353967816935879,0.4245038316813509,0.44629193052496324,192
d5_a,d5,a,native,is_like_structure_to_noise,mixed,complete,0.5480872185511503,0.5375305922662751,0.5588677419848262,384
d5_a,d5,a,native,is_like_structure_to_noise,axis_axis,complete,0.5,0.5,0.5,64
d5_a,d5,a,native,precision,nonaxis_nonaxis,complete,0.43753441629955947,0.4265889814304944,0.4482749785854136,192
d5_a,d5,a,native,precision,mixed,complete,0.5577887909936368,0.5485097264286588,0.5670755036251836,384
d5_a,d5,a,native,precision,axis_axis,complete,0.5024665014684288,0.49977055800293685,0.5051968612334802,64
d5_a,d5,a,native,recall,nonaxis_nonaxis,complete,0.44093015785609396,0.4304177947564856,0.4515158467939305,192
d5_a,d5,a,native,recall,mixed,complete,0.5598824492168379,0.5503901947962555,0.569464186016275,384
d5_a,d5,a,native,recall,axis_axis,complete,0.5023976688693098,0.49971291070117474,0.5050941859397944,64
d5_a,d5,a,native,f1,nonaxis_nonaxis,complete,0.43895695668135093,0.4283062591776799,0.449714918318649,192
d5_a,d5,a,native,f1,mixed,complete,0.5594388613558492,0.5499663485070974,0.569071744600465,384
d5_a,d5,a,native,f1,axis_axis,complete,0.5024665014684288,0.49977055800293685,0.5051968612334802,64
d5_a,d5,a,native,artifact_peak_ratio,nonaxis_nonaxis,complete,0.43753441629955947,0.4265889814304944,0.4482749785854136,192
d5_a,d5,a,native,artifact_peak_ratio,mixed,complete,0.5577887909936368,0.5485097264286588,0.5670755036251836,384
d5_a,d5,a,native,artifact_peak_ratio,axis_axis,complete,0.5024665014684288,0.49977055800293685,0.5051968612334802,64
d5_a,d5,a,native,missing_peak_ratio,nonaxis_nonaxis,complete,0.44093015785609396,0.4304177947564856,0.4515158467939305,192
d5_a,d5,a,native,missing_peak_ratio,mixed,complete,0.5598824492168379,0.5503901947962555,0.569464186016275,384
d5_a,d5,a,native,missing_peak_ratio,axis_axis,complete,0.5023976688693098,0.49971291070117474,0.5050941859397944,64
d5_a,d5,a,common_grid,mse,nonaxis_nonaxis,complete,0.563203622124327,0.5556776378181596,0.570308962769212,192
d5_a,d5,a,common_grid,mse,mixed,complete,0.579027471855115,0.5667111210535977,0.5915347853187715,384
d5_a,d5,a,common_grid,mse,axis_axis,complete,0.5063325991189427,0.49843922081497793,0.5147123944566813,64
d5_a,d5,a,common_grid,rmse,nonaxis_nonaxis,complete,0.5633795276554087,0.5558649198482624,0.5703601092143906,192
d5_a,d5,a,common_grid,rmse,mixed,complete,0.5792072014194811,0.566877896705213,0.5917376980849242,384
d5_a,d5,a,common_grid,rmse,axis_axis,complete,0.5063325991189427,0.49843922081497793,0.5147123944566813,64
d5_a,d5,a,common_grid,mae,nonaxis_nonaxis,complete,0.565107990699951,0.5575551425599609,0.5722590285425845,192
d5_a,d5,a,common_grid,mae,mixed,complete,0.5787789096916299,0.5664725969774841,0.5915073000795399,384
d5_a,d5,a,common_grid,mae,axis_axis,complete,0.5063555433186491,0.49848568281938327,0.5147571356461086,64
d5_a,d5,a,common_grid,sam,nonaxis_nonaxis,complete,0.5585994860499266,0.5513986401737642,0.5656664907611355,192
d5_a,d5,a,common_grid,sam,mixed,complete,0.5794901798825257,0.5672340098048214,0.5920755992260157,384
d5_a,d5,a,common_grid,sam,axis_axis,complete,0.5063784875183553,0.4985086270190896,0.514780079845815,64
d5_a,d5,a,common_grid,pearson_r,nonaxis_nonaxis,complete,0.5546071953010279,0.5472223178230544,0.561846855115027,192
d5_a,d5,a,common_grid,pearson_r,mixed,complete,0.5791116005873715,0.5668776577031327,0.5917253655775819,384
d5_a,d5,a,common_grid,pearson_r,axis_axis,complete,0.5064014317180616,0.4985545154185022,0.5148248210352423,64
d5_a,d5,a,common_grid,nmse,nonaxis_nonaxis,complete,0.5648326603034752,0.557340805494371,0.5718689771475771,192
d5_a,d5,a,common_grid,nmse,mixed,complete,0.5793678108174254,0.5670718229931474,0.5920065754252325,384
d5_a,d5,a,common_grid,nmse,axis_axis,complete,0.5063555433186491,0.49846216501468427,0.5147353386563877,64
d5_a,d5,a,common_grid,is_like_structure_to_noise,nonaxis_nonaxis,complete,0.43553444689182574,0.4246670223017621,0.4464376261930984,192
d5_a,d5,a,common_grid,is_like_structure_to_noise,mixed,complete,0.5191813509544787,0.5119902563631914,0.5272730053842389,384
d5_a,d5,a,common_grid,is_like_structure_to_noise,axis_axis,complete,0.5026385829662261,0.4981868346182085,0.507525697503671,64
d5_a,d5,a,common_grid,precision,nonaxis_nonaxis,complete,0.44228386563876654,0.43134674804209494,0.45261841119065105,192
d5_a,d5,a,common_grid,precision,mixed,complete,0.5403378151003427,0.5331400284508077,0.5482119298366372,384
d5_a,d5,a,common_grid,precision,axis_axis,complete,0.5049330029368576,0.4987954295154185,0.5112314725587371,64
d5_a,d5,a,common_grid,recall,nonaxis_nonaxis,complete,0.45245579417523246,0.442619902563632,0.4623985675171316,192
d5_a,d5,a,common_grid,recall,mixed,complete,0.5539150452765541,0.5451099218367598,0.5631795307146353,384
d5_a,d5,a,common_grid,recall,axis_axis,complete,0.5038660976505139,0.497957966226138,0.5101872246696035,64
d5_a,d5,a,common_grid,f1,nonaxis_nonaxis,complete,0.447484550905531,0.43726587356216345,0.45772942287689666,192
d5_a,d5,a,common_grid,f1,mixed,complete,0.5512821983602546,0.5425227243177925,0.5602777108571954,384
d5_a,d5,a,common_grid,f1,axis_axis,complete,0.5045773678414097,0.4986222008076358,0.5108526064610867,64
d5_a,d5,a,common_grid,artifact_peak_ratio,nonaxis_nonaxis,complete,0.44227621757219776,0.4313465568404307,0.45261057192241805,192
d5_a,d5,a,common_grid,artifact_peak_ratio,mixed,complete,0.5403359030837004,0.5331325237854869,0.5482101612212433,384
d5_a,d5,a,common_grid,artifact_peak_ratio,axis_axis,complete,0.5049330029368576,0.4987954295154185,0.5112314725587371,64
d5_a,d5,a,common_grid,missing_peak_ratio,nonaxis_nonaxis,complete,0.45240608174253544,0.44258864109153206,0.4623760057207537,192
d5_a,d5,a,common_grid,missing_peak_ratio,mixed,complete,0.5539131332599119,0.5450948647057023,0.5631907160119921,384
d5_a,d5,a,common_grid,missing_peak_ratio,axis_axis,complete,0.5038660976505139,0.497957966226138,0.5101872246696035,64
d5_b,d5,b,native,mse,nonaxis_nonaxis,complete,0.5764080090553109,0.568224195423397,0.5843662047234459,192
d5_b,d5,b,native,mse,mixed,complete,0.6230382709251101,0.6083876346059716,0.6382529521536955,384
d5_b,d5,b,native,mse,axis_axis,complete,0.5,0.5,0.5,64
d5_b,d5,b,native,rmse,nonaxis_nonaxis,complete,0.5766718673519333,0.5684310756240822,0.5846313058308859,192
d5_b,d5,b,native,rmse,mixed,complete,0.6230382709251101,0.6083876346059716,0.6382529521536955,384
d5_b,d5,b,native,rmse,axis_axis,complete,0.5,0.5,0.5,64
d5_b,d5,b,native,mae,nonaxis_nonaxis,complete,0.5766909875183553,0.5684079402227118,0.5846186865210475,192
d5_b,d5,b,native,mae,mixed,complete,0.6230382709251101,0.6083876346059716,0.6382529521536955,384
d5_b,d5,b,native,mae,axis_axis,complete,0.5,0.5,0.5,64
d5_b,d5,b,native,sam,nonaxis_nonaxis,complete,0.5763697687224669,0.5684232363558493,0.5843475625611846,192
d5_b,d5,b,native,sam,mixed,complete,0.6230382709251101,0.6083876346059716,0.6382529521536955,384
d5_b,d5,b,native,sam,axis_axis,complete,0.5,0.5,0.5,64
d5_b,d5,b,native,pearson_r,nonaxis_nonaxis,complete,0.5755055372001958,0.5674248768661282,0.5834871550721977,192
d5_b,d5,b,native,pearson_r,mixed,complete,0.6230382709251101,0.6083876346059716,0.6382529521536955,384
d5_b,d5,b,native,pearson_r,axis_axis,complete,0.5,0.5,0.5,64
d5_b,d5,b,native,nmse,nonaxis_nonaxis,complete,0.5771766397454724,0.5689890020802741,0.5851618904490945,192
d5_b,d5,b,native,nmse,mixed,complete,0.6230382709251101,0.6083876346059716,0.6382529521536955,384
d5_b,d5,b,native,nmse,axis_axis,complete,0.5,0.5,0.5,64
d5_b,d5,b,native,wasserstein_1_cm1,nonaxis_nonaxis,complete,0.5724998470386686,0.563610881669114,0.5816211224302497,192
d5_b,d5,b,native,wasserstein_1_cm1,mixed,complete,0.6230306228585413,0.608401974730788,0.6382296255506608,384
d5_b,d5,b,native,wasserstein_1_cm1,axis_axis,complete,0.499196953010279,0.49752202643171806,0.500688899596182,64
d5_b,d5,b,native,is_like_structure_to_noise,nonaxis_nonaxis,complete,0.4702757892804699,0.46120327031326486,0.4790141833394517,192
d5_b,d5,b,native,is_like_structure_to_noise,mixed,complete,0.5920636013215859,0.5794481633168135,0.6051000653909692,384
d5_b,d5,b,native,is_like_structure_to_noise,axis_axis,complete,0.5,0.5,0.5,64
d5_b,d5,b,native,precision,nonaxis_nonaxis,complete,0.4732700073421439,0.46425427526921187,0.4819774267315222,192
d5_b,d5,b,native,precision,mixed,complete,0.5886525636319139,0.5782525793104504,0.5996954157488986,384
d5_b,d5,b,native,precision,axis_axis,complete,0.5003212187958884,0.4998164464023495,0.5009409989904552,64
d5_b,d5,b,native,recall,nonaxis_nonaxis,complete,0.4767154613313754,0.46765250244738127,0.48550739185633873,192
d5_b,d5,b,native,recall,mixed,complete,0.5912337860988742,0.5805549819505629,0.602523288362702,384
d5_b,d5,b,native,recall,axis_axis,complete,0.5002523861967695,0.4997590859030837,0.5008377500917768,64
d5_b,d5,b,native,f1,nonaxis_nonaxis,complete,0.4746963717572198,0.46565492306045037,0.4834535991801273,192
d5_b,d5,b,native,f1,mixed,complete,0.5906295888399412,0.5800671309043074,0.6019134506546745,384
d5_b,d5,b,native,f1,axis_axis,complete,0.5003212187958884,0.4998164464023495,0.5009409989904552,64
d5_b,d5,b,native,artifact_peak_ratio,nonaxis_nonaxis,complete,0.4732700073421439,0.46425427526921187,0.4819774267315222,192
d5_b,d5,b,native,artifact_peak_ratio,mixed,complete,0.5886525636319139,0.5782525793104504,0.5996954157488986,384
d5_b,d5,b,native,artifact_peak_ratio,axis_axis,complete,0.5003212187958884,0.4998164464023495,0.5009409989904552,64
d5_b,d5,b,native,missing_peak_ratio,nonaxis_nonaxis,complete,0.4767154613313754,0.46765250244738127,0.48550739185633873,192
d5_b,d5,b,native,missing_peak_ratio,mixed,complete,0.5912337860988742,0.5805549819505629,0.602523288362702,384
d5_b,d5,b,native,missing_peak_ratio,axis_axis,complete,0.5002523861967695,0.4997590859030837,0.5008377500917768,64
d5_b,d5,b,common_grid,mse,nonaxis_nonaxis,complete,0.5832683247674988,0.5746552633994128,0.5915699186245716,192
d5_b,d5,b,common_grid,mse,mixed,complete,0.6223537689672051,0.6077032760493147,0.637579444291483,384
d5_b,d5,b,common_grid,mse,axis_axis,complete,0.49866923641703376,0.49651248164464024,0.500504772393539,64
d5_b,d5,b,common_grid,rmse,nonaxis_nonaxis,complete,0.5833906938325991,0.574835279766275,0.5918266068587861,192
d5_b,d5,b,common_grid,rmse,mixed,complete,0.6224799620655899,0.6078135038087372,0.6376798251651983,384
d5_b,d5,b,common_grid,rmse,axis_axis,complete,0.49866923641703376,0.49651248164464024,0.500504772393539,64
d5_b,d5,b,common_grid,mae,nonaxis_nonaxis,complete,0.5841019640234949,0.5753829769334313,0.5926869187469407,192
d5_b,d5,b,common_grid,mae,mixed,complete,0.6228891336270191,0.6081869684593735,0.6380858418991678,384
d5_b,d5,b,common_grid,mae,axis_axis,complete,0.4986462922173275,0.4964665932452276,0.5004818281938326,64
d5_b,d5,b,common_grid,sam,nonaxis_nonaxis,complete,0.5811345141948115,0.5727134192976016,0.5897239621573666,192
d5_b,d5,b,common_grid,sam,mixed,complete,0.6224570178658835,0.6078373562163485,0.637595887634606,384
d5_b,d5,b,common_grid,sam,axis_axis,complete,0.4987151248164464,0.4966042584434655,0.5005506607929515,64
d5_b,d5,b,common_grid,pearson_r,nonaxis_nonaxis,complete,0.5768821891825746,0.5683840400146842,0.5850642819995105,192
d5_b,d5,b,common_grid,pearson_r,mixed,complete,0.6225564427312775,0.6079626411068282,0.6376539651401126,384
d5_b,d5,b,common_grid,pearson_r,axis_axis,complete,0.4987151248164464,0.4966042584434655,0.5005506607929515,64
d5_b,d5,b,common_grid,nmse,nonaxis_nonaxis,complete,0.5842396292217328,0.5754625168257465,0.5926490608174254,192
d5_b,d5,b,common_grid,nmse,mixed,complete,0.6224340736661772,0.6078223468857072,0.6376251414892316,384
d5_b,d5,b,common_grid,nmse,axis_axis,complete,0.4987151248164464,0.4966042584434655,0.5005506607929515,64
d5_b,d5,b,common_grid,is_like_structure_to_noise,nonaxis_nonaxis,complete,0.4703981583455702,0.4612967679270681,0.47916704906999513,192
d5_b,d5,b,common_grid,is_like_structure_to_noise,mixed,complete,0.5561291605482134,0.546714534003304,0.5658399584709984,384
d5_b,d5,b,common_grid,is_like_structure_to_noise,axis_axis,complete,0.49997705580029367,0.49892104900881057,0.5012160425844346,64
d5_b,d5,b,common_grid,precision,nonaxis_nonaxis,complete,0.477166697258933,0.4683136778022516,0.4858863535548213,192
d5_b,d5,b,common_grid,precision,mixed,complete,0.5747560266764562,0.5650439859428538,0.584430878686368,384
d5_b,d5,b,common_grid,precision,axis_axis,complete,0.49876101321585903,0.4966960352422907,0.5004588839941263,64
d5_b,d5,b,common_grid,recall,nonaxis_nonaxis,complete,0.48784722222222227,0.47915873179760154,0.4963408781510034,192
d5_b,d5,b,common_grid,recall,mixed,complete,0.5921094897209985,0.5806768252110867,0.603554821341165,384
d5_b,d5,b,common_grid,recall,axis_axis,complete,0.4987380690161527,0.4966725174375918,0.50043593979442,64
d5_b,d5,b,common_grid,f1,nonaxis_nonaxis,complete,0.48219530102790015,0.4734479204907,0.49079975832109646,192
d5_b,d5,b,common_grid,f1,mixed,complete,0.5886219713656388,0.5776414987916055,0.5998703652716594,384
d5_b,d5,b,common_grid,f1,axis_axis,complete,0.4987380690161527,0.4966725174375918,0.50043593979442,64
d5_b,d5,b,common_grid,artifact_peak_ratio,nonaxis_nonaxis,complete,0.477166697258933,0.4683136778022516,0.4858863535548213,192
d5_b,d5,b,common_grid,artifact_peak_ratio,mixed,complete,0.5747579386930984,0.5650383932941752,0.5844401997674987,384
d5_b,d5,b,common_grid,artifact_peak_ratio,axis_axis,complete,0.49876101321585903,0.4966960352422907,0.5004588839941263,64
d5_b,d5,b,common_grid,missing_peak_ratio,nonaxis_nonaxis,complete,0.48784339818893785,0.4791474508994127,0.4963334212860988,192
d5_b,d5,b,common_grid,missing_peak_ratio,mixed,complete,0.5921094897209985,0.5806769208119188,0.603553100526187,384
d5_b,d5,b,common_grid,missing_peak_ratio,axis_axis,complete,0.4987380690161527,0.4966725174375918,0.50043593979442,64
