endpoint_id,analysis_id,representation,perturbation_scope,metric_output_id,outcome,state,delta_a,delta_b,interaction,bootstrap_lower,bootstrap_upper,shared_endpoint_draws
d2_5,native_all5,native,all5,wasserstein_1_cm1,ag,complete,0.07488729587013838,-0.06956536267508787,-0.14445265854522626,-0.1820967435641974,-0.11208409848656326,True
d2_5,native_all5,native,all5,wasserstein_1_cm1,oc,complete,0.03794270833333324,-0.06539062500000026,-0.1033333333333335,-0.12890690104166666,-0.07721354166666666,True
d2_5,native_no_axis,native,no_axis,wasserstein_1_cm1,ag,complete,0.10854923321528799,-0.09252246421074861,-0.2010716974260366,-0.27202843432298734,-0.1460956915151336,True
d2_5,native_no_axis,native,no_axis,wasserstein_1_cm1,oc,complete,0.08550347222222199,-0.12100694444444426,-0.20651041666666625,-0.253908420138889,-0.15954644097222226,True
d2_5,common_grid_all5,common_grid,all5,wasserstein_1_cm1,ag,complete,0.12710498306012158,0.07545299571757835,-0.051651987342543226,-0.10191843933047275,-0.011685671993748453,True
d2_5,common_grid_all5,common_grid,all5,wasserstein_1_cm1,oc,complete,0.08020833333333344,0.05885416666666665,-0.021354166666666785,-0.06442708333333333,0.02360416666666667,True
d2_5,common_grid_no_axis,common_grid,no_axis,wasserstein_1_cm1,ag,complete,0.10964208375216054,-0.09107305550014735,-0.20071513925230788,-0.2773292529263574,-0.15025450683077554,True
d2_5,common_grid_no_axis,common_grid,no_axis,wasserstein_1_cm1,oc,complete,0.11163194444444446,-0.12777777777777766,-0.23940972222222212,-0.2925347222222222,-0.18888888888888888,True
d2_10,native_all5,native,all5,wasserstein_1_cm1,ag,complete,0.11366762874804331,-0.061476929824742066,-0.17514455857278538,-0.22114298737146088,-0.13444200073500429,True
d2_10,native_all5,native,all5,wasserstein_1_cm1,oc,complete,0.049348958333333415,-0.06479166666666647,-0.11414062499999988,-0.13974479166666667,-0.08476432291666669,True
d2_10,native_no_axis,native,no_axis,wasserstein_1_cm1,ag,complete,0.17028933266633875,-0.0808984404366328,-0.2511877731029716,-0.33381552399763714,-0.18703762380953193,True
d2_10,native_no_axis,native,no_axis,wasserstein_1_cm1,oc,complete,0.11684027777777783,-0.11736111111111103,-0.23420138888888886,-0.2759592013888889,-0.18671875,True
d2_10,common_grid_all5,common_grid,all5,wasserstein_1_cm1,ag,complete,0.16508152526434575,0.03296663892873197,-0.13211488633561377,-0.18989778311355848,-0.08689620969521439,True
d2_10,common_grid_all5,common_grid,all5,wasserstein_1_cm1,oc,complete,0.08229166666666665,0.061822916666666394,-0.020468750000000258,-0.06276171874999999,0.022239583333333306,True
d2_10,common_grid_no_axis,common_grid,no_axis,wasserstein_1_cm1,ag,complete,0.17250919991677555,-0.08422081865820352,-0.25673001857497907,-0.34890059895406894,-0.1986852165526126,True
d2_10,common_grid_no_axis,common_grid,no_axis,wasserstein_1_cm1,oc,complete,0.1454861111111111,-0.12760416666666663,-0.2730902777777777,-0.3173654513888889,-0.22065972222222222,True
d2_20,native_all5,native,all5,wasserstein_1_cm1,ag,complete,0.126211334894523,-0.04649590134066395,-0.17270723623518694,-0.22069327666859015,-0.1305341007464042,True
d2_20,native_all5,native,all5,wasserstein_1_cm1,oc,complete,0.0632031249999997,-0.05161458333333335,-0.11481770833333305,-0.14205859375,-0.08458268229166667,True
d2_20,native_no_axis,native,no_axis,wasserstein_1_cm1,ag,complete,0.18717207370821176,-0.05717590174236814,-0.2443479754505799,-0.3265856403682387,-0.1779821350468911,True
d2_20,native_no_axis,native,no_axis,wasserstein_1_cm1,oc,complete,0.13072916666666679,-0.10017361111111123,-0.230902777777778,-0.28125,-0.16918185763888893,True
d2_20,common_grid_all5,common_grid,all5,wasserstein_1_cm1,ag,complete,0.1735888801491886,0.017480964279140254,-0.15610791587004835,-0.21696667020822982,-0.11358282927367343,True
d2_20,common_grid_all5,common_grid,all5,wasserstein_1_cm1,oc,complete,0.07552083333333315,0.060416666666666674,-0.015104166666666474,-0.05380338541666673,0.027084635416666634,True
d2_20,common_grid_no_axis,common_grid,no_axis,wasserstein_1_cm1,ag,complete,0.18872292623354253,-0.06328237754731053,-0.25200530378085306,-0.3466272469822103,-0.19214218772905434,True
d2_20,common_grid_no_axis,common_grid,no_axis,wasserstein_1_cm1,oc,complete,0.15972222222222243,-0.11215277777777788,-0.2718750000000003,-0.3267361111111111,-0.20624565972222222,True
d4,native_all5,native,all5,wasserstein_1_cm1,ag,complete,0.012898677873667636,-0.08075308363789407,-0.09365176151156171,-0.12476282070542198,-0.06788917058951023,True
d4,native_all5,native,all5,wasserstein_1_cm1,oc,complete,-0.011416015624999942,-0.11821940104166662,-0.10680338541666667,-0.11327848307291667,-0.10031551106770834,True
d4,native_no_axis,native,no_axis,wasserstein_1_cm1,ag,complete,0.014985216129882684,-0.09180478489501465,-0.10679000102489733,-0.15061333598735055,-0.07408131810696485,True
d4,native_no_axis,native,no_axis,wasserstein_1_cm1,oc,complete,-0.0595594618055556,-0.343088107638889,-0.28352864583333337,-0.3009662543402778,-0.26603298611111115,True
d4,common_grid_all5,common_grid,all5,wasserstein_1_cm1,ag,complete,0.016577609448083147,-0.07709908316883213,-0.09367669261691527,-0.12481594435891072,-0.06813686371490563,True
d4,common_grid_all5,common_grid,all5,wasserstein_1_cm1,oc,complete,-0.015195312499999836,-0.11126302083333339,-0.09606770833333356,-0.10188834635416665,-0.090455078125,True
d4,common_grid_no_axis,common_grid,no_axis,wasserstein_1_cm1,ag,complete,0.01925328975251589,-0.0933019575281081,-0.112555247280624,-0.15749930808405285,-0.07850253730864942,True
d4,common_grid_no_axis,common_grid,no_axis,wasserstein_1_cm1,oc,complete,-0.060134548611111005,-0.36881510416666663,-0.3086805555555556,-0.3267795138888889,-0.2915766059027778,True
d5,native_all5,native,all5,wasserstein_1_cm1,ag,complete,0.005123125157141164,-0.005843929312280496,-0.01096705446942166,-0.016132203368271245,-0.007025013545815935,True
d5,native_all5,native,all5,wasserstein_1_cm1,oc,complete,0.0060618575624084015,-0.0012573421439061594,-0.007319199706314561,-0.009260737885462555,-0.005323025651615272,True
d5,native_no_axis,native,no_axis,wasserstein_1_cm1,ag,complete,0.0055328994015393825,-0.0062801902942568755,-0.011813089695796258,-0.01741878381637203,-0.007644347018283798,True
d5,native_no_axis,native,no_axis,wasserstein_1_cm1,oc,complete,0.018286527165932376,-0.003908162016642125,-0.0221946891825745,-0.028160754711209005,-0.016219445974057767,True
d5,common_grid_all5,common_grid,all5,wasserstein_1_cm1,ag,unavailable,,,,,,True
d5,common_grid_all5,common_grid,all5,wasserstein_1_cm1,oc,unavailable,,,,,,True
d5,common_grid_no_axis,common_grid,no_axis,wasserstein_1_cm1,ag,unavailable,,,,,,True
d5,common_grid_no_axis,common_grid,no_axis,wasserstein_1_cm1,oc,unavailable,,,,,,True
