panel_id,metric_output_id,status,mismatch_fields,actual_ag,paper_ag,actual_acc_cross,paper_acc_cross,actual_d_ag,paper_d_ag,actual_d_acc,paper_d_acc,native_state,paper_panel_state
d5_a,mse,matched,,0.02589084818240907,0.02589084818240907,0.5637183370044052,0.5637183370044052,,,,,complete,complete
d5_b,mse,matched,,0.011266270309758167,0.011266270309758167,0.5967453652716594,0.5967453652716594,,,,,complete,complete
d5_a,rmse,matched,,0.025994714272215894,0.025994714272215894,0.5638594438325991,0.5638594438325991,-0.00010386608980682277,-0.00010386608980682277,0.0001411068281939043,0.0001411068281939043,complete,complete
d5_b,rmse,matched,,0.011310703088418588,0.011310703088418588,0.5968245227606461,0.5968245227606461,-4.443277866042136e-05,-4.443277866042136e-05,7.915748898668085e-05,7.915748898668085e-05,complete,complete
d5_a,mae,matched,,0.02593172919089978,0.02593172919089978,0.5648930800293686,0.5648930800293686,-4.088100849070769e-05,-4.088100849070769e-05,0.0011747430249633428,0.0011747430249633428,complete,complete
d5_b,mae,matched,,0.011362801609538958,0.011362801609538958,0.5968302588105727,0.5968302588105727,-9.653129978079086e-05,-9.653129978079086e-05,8.489353891327767e-05,8.489353891327767e-05,complete,complete
d5_a,sam,matched,,0.03151934489778361,0.03151934489778361,0.5632158590308372,0.5632158590308372,-0.005628496715374538,-0.005628496715374538,-0.0005024779735680607,-0.0005024779735680607,complete,complete
d5_b,sam,matched,,0.015324644668213639,0.015324644668213639,0.5967338931718063,0.5967338931718063,-0.004058374358455472,-0.004058374358455472,-1.147209985319364e-05,-1.147209985319364e-05,complete,complete
d5_a,pearson_r,matched,,0.0341109820249643,0.0341109820249643,0.5634521842878121,0.5634521842878121,-0.008220133842555228,-0.008220133842555228,-0.00026615271659313766,-0.00026615271659313766,complete,complete
d5_b,pearson_r,matched,,0.014728933334083531,0.014728933334083531,0.5964746237151248,0.5964746237151248,-0.003462663024325364,-0.003462663024325364,-0.00027074155653461496,-0.00027074155653461496,complete,complete
d5_a,nmse,matched,,0.027705971224591307,0.027705971224591307,0.564069383259912,0.564069383259912,-0.0018151230421822352,-0.0018151230421822352,0.0003510462555067484,0.0003510462555067484,complete,complete
d5_b,nmse,matched,,0.010468240323611296,0.010468240323611296,0.5969759544787078,0.5969759544787078,0.0007980299861468712,0.0007980299861468712,0.0002305892070483262,0.0002305892070483262,complete,complete
d5_a,wasserstein_1_cm1,matched,,0.020767723025267908,0.020767723025267908,0.5697801945668136,0.5697801945668136,0.005123125157141164,0.005123125157141164,0.0060618575624084015,0.0060618575624084015,complete,complete
d5_b,wasserstein_1_cm1,matched,,0.017110199622038663,0.017110199622038663,0.5954880231277533,0.5954880231277533,-0.005843929312280496,-0.005843929312280496,-0.0012573421439061594,-0.0012573421439061594,complete,complete
d5_a,is_like_structure_to_noise,matched,,0.050827911400603616,0.050827911400603616,0.5094713656387665,0.5094713656387665,-0.024937063218194545,-0.024937063218194545,-0.05424697136563872,-0.05424697136563872,complete,complete
d5_b,is_like_structure_to_noise,matched,,0.035524213505484334,0.035524213505484334,0.5463208975770925,0.5463208975770925,-0.02425794319572617,-0.02425794319572617,-0.05042446769456699,-0.05042446769456699,complete,complete
d5_a,precision,matched,,0.05211297488473799,0.05211297488473799,0.5161802496328928,0.5161802496328928,-0.02622212670232892,-0.02622212670232892,-0.04753808737151244,-0.04753808737151244,complete,complete
d5_b,precision,matched,,0.046498196641316714,0.046498196641316714,0.5452046622613802,0.5452046622613802,-0.03523192633155855,-0.03523192633155855,-0.05154070301027924,-0.05154070301027924,complete,complete
d5_a,recall,matched,,0.057060380141513024,0.057060380141513024,0.518448283773862,0.518448283773862,-0.031169531959103953,-0.031169531959103953,-0.04527005323054323,-0.04527005323054323,complete,complete
d5_b,recall,matched,,0.05115866900844352,0.05115866900844352,0.5477801486784141,0.5477801486784141,-0.039892398698685355,-0.039892398698685355,-0.048965216593245375,-0.048965216593245375,complete,complete
d5_a,f1,matched,,0.056663761661054995,0.056663761661054995,0.5175970539647577,0.5175970539647577,-0.030772913478645924,-0.030772913478645924,-0.046121283039647465,-0.046121283039647465,complete,complete
d5_b,f1,matched,,0.051044331757819625,0.051044331757819625,0.5468187867107195,0.5468187867107195,-0.03977806144806146,-0.03977806144806146,-0.04992657856093996,-0.04992657856093996,complete,complete
d5_a,artifact_peak_ratio,matched,,0.05211297488473799,0.05211297488473799,0.5161802496328928,0.5161802496328928,-0.02622212670232892,-0.02622212670232892,-0.04753808737151244,-0.04753808737151244,complete,complete
d5_b,artifact_peak_ratio,matched,,0.046498196641316714,0.046498196641316714,0.5452046622613802,0.5452046622613802,-0.03523192633155855,-0.03523192633155855,-0.05154070301027924,-0.05154070301027924,complete,complete
d5_a,missing_peak_ratio,matched,,0.057060380141513024,0.057060380141513024,0.518448283773862,0.518448283773862,-0.031169531959103953,-0.031169531959103953,-0.04527005323054323,-0.04527005323054323,complete,complete
d5_b,missing_peak_ratio,matched,,0.05115866900844352,0.05115866900844352,0.5477801486784141,0.5477801486784141,-0.039892398698685355,-0.039892398698685355,-0.048965216593245375,-0.048965216593245375,complete,complete
d2_5_a,mse,matched,,0.12800776615654616,0.12800776615654616,0.7940885416666668,0.7940885416666668,,,,,complete,complete
d2_5_b,mse,matched,,0.1403274719754123,0.1403274719754123,0.8020312500000001,0.8020312500000001,,,,,complete,complete
d2_5_a,rmse,matched,,0.12881608017260615,0.12881608017260615,0.7946614583333335,0.7946614583333335,-0.0008083140160599911,-0.0008083140160599911,0.0005729166666667007,0.0005729166666667007,complete,complete
d2_5_b,rmse,matched,,0.1407258377063015,0.1407258377063015,0.8018489583333334,0.8018489583333334,-0.0003983657308892219,-0.0003983657308892219,-0.00018229166666672292,-0.00018229166666672292,complete,complete
d2_5_a,mae,matched,,0.1218275064540057,0.1218275064540057,0.8047395833333333,0.8047395833333333,0.006180259702540464,0.006180259702540464,0.010651041666666528,0.010651041666666528,complete,complete
d2_5_b,mae,matched,,0.14397228485996066,0.14397228485996066,0.8015624999999998,0.8015624999999998,-0.0036448128845483763,-0.0036448128845483763,-0.0004687500000002398,-0.0004687500000002398,complete,complete
d2_5_a,sam,matched,,0.13897726286915224,0.13897726286915224,0.791875,0.791875,-0.01096949671260608,-0.01096949671260608,-0.002213541666666763,-0.002213541666666763,complete,complete
d2_5_b,sam,matched,,0.13721435681106922,0.13721435681106922,0.8005729166666667,0.8005729166666667,0.0031131151643430666,0.0031131151643430666,-0.0014583333333333393,-0.0014583333333333393,complete,complete
d2_5_a,pearson_r,matched,,0.12722789620160882,0.12722789620160882,0.7930729166666666,0.7930729166666666,0.00077986995493734,0.00077986995493734,-0.0010156250000001865,-0.0010156250000001865,complete,complete
d2_5_b,pearson_r,matched,,0.1391248700773135,0.1391248700773135,0.8002083333333333,0.8002083333333333,0.0012026018980987874,0.0012026018980987874,-0.001822916666666785,-0.001822916666666785,complete,complete
d2_5_a,nmse,matched,,0.10928518306365705,0.10928518306365705,0.7917968749999997,0.7917968749999997,0.018722583092889114,0.018722583092889114,-0.002291666666667025,-0.002291666666667025,complete,complete
d2_5_b,nmse,matched,,0.13403702212395432,0.13403702212395432,0.800546875,0.800546875,0.006290449851457963,0.006290449851457963,-0.0014843750000000933,-0.0014843750000000933,complete,complete
d2_5_a,wasserstein_1_cm1,matched,,0.053120470286407775,0.053120470286407775,0.83203125,0.83203125,0.07488729587013838,0.07488729587013838,0.03794270833333324,0.03794270833333324,complete,complete
d2_5_b,wasserstein_1_cm1,matched,,0.20989283465050015,0.20989283465050015,0.7366406249999998,0.7366406249999998,-0.06956536267508787,-0.06956536267508787,-0.06539062500000026,-0.06539062500000026,complete,complete
d2_5_a,is_like_structure_to_noise,matched,,0.3916731068568527,0.3916731068568527,0.29692708333333334,0.29692708333333334,-0.26366534070030656,-0.26366534070030656,-0.4971614583333334,-0.4971614583333334,complete,complete
d2_5_b,is_like_structure_to_noise,matched,,0.4253839446839741,0.4253839446839741,0.37328125,0.37328125,-0.2850564727085618,-0.2850564727085618,-0.4287500000000001,-0.4287500000000001,complete,complete
d2_5_a,precision,matched,,0.4262028812432644,0.4262028812432644,0.6178124999999999,0.6178124999999999,-0.29819511508671825,-0.29819511508671825,-0.17627604166666688,-0.17627604166666688,complete,complete
d2_5_b,precision,matched,,0.3840817258570806,0.3840817258570806,0.6676041666666668,0.6676041666666668,-0.24375425388166833,-0.24375425388166833,-0.1344270833333333,-0.1344270833333333,complete,complete
d2_5_a,recall,matched,,0.4277132876207225,0.4277132876207225,0.6244270833333333,0.6244270833333333,-0.2997055214641764,-0.2997055214641764,-0.16966145833333346,-0.16966145833333346,complete,complete
d2_5_b,recall,matched,,0.3885156130364344,0.3885156130364344,0.67234375,0.67234375,-0.2481881410610221,-0.2481881410610221,-0.12968750000000007,-0.12968750000000007,complete,complete
d2_5_a,f1,matched,,0.4360858530439565,0.4360858530439565,0.6220312499999999,0.6220312499999999,-0.30807808688741034,-0.30807808688741034,-0.17205729166666683,-0.17205729166666683,complete,complete
d2_5_b,f1,matched,,0.3826736126325487,0.3826736126325487,0.6719270833333332,0.6719270833333332,-0.2423461406571364,-0.2423461406571364,-0.1301041666666669,-0.1301041666666669,complete,complete
d2_5_a,artifact_peak_ratio,matched,,0.4262028812432644,0.4262028812432644,0.6178124999999999,0.6178124999999999,-0.29819511508671825,-0.29819511508671825,-0.17627604166666688,-0.17627604166666688,complete,complete
d2_5_b,artifact_peak_ratio,matched,,0.3840817258570806,0.3840817258570806,0.6676041666666668,0.6676041666666668,-0.24375425388166833,-0.24375425388166833,-0.1344270833333333,-0.1344270833333333,complete,complete
d2_5_a,missing_peak_ratio,matched,,0.4277132876207225,0.4277132876207225,0.6244270833333333,0.6244270833333333,-0.2997055214641764,-0.2997055214641764,-0.16966145833333346,-0.16966145833333346,complete,complete
d2_5_b,missing_peak_ratio,matched,,0.3885156130364344,0.3885156130364344,0.67234375,0.67234375,-0.2481881410610221,-0.2481881410610221,-0.12968750000000007,-0.12968750000000007,complete,complete
d2_10_a,mse,matched,,0.1600017184366217,0.1600017184366217,0.7833593749999999,0.7833593749999999,,,,,complete,complete
d2_10_b,mse,matched,,0.2865859764330646,0.2865859764330646,0.7897656249999999,0.7897656249999999,,,,,complete,complete
d2_10_a,rmse,matched,,0.16012393577250375,0.16012393577250375,0.7844791666666667,0.7844791666666667,-0.0001222173358820522,-0.0001222173358820522,0.0011197916666668695,0.0011197916666668695,complete,complete
d2_10_b,rmse,matched,,0.2870779634062815,0.2870779634062815,0.7896354166666665,0.7896354166666665,-0.0004919869732168958,-0.0004919869732168958,-0.00013020833333343695,-0.00013020833333343695,complete,complete
d2_10_a,mae,matched,,0.1529706860091944,0.1529706860091944,0.7953385416666668,0.7953385416666668,0.007031032427427308,0.007031032427427308,0.011979166666666985,0.011979166666666985,complete,complete
d2_10_b,mae,matched,,0.29112369592127446,0.29112369592127446,0.7884635416666667,0.7884635416666667,-0.004537719488209857,-0.004537719488209857,-0.0013020833333332593,-0.0013020833333332593,complete,complete
d2_10_a,sam,matched,,0.16664892238320667,0.16664892238320667,0.781953125,0.781953125,-0.0066472039465849675,-0.0066472039465849675,-0.0014062499999998312,-0.0014062499999998312,complete,complete
d2_10_b,sam,matched,,0.2736931946281863,0.2736931946281863,0.7883593750000001,0.7883593750000001,0.012892781804878295,0.012892781804878295,-0.0014062499999998312,-0.0014062499999998312,complete,complete
d2_10_a,pearson_r,matched,,0.15862276032614706,0.15862276032614706,0.7837760416666667,0.7837760416666667,0.001378958110474643,0.001378958110474643,0.0004166666666668428,0.0004166666666668428,complete,complete
d2_10_b,pearson_r,matched,,0.2799056546975217,0.2799056546975217,0.786640625,0.786640625,0.0066803217355428934,0.0066803217355428934,-0.0031249999999999334,-0.0031249999999999334,complete,complete
d2_10_a,nmse,matched,,0.13657593264380835,0.13657593264380835,0.7815364583333333,0.7815364583333333,0.023425785792813347,0.023425785792813347,-0.001822916666666563,-0.001822916666666563,complete,complete
d2_10_b,nmse,matched,,0.2731870869201924,0.2731870869201924,0.7887760416666667,0.7887760416666667,0.013398889512872214,0.013398889512872214,-0.0009895833333332105,-0.0009895833333332105,complete,complete
d2_10_a,wasserstein_1_cm1,matched,,0.04633408968857839,0.04633408968857839,0.8327083333333333,0.8327083333333333,0.11366762874804331,0.11366762874804331,0.049348958333333415,0.049348958333333415,complete,complete
d2_10_b,wasserstein_1_cm1,matched,,0.34806290625780667,0.34806290625780667,0.7249739583333334,0.7249739583333334,-0.061476929824742066,-0.061476929824742066,-0.06479166666666647,-0.06479166666666647,complete,complete
d2_10_a,is_like_structure_to_noise,matched,,0.4216292564290009,0.4216292564290009,0.29013020833333336,0.29013020833333336,-0.2616275379923792,-0.2616275379923792,-0.4932291666666665,-0.4932291666666665,complete,complete
d2_10_b,is_like_structure_to_noise,matched,,0.4670391414781468,0.4670391414781468,0.3849739583333333,0.3849739583333333,-0.1804531650450822,-0.1804531650450822,-0.4047916666666666,-0.4047916666666666,complete,complete
d2_10_a,precision,matched,,0.4518576065882411,0.4518576065882411,0.6071614583333335,0.6071614583333335,-0.2918558881516194,-0.2918558881516194,-0.1761979166666664,-0.1761979166666664,complete,complete
d2_10_b,precision,matched,,0.4265374838844232,0.4265374838844232,0.6771614583333334,0.6771614583333334,-0.1399515074513586,-0.1399515074513586,-0.1126041666666665,-0.1126041666666665,complete,complete
d2_10_a,recall,matched,,0.4514596610683407,0.4514596610683407,0.6140885416666666,0.6140885416666666,-0.291457942631719,-0.291457942631719,-0.16927083333333326,-0.16927083333333326,complete,complete
d2_10_b,recall,matched,,0.4369024639251238,0.4369024639251238,0.6758072916666666,0.6758072916666666,-0.15031648749205917,-0.15031648749205917,-0.11395833333333327,-0.11395833333333327,complete,complete
d2_10_a,f1,matched,,0.46081363073621845,0.46081363073621845,0.6116927083333333,0.6116927083333333,-0.30081191229959675,-0.30081191229959675,-0.17166666666666652,-0.17166666666666652,complete,complete
d2_10_b,f1,matched,,0.4257766487489219,0.4257766487489219,0.6778906249999999,0.6778906249999999,-0.1391906723158573,-0.1391906723158573,-0.11187500000000006,-0.11187500000000006,complete,complete
d2_10_a,artifact_peak_ratio,matched,,0.4518576065882411,0.4518576065882411,0.6071614583333335,0.6071614583333335,-0.2918558881516194,-0.2918558881516194,-0.1761979166666664,-0.1761979166666664,complete,complete
d2_10_b,artifact_peak_ratio,matched,,0.4265374838844232,0.4265374838844232,0.6771614583333334,0.6771614583333334,-0.1399515074513586,-0.1399515074513586,-0.1126041666666665,-0.1126041666666665,complete,complete
d2_10_a,missing_peak_ratio,matched,,0.4514596610683407,0.4514596610683407,0.6140885416666666,0.6140885416666666,-0.291457942631719,-0.291457942631719,-0.16927083333333326,-0.16927083333333326,complete,complete
d2_10_b,missing_peak_ratio,matched,,0.4369024639251238,0.4369024639251238,0.6758072916666666,0.6758072916666666,-0.15031648749205917,-0.15031648749205917,-0.11395833333333327,-0.11395833333333327,complete,complete
d2_20_a,mse,matched,,0.1696397967556941,0.1696397967556941,0.7665885416666668,0.7665885416666668,,,,,complete,complete
d2_20_b,mse,matched,,0.3709867314878044,0.3709867314878044,0.7807552083333333,0.7807552083333333,,,,,complete,complete
d2_20_a,rmse,matched,,0.16966693482986128,0.16966693482986128,0.7674739583333334,0.7674739583333334,-2.713807416718228e-05,-2.713807416718228e-05,0.0008854166666666385,0.0008854166666666385,complete,complete
d2_20_b,rmse,matched,,0.3710267787528018,0.3710267787528018,0.7804166666666666,0.7804166666666666,-4.004726499740041e-05,-4.004726499740041e-05,-0.00033854166666669183,-0.00033854166666669183,complete,complete
d2_20_a,mae,matched,,0.16246327819454195,0.16246327819454195,0.7784635416666668,0.7784635416666668,0.007176518561152145,0.007176518561152145,0.011874999999999969,0.011874999999999969,complete,complete
d2_20_b,mae,matched,,0.3746704932297833,0.3746704932297833,0.7777864583333334,0.7777864583333334,-0.003683761741978875,-0.003683761741978875,-0.0029687499999999645,-0.0029687499999999645,complete,complete
d2_20_a,sam,matched,,0.17548000366470684,0.17548000366470684,0.7648177083333334,0.7648177083333334,-0.005840206909012741,-0.005840206909012741,-0.001770833333333388,-0.001770833333333388,complete,complete
d2_20_b,sam,matched,,0.3540886411160671,0.3540886411160671,0.7786197916666667,0.7786197916666667,0.01689809037173734,0.01689809037173734,-0.002135416666666612,-0.002135416666666612,complete,complete
d2_20_a,pearson_r,matched,,0.16770650416439525,0.16770650416439525,0.7667447916666664,0.7667447916666664,0.0019332925912988463,0.0019332925912988463,0.00015624999999963585,0.00015624999999963585,complete,complete
d2_20_b,pearson_r,matched,,0.3618149010705993,0.3618149010705993,0.7770052083333333,0.7770052083333333,0.009171830417205096,0.009171830417205096,-0.003750000000000031,-0.003750000000000031,complete,complete
d2_20_a,nmse,matched,,0.14423992732624527,0.14423992732624527,0.7643749999999999,0.7643749999999999,0.02539986942944883,0.02539986942944883,-0.002213541666666874,-0.002213541666666874,complete,complete
d2_20_b,nmse,matched,,0.3550880743968808,0.3550880743968808,0.7787760416666666,0.7787760416666666,0.01589865709092364,0.01589865709092364,-0.001979166666666754,-0.001979166666666754,complete,complete
d2_20_a,wasserstein_1_cm1,matched,,0.043428461861171115,0.043428461861171115,0.8297916666666665,0.8297916666666665,0.126211334894523,0.126211334894523,0.0632031249999997,0.0632031249999997,complete,complete
d2_20_b,wasserstein_1_cm1,matched,,0.41748263282846837,0.41748263282846837,0.729140625,0.729140625,-0.04649590134066395,-0.04649590134066395,-0.05161458333333335,-0.05161458333333335,complete,complete
d2_20_a,is_like_structure_to_noise,matched,,0.41713186518626805,0.41713186518626805,0.29132812500000005,0.29132812500000005,-0.24749206843057395,-0.24749206843057395,-0.47526041666666674,-0.47526041666666674,complete,complete
d2_20_b,is_like_structure_to_noise,matched,,0.4834382041276222,0.4834382041276222,0.3804427083333333,0.3804427083333333,-0.11245147263981775,-0.11245147263981775,-0.4003125,-0.4003125,complete,complete
d2_20_a,precision,matched,,0.4467827853802707,0.4467827853802707,0.6055729166666667,0.6055729166666667,-0.27714298862457665,-0.27714298862457665,-0.1610156250000001,-0.1610156250000001,complete,complete
d2_20_b,precision,matched,,0.4264714572163512,0.4264714572163512,0.6830468749999999,0.6830468749999999,-0.05548472572854679,-0.05548472572854679,-0.0977083333333334,-0.0977083333333334,complete,complete
d2_20_a,recall,matched,,0.44654407909535354,0.44654407909535354,0.6123958333333334,0.6123958333333334,-0.27690428233965947,-0.27690428233965947,-0.15419270833333343,-0.15419270833333343,complete,complete
d2_20_b,recall,matched,,0.4423344569418659,0.4423344569418659,0.6822135416666666,0.6822135416666666,-0.07134772545406148,-0.07134772545406148,-0.09854166666666675,-0.09854166666666675,complete,complete
d2_20_a,f1,matched,,0.4546355938587237,0.4546355938587237,0.6101041666666666,0.6101041666666666,-0.2849957971030296,-0.2849957971030296,-0.15648437500000023,-0.15648437500000023,complete,complete
d2_20_b,f1,matched,,0.42903582509367005,0.42903582509367005,0.6841927083333332,0.6841927083333332,-0.05804909360586563,-0.05804909360586563,-0.0965625000000001,-0.0965625000000001,complete,complete
d2_20_a,artifact_peak_ratio,matched,,0.4467827853802707,0.4467827853802707,0.6055729166666667,0.6055729166666667,-0.27714298862457665,-0.27714298862457665,-0.1610156250000001,-0.1610156250000001,complete,complete
d2_20_b,artifact_peak_ratio,matched,,0.4264714572163512,0.4264714572163512,0.6830468749999999,0.6830468749999999,-0.05548472572854679,-0.05548472572854679,-0.0977083333333334,-0.0977083333333334,complete,complete
d2_20_a,missing_peak_ratio,matched,,0.44654407909535354,0.44654407909535354,0.6123958333333334,0.6123958333333334,-0.27690428233965947,-0.27690428233965947,-0.15419270833333343,-0.15419270833333343,complete,complete
d2_20_b,missing_peak_ratio,matched,,0.4423344569418659,0.4423344569418659,0.6822135416666666,0.6822135416666666,-0.07134772545406148,-0.07134772545406148,-0.09854166666666675,-0.09854166666666675,complete,complete
d1_a,mse,matched,,0.13791234504722982,0.13791234504722982,0.768984375,0.768984375,,,,,complete,complete
d1_a,rmse,matched,,0.13745149786247934,0.13745149786247934,0.769921875,0.769921875,0.00046084718475047914,0.00046084718475047914,0.0009374999999999245,0.0009374999999999245,complete,complete
d1_a,mae,matched,,0.13259187071189085,0.13259187071189085,0.7804947916666667,0.7804947916666667,0.0053204743353389705,0.0053204743353389705,0.011510416666666634,0.011510416666666634,complete,complete
d1_a,sam,matched,,0.14281020017039547,0.14281020017039547,0.7689843749999999,0.7689843749999999,-0.004897855123165651,-0.004897855123165651,-1.1102230246251565e-16,-1.1102230246251565e-16,complete,complete
d1_a,pearson_r,matched,,0.1362413932242301,0.1362413932242301,0.7703385416666666,0.7703385416666666,0.0016709518229997278,0.0016709518229997278,0.0013541666666665453,0.0013541666666665453,complete,complete
d1_a,nmse,matched,,0.11819446589497339,0.11819446589497339,0.7684895833333335,0.7684895833333335,0.019717879152256437,0.019717879152256437,-0.0004947916666665497,-0.0004947916666665497,complete,complete
d1_a,wasserstein_1_cm1,matched,,0.03914087083254116,0.03914087083254116,0.8309895833333335,0.8309895833333335,0.09877147421468865,0.09877147421468865,0.06200520833333345,0.06200520833333345,complete,complete
d1_a,is_like_structure_to_noise,matched,,0.38029605838842234,0.38029605838842234,0.29752604166666674,0.29752604166666674,-0.24238371334119252,-0.24238371334119252,-0.4714583333333333,-0.4714583333333333,complete,complete
d1_a,precision,matched,,0.35679836757739763,0.35679836757739763,0.613671875,0.613671875,-0.2188860225301678,-0.2188860225301678,-0.15531250000000008,-0.15531250000000008,complete,complete
d1_a,recall,matched,,0.3544911724417275,0.3544911724417275,0.6195052083333333,0.6195052083333333,-0.21657882739449769,-0.21657882739449769,-0.14947916666666672,-0.14947916666666672,complete,complete
d1_a,f1,matched,,0.36071038210306483,0.36071038210306483,0.6182552083333331,0.6182552083333331,-0.222798037055835,-0.222798037055835,-0.1507291666666669,-0.1507291666666669,complete,complete
d1_a,artifact_peak_ratio,matched,,0.35679836757739763,0.35679836757739763,0.613671875,0.613671875,-0.2188860225301678,-0.2188860225301678,-0.15531250000000008,-0.15531250000000008,complete,complete
d1_a,missing_peak_ratio,matched,,0.3544911724417275,0.3544911724417275,0.6195052083333333,0.6195052083333333,-0.21657882739449769,-0.21657882739449769,-0.14947916666666672,-0.14947916666666672,complete,complete
d4_a,mse,matched,,0.24243395478000976,0.24243395478000976,0.8901334635416667,0.8901334635416667,,,,,complete,complete
d4_b,mse,matched,,0.2758589535995071,0.2758589535995071,0.6319694010416667,0.6319694010416667,,,,,complete,complete
d4_a,rmse,matched,,0.24215878274649494,0.24215878274649494,0.8906477864583332,0.8906477864583332,0.00027517203351482,0.00027517203351482,0.000514322916666532,0.000514322916666532,complete,complete
d4_b,rmse,matched,,0.2759150033045257,0.2759150033045257,0.6322395833333334,0.6322395833333334,-5.6049705018601514e-05,-5.6049705018601514e-05,0.000270182291666754,0.000270182291666754,complete,complete
d4_a,mae,matched,,0.23611724261473271,0.23611724261473271,0.8857812500000001,0.8857812500000001,0.006316712165277044,0.006316712165277044,-0.004352213541666594,-0.004352213541666594,complete,complete
d4_b,mae,matched,,0.28106582112532347,0.28106582112532347,0.6211263020833333,0.6211263020833333,-0.005206867525816394,-0.005206867525816394,-0.010843098958333353,-0.010843098958333353,complete,complete
d4_a,sam,matched,,0.23498543815856776,0.23498543815856776,0.8904036458333333,0.8904036458333333,0.007448516621441997,0.007448516621441997,0.000270182291666643,0.000270182291666643,complete,complete
d4_b,sam,matched,,0.27023948455963964,0.27023948455963964,0.6317643229166666,0.6317643229166666,0.005619469039867431,0.005619469039867431,-0.00020507812500003553,-0.00020507812500003553,complete,complete
d4_a,pearson_r,matched,,0.21686280716579553,0.21686280716579553,0.8902018229166667,0.8902018229166667,0.025571147614214224,0.025571147614214224,6.835937500004885e-05,6.835937500004885e-05,complete,complete
d4_b,pearson_r,matched,,0.2706288753265359,0.2706288753265359,0.6317057291666667,0.6317057291666667,0.0052300782729711726,0.0052300782729711726,-0.00026367187499998224,-0.00026367187499998224,complete,complete
d4_a,nmse,matched,,0.1786897200580602,0.1786897200580602,0.8900976562500001,0.8900976562500001,0.06374423472194957,0.06374423472194957,-3.580729166652308e-05,-3.580729166652308e-05,complete,complete
d4_b,nmse,matched,,0.25840030392908286,0.25840030392908286,0.63212890625,0.63212890625,0.01745864967042421,0.01745864967042421,0.0001595052083332993,0.0001595052083332993,complete,complete
d4_a,wasserstein_1_cm1,matched,,0.22953527690634212,0.22953527690634212,0.8787174479166667,0.8787174479166667,0.012898677873667636,0.012898677873667636,-0.011416015624999942,-0.011416015624999942,complete,complete
d4_b,wasserstein_1_cm1,matched,,0.35661203723740115,0.35661203723740115,0.51375,0.51375,-0.08075308363789407,-0.08075308363789407,-0.11821940104166662,-0.11821940104166662,complete,complete
d4_a,is_like_structure_to_noise,matched,,0.254571278903147,0.254571278903147,0.3278515625,0.3278515625,-0.012137324123137255,-0.012137324123137255,-0.5622819010416666,-0.5622819010416666,complete,complete
d4_b,is_like_structure_to_noise,matched,,0.21432251595202145,0.21432251595202145,0.66087890625,0.66087890625,0.06153643764748562,0.06153643764748562,0.028909505208333353,0.028909505208333353,complete,complete
d4_a,precision,matched,,0.5568315765862667,0.5568315765862667,0.6716178385416666,0.6716178385416666,-0.31439762180625697,-0.31439762180625697,-0.2185156250000001,-0.2185156250000001,complete,complete
d4_b,precision,matched,,0.15937654270802787,0.15937654270802787,0.7020930989583333,0.7020930989583333,0.1164824108914792,0.1164824108914792,0.07012369791666662,0.07012369791666662,complete,complete
d4_a,recall,matched,,0.6144646175775044,0.6144646175775044,0.6700911458333334,0.6700911458333334,-0.37203066279749464,-0.37203066279749464,-0.22004231770833327,-0.22004231770833327,complete,complete
d4_b,recall,matched,,0.17017499057443483,0.17017499057443483,0.7073697916666667,0.7073697916666667,0.10568396302507224,0.10568396302507224,0.07540039062500004,0.07540039062500004,complete,complete
d4_a,f1,matched,,0.6092008425524229,0.6092008425524229,0.6725748697916667,0.6725748697916667,-0.3667668877724132,-0.3667668877724132,-0.21755859374999997,-0.21755859374999997,complete,complete
d4_b,f1,matched,,0.1656360314176975,0.1656360314176975,0.703076171875,0.703076171875,0.11022292218180957,0.11022292218180957,0.07110677083333339,0.07110677083333339,complete,complete
d4_a,artifact_peak_ratio,matched,,0.5568315765862667,0.5568315765862667,0.6716178385416666,0.6716178385416666,-0.31439762180625697,-0.31439762180625697,-0.2185156250000001,-0.2185156250000001,complete,complete
d4_b,artifact_peak_ratio,matched,,0.15937654270802787,0.15937654270802787,0.7020930989583333,0.7020930989583333,0.1164824108914792,0.1164824108914792,0.07012369791666662,0.07012369791666662,complete,complete
d4_a,missing_peak_ratio,matched,,0.6144646175775044,0.6144646175775044,0.6700911458333334,0.6700911458333334,-0.37203066279749464,-0.37203066279749464,-0.22004231770833327,-0.22004231770833327,complete,complete
d4_b,missing_peak_ratio,matched,,0.17017499057443483,0.17017499057443483,0.7073697916666667,0.7073697916666667,0.10568396302507224,0.10568396302507224,0.07540039062500004,0.07540039062500004,complete,complete
