panel_id,endpoint_id,protocol_id,family,alpha,scope,signed_mean,positive_mean,negative_mean,absolute_mean,signed_mean_lower,signed_mean_upper,positive_mean_lower,positive_mean_upper,negative_mean_lower,negative_mean_upper,absolute_mean_lower,absolute_mean_upper,positive_absolute_share,negative_absolute_share,zero_denominator_state
d1_a,d1,a,p08,integrated_equal_alpha,integrated,0.3936,0.4012083333333333,0.007608333333333332,0.4088166666666666,0.30953125,0.4695508333333333,0.3271091666666666,0.4709797916666666,0.0,0.02178333333333333,0.3387931249999999,0.4742952083333332,0.9813893758408415,0.018610624159158547,complete
d1_a,d1,a,p09,integrated_equal_alpha,integrated,0.159275,0.16018333333333332,0.0009083333333333343,0.16109166666666663,0.12491437499999998,0.19140895833333327,0.12646729166666665,0.19215812499999996,0.00025812499999999984,0.0017750000000000016,0.12803374999999997,0.19252958333333328,0.9943613884434329,0.0056386115565671795,complete
d1_a,d1,a,p10,integrated_equal_alpha,integrated,0.42644166666666655,0.42710833333333326,0.0006666666666666673,0.4277749999999999,0.3549402083333334,0.49522041666666666,0.35609104166666666,0.49560145833333324,0.0,0.001775000000000001,0.35667375,0.49593875,0.9984415483217424,0.001558451678257653,complete
d1_a,d1,a,p11,integrated_equal_alpha,integrated,0.09037500000000001,0.10810000000000002,0.017725000000000005,0.125825,0.039236875000000004,0.14724895833333332,0.06318479166666666,0.16025958333333332,0.00671520833333334,0.030721249999999974,0.08340833333333333,0.17350270833333337,0.8591297436916354,0.14087025630836483,complete
d1_a,d1,a,p12,integrated_equal_alpha,integrated,0.02100833333333333,0.03038333333333333,0.009375000000000001,0.039758333333333326,0.002700000000000002,0.04350374999999998,0.014689374999999992,0.05079333333333332,0.004491041666666672,0.014917083333333336,0.024830833333333337,0.05869708333333331,0.7642003772793965,0.23579962272060373,complete
d2_5_a,d2_5,a,p08,integrated_equal_alpha,integrated,0.233475,0.23463333333333333,0.001158333333333333,0.23579166666666668,0.18659604166666668,0.27932312499999995,0.18889125,0.28005374999999993,8.333333333332878e-06,0.0034333333333333325,0.19104395833333335,0.28098666666666666,0.9950874712846792,0.0049125287153207265,complete
d2_5_a,d2_5,a,p09,integrated_equal_alpha,integrated,0.09134166666666668,0.09215833333333334,0.0008166666666666639,0.092975,0.07010666666666669,0.11270937500000001,0.07130375,0.11329479166666663,0.0003083333333333336,0.001424999999999995,0.07232791666666667,0.11393375000000001,0.9912162767769114,0.008783723223088614,complete
d2_5_a,d2_5,a,p10,integrated_equal_alpha,integrated,0.2531166666666667,0.25327500000000003,0.0001583333333333335,0.2534333333333334,0.20749250000000002,0.29756062499999997,0.20762291666666668,0.29782520833333337,8.33333333333334e-06,0.000366666666666667,0.20775333333333335,0.29801854166666664,0.9993752466131789,0.0006247533868209921,complete
d2_5_a,d2_5,a,p11,integrated_equal_alpha,integrated,0.010441666666666674,0.028541666666666667,0.01809999999999999,0.04664166666666666,-0.00871937499999998,0.030993541666666652,0.016899791666666653,0.04222833333333331,0.007915208333333318,0.02923333333333333,0.035065208333333306,0.059552291666666646,0.6119349651599072,0.3880650348400928,complete
d2_5_a,d2_5,a,p12,integrated_equal_alpha,integrated,-0.0005833333333333195,0.009783333333333338,0.01036666666666666,0.020149999999999998,-0.009541875000000003,0.008492083333333357,0.005391458333333339,0.015117083333333335,0.004749374999999982,0.016450624999999997,0.01465749999999999,0.026001458333333335,0.48552522746071164,0.5144747725392884,complete
d2_5_b,d2_5,b,p08,integrated_equal_alpha,integrated,0.1254,0.12656666666666666,0.0011666666666666694,0.12773333333333337,0.09683062500000002,0.15498479166666665,0.09848291666666667,0.1553035416666666,0.0001750000000000027,0.0027502083333333337,0.10041187500000001,0.15600416666666664,0.9908663883089768,0.009133611691022983,complete
d2_5_b,d2_5,b,p09,integrated_equal_alpha,integrated,0.1899666666666667,0.19438333333333332,0.004416666666666665,0.1988,0.14258916666666668,0.23737291666666663,0.14912895833333334,0.240500625,0.001608125000000002,0.007850624999999988,0.15450729166666669,0.24354479166666668,0.9777833668678738,0.02221663313212608,complete
d2_5_b,d2_5,b,p10,integrated_equal_alpha,integrated,0.31545833333333334,0.31825833333333337,0.0028,0.32105833333333333,0.25258145833333334,0.37706937499999993,0.25645979166666666,0.37869437499999997,0.0009747916666666672,0.0051833333333333315,0.2602666666666667,0.38046,0.9912788434085188,0.008721156591481299,complete
d2_5_b,d2_5,b,p11,integrated_equal_alpha,integrated,-0.04822499999999999,0.0015916666666666713,0.049816666666666655,0.05140833333333334,-0.0629425,-0.03408124999999999,0.0004997916666666675,0.0029418750000000105,0.03616479166666667,0.06387520833333334,0.03835,0.06490041666666665,0.030961257902415388,0.9690387420975843,complete
d2_5_b,d2_5,b,p12,integrated_equal_alpha,integrated,-0.02529999999999999,0.00323333333333334,0.028533333333333334,0.03176666666666667,-0.03605145833333334,-0.015519583333333361,0.0012997916666666717,0.0055418750000000155,0.019783124999999988,0.03804166666666667,0.02364729166666666,0.04038354166666667,0.1017838405036728,0.8982161594963273,complete
d2_10_a,d2_10,a,p08,integrated_equal_alpha,integrated,0.3092083333333333,0.30955,0.0003416666666666667,0.3098916666666666,0.2562977083333334,0.3611370833333333,0.25654479166666666,0.36146854166666664,0.0,0.0009999999999999998,0.256890625,0.3616864583333333,0.9988974641675855,0.0011025358324145537,complete
d2_10_a,d2_10,a,p09,integrated_equal_alpha,integrated,0.10734999999999999,0.10809166666666666,0.0007416666666666687,0.10883333333333332,0.08411624999999996,0.13022187499999996,0.08511333333333333,0.13088479166666664,0.00028333333333333677,0.0013750000000000012,0.08595666666666665,0.13146416666666663,0.9931852986217458,0.00681470137825423,complete
d2_10_a,d2_10,a,p10,integrated_equal_alpha,integrated,0.33178333333333326,0.33197499999999996,0.00019166666666666822,0.33216666666666667,0.2779729166666666,0.3833683333333333,0.278298125,0.38356104166666666,8.33333333333334e-06,0.00047500000000000135,0.27859687499999997,0.3836904166666666,0.9994229804315102,0.0005770195684897186,complete
d2_10_a,d2_10,a,p11,integrated_equal_alpha,integrated,0.025149999999999968,0.046074999999999984,0.020925000000000017,0.067,-0.003736041666666688,0.0548845833333333,0.02637354166666665,0.06855562499999995,0.008407291666666677,0.03565895833333334,0.04892458333333334,0.0878675,0.6876865671641789,0.31231343283582114,complete
d2_10_a,d2_10,a,p12,integrated_equal_alpha,integrated,0.002941666666666649,0.014333333333333328,0.011391666666666678,0.025725000000000005,-0.009641666666666679,0.014891874999999992,0.00809083333333333,0.021293958333333314,0.004049583333333343,0.020143958333333333,0.018232083333333322,0.03410041666666667,0.5571752510528017,0.4428247489471983,complete
d2_10_b,d2_10,b,p08,integrated_equal_alpha,integrated,0.06084999999999998,0.06247499999999998,0.0016250000000000038,0.06409999999999999,0.045082708333333325,0.07810833333333331,0.04790729166666666,0.07871062499999996,0.00011666666666666862,0.004150208333333339,0.050372083333333324,0.07971666666666664,0.9746489859594383,0.025351014040561688,complete
d2_10_b,d2_10,b,p09,integrated_equal_alpha,integrated,0.20709166666666665,0.21470833333333333,0.0076166666666666735,0.222325,0.15809895833333334,0.2552708333333332,0.16798624999999998,0.26070833333333326,0.003699583333333338,0.01218375000000001,0.17701416666666672,0.26648083333333333,0.9657408448592526,0.034259155140747434,complete
d2_10_b,d2_10,b,p10,integrated_equal_alpha,integrated,0.3855166666666667,0.38697499999999996,0.0014583333333333354,0.3884333333333333,0.3172554166666666,0.4507879166666667,0.31889458333333337,0.45152895833333323,0.0002666666666666669,0.0031502083333333404,0.3205429166666667,0.45252708333333325,0.9962456019909036,0.0037543980090963755,complete
d2_10_b,d2_10,b,p11,integrated_equal_alpha,integrated,-0.03736666666666668,0.002449999999999993,0.039816666666666674,0.04226666666666667,-0.04899312500000001,-0.025263750000000043,3.333333333333244e-05,0.006525208333333315,0.02953333333333334,0.05034270833333334,0.03248208333333335,0.052260833333333326,0.05796529968454242,0.9420347003154576,complete
d2_10_b,d2_10,b,p12,integrated_equal_alpha,integrated,-0.021550000000000017,0.003433333333333324,0.02498333333333334,0.02841666666666666,-0.031083958333333352,-0.011464375000000042,0.0008247916666666619,0.007783541666666645,0.017290833333333335,0.03304270833333334,0.021015416666666658,0.036033333333333334,0.12082111436950116,0.879178885630499,complete
d2_20_a,d2_20,a,p08,integrated_equal_alpha,integrated,0.348025,0.3503833333333333,0.002358333333333333,0.3527416666666667,0.28488562500000003,0.40354187499999994,0.28917958333333327,0.40503020833333336,0.0,0.0070666666666666655,0.29399666666666663,0.40686666666666665,0.9933142762644994,0.006685723735500483,complete
d2_20_a,d2_20,a,p09,integrated_equal_alpha,integrated,0.11584166666666669,0.11667500000000004,0.0008333333333333357,0.11750833333333337,0.08876145833333333,0.141376875,0.08939166666666669,0.14212583333333337,0.00031666666666666833,0.001491666666666667,0.09041937500000001,0.1428691666666667,0.9929083043755763,0.007091695624423818,complete
d2_20_a,d2_20,a,p10,integrated_equal_alpha,integrated,0.3768500000000001,0.3781333333333334,0.0012833333333333334,0.3794166666666667,0.317988125,0.43167520833333334,0.3201416666666666,0.4317858333333332,0.0,0.003783541666666665,0.32222125,0.4325558333333333,0.9966176147594993,0.0033823852405007685,complete
d2_20_a,d2_20,a,p11,integrated_equal_alpha,integrated,0.037933333333333354,0.05861666666666668,0.020683333333333328,0.07930000000000001,0.0032989583333333456,0.07295645833333331,0.03652437500000001,0.08485875000000001,0.005799374999999997,0.03911833333333332,0.05769979166666667,0.10177708333333332,0.7391761244220261,0.2608238755779738,complete
d2_20_a,d2_20,a,p12,integrated_equal_alpha,integrated,0.005466666666666677,0.016616666666666686,0.01115000000000001,0.027766666666666696,-0.00805020833333331,0.018393541666666683,0.010216041666666687,0.02390958333333336,0.0033906250000000086,0.02061729166666668,0.019698750000000036,0.03667083333333337,0.5984393757503002,0.40156062424969985,complete
d2_20_b,d2_20,b,p08,integrated_equal_alpha,integrated,0.02392500000000002,0.02650833333333335,0.0025833333333333316,0.029091666666666682,0.01323333333333335,0.03616000000000001,0.01728187499999999,0.03724416666666669,0.000424791666666668,0.005926041666666662,0.020257499999999994,0.039160208333333356,0.911200229160699,0.08879977083930095,complete
d2_20_b,d2_20,b,p09,integrated_equal_alpha,integrated,0.20225,0.20882500000000004,0.006575000000000001,0.2154,0.15209895833333334,0.2510029166666667,0.16247937500000004,0.2546704166666667,0.0017745833333333333,0.012709583333333324,0.17270500000000003,0.25871083333333333,0.9694753946146705,0.030524605385329622,complete
d2_20_b,d2_20,b,p10,integrated_equal_alpha,integrated,0.41914999999999997,0.4202916666666666,0.0011416666666666682,0.4214333333333334,0.34470708333333333,0.4882841666666667,0.346805,0.4885666666666666,6.666666666666672e-05,0.0026750000000000025,0.348705,0.48910916666666665,0.9972909910622476,0.002709008937752119,complete
d2_20_b,d2_20,b,p11,integrated_equal_alpha,integrated,-0.02029166666666666,0.0021333333333333326,0.02242499999999999,0.024558333333333328,-0.028050208333333295,-0.013082916666666677,0.0006666666666666677,0.004041666666666665,0.016257291666666666,0.029209374999999982,0.018982500000000013,0.030917916666666632,0.08686800135731251,0.9131319986426872,complete
d2_20_b,d2_20,b,p12,integrated_equal_alpha,integrated,-0.010674999999999995,0.0035000000000000022,0.014174999999999997,0.017674999999999996,-0.017100624999999973,-0.004198958333333336,0.0012247916666666685,0.00619166666666666,0.009391666666666685,0.019466874999999988,0.01354083333333333,0.02242541666666666,0.1980198019801982,0.8019801980198019,complete
d4_a,d4,a,p08,integrated_equal_alpha,integrated,14.300894284378083,14.300894284378083,0.0,14.300894284378083,13.101591366990899,15.57040926204691,13.101591366990899,15.57040926204691,0.0,0.0,13.101591366990899,15.57040926204691,1.0,0.0,complete
d4_a,d4,a,p09,integrated_equal_alpha,integrated,2.8606195713551585,2.8606195713551585,0.0,2.8606195713551585,2.7985631581690464,2.922352150148123,2.7985631581690464,2.922352150148123,0.0,0.0,2.7985631581690464,2.922352150148123,1.0,0.0,complete
d4_a,d4,a,p10,integrated_equal_alpha,integrated,19.9480200078336,19.9480200078336,0.0,19.9480200078336,18.99228186540965,20.910909405596826,18.99228186540965,20.910909405596826,0.0,0.0,18.99228186540965,20.910909405596826,1.0,0.0,complete
d4_a,d4,a,p11,integrated_equal_alpha,integrated,0.0013440463797569852,0.0025194702962374775,0.0011754239164804925,0.0036948942127179706,0.0006565665821322415,0.0020122960436891133,0.00218893219737108,0.002902892029122885,0.000705024887083422,0.0017448861680512129,0.0031540616677510386,0.004340183770745112,0.6818788715426174,0.31812112845738244,complete
d4_a,d4,a,p12,integrated_equal_alpha,integrated,-0.000814610800653235,0.00029678604405640956,0.0011113968447096444,0.001408182888766054,-0.0012560100297530313,-0.00043849152059173736,0.00010606544375541168,0.0006254341777777526,0.0007706337855826988,0.001543918673761391,0.000921756690428308,0.0020213915464315766,0.2107581667296595,0.7892418332703405,complete
d4_b,d4,b,p08,integrated_equal_alpha,integrated,-0.0036140886276580823,0.00047021211048866007,0.004084300738146743,0.004554512848635403,-0.005331626774497194,-0.002088395443854023,7.636061450787054e-05,0.0012054877046211096,0.002727600781555837,0.005714136433698561,0.0030079229767224092,0.00637666889223707,0.10324092303956114,0.8967590769604389,complete
d4_b,d4,b,p09,integrated_equal_alpha,integrated,0.0732719151230743,0.07742158096909528,0.004149665846020997,0.08157124681511628,0.06557564428378031,0.0804252409538971,0.07264667832732274,0.08241579368489314,0.0004257147670105609,0.009419191369351172,0.07598523936394012,0.0875062937458721,0.9491283263644805,0.0508716736355194,complete
d4_b,d4,b,p10,integrated_equal_alpha,integrated,0.06905392339763826,0.07248082822031066,0.003426904822672395,0.07590773304298305,0.06216086444856887,0.07523009238711534,0.06803727971172761,0.07700612134562711,0.0003385970502372813,0.00802411968958757,0.07058060344635231,0.08145762985763366,0.9548543384804826,0.04514566151951734,complete
d4_b,d4,b,p11,integrated_equal_alpha,integrated,-0.0005090437450817042,0.0006170920447171042,0.0011261357897988087,0.0017432278345159127,-0.0015329241252032336,0.00030461966642849264,0.0003185406571194537,0.0010354562745113365,0.00044469285816532803,0.0020996055991015523,0.0009553489592664644,0.002783740463937358,0.35399391433447835,0.6460060856655218,complete
d4_b,d4,b,p12,integrated_equal_alpha,integrated,-0.00047446930707186564,0.0005051902263915348,0.0009796595334634005,0.0014848497598549356,-0.0014000789389648327,0.0002386283566328992,0.0002724754288178459,0.000838294410647365,0.00035123511769897354,0.0018673325665448136,0.0007856219848593473,0.0024165409721997213,0.34022986031993574,0.6597701396800641,complete
d5_a,d5,a,p08,integrated_equal_alpha,integrated,0.0831945304756428,0.10419042609984239,0.020995895624199592,0.12518632172404198,0.069767039828645,0.0975910401535057,0.09212309543532012,0.11672618263201963,0.01669051586211553,0.025608054719081702,0.11323699889934058,0.13749169251371893,0.8322828298247912,0.16771717017520885,complete
d5_a,d5,a,p09,integrated_equal_alpha,integrated,0.016569775875943278,0.026263180448202476,0.009693404572259198,0.03595658502046167,0.009894083000842362,0.023266913052327417,0.02077462895951332,0.03219194344263177,0.007121129349928909,0.012452866720487862,0.03032766990693064,0.04190589874923575,0.7304136483833765,0.2695863516166235,complete
d5_a,d5,a,p10,integrated_equal_alpha,integrated,0.06829027122942322,0.08026879890178348,0.01197852767236027,0.09224732657414375,0.057526910102970126,0.0799412029223428,0.07005551867267176,0.09167012234227266,0.00913684235235722,0.015051432916589851,0.0821370020678253,0.10357549926313693,0.8701476983971722,0.12985230160282785,complete
d5_a,d5,a,p11,integrated_equal_alpha,integrated,0.00352426880510581,0.008780198937137263,0.005255930132031454,0.014036129069168717,0.00045159250624559016,0.006942294874219434,0.006270332931263548,0.011454512941985408,0.003571826370215688,0.0071887505085467636,0.010876928637115861,0.017005318750225137,0.6255427613887898,0.3744572386112102,complete
d5_a,d5,a,p12,integrated_equal_alpha,integrated,-0.00011013215859030836,0.0001651982378854626,0.00027533039647577095,0.0004405286343612336,-0.0005323054331864906,0.00031204111600587384,0.0,0.00047723935389133644,0.0,0.0006607929515418504,7.34214390602056e-05,0.00091776798825257,0.375,0.6249999999999999,complete
d5_b,d5,b,p08,integrated_equal_alpha,integrated,0.09617463880955071,0.11609515158523968,0.019920512775688987,0.13601566436092868,0.08143081626217641,0.11126474508013606,0.10301155550019811,0.13025430129505022,0.01605338487737992,0.024489236620982215,0.12284490595063283,0.15002054528417413,0.853542510200676,0.14645748979932396,complete
d5_b,d5,b,p09,integrated_equal_alpha,integrated,0.06283750156272183,0.07228898222840954,0.009451480665687713,0.08174046289409725,0.05230392600419445,0.07407540578124967,0.062561709964656,0.08295559309067707,0.007157002424072909,0.011969222359159032,0.07221159323065986,0.09227078173371539,0.884372068238309,0.115627931761691,complete
d5_b,d5,b,p10,integrated_equal_alpha,integrated,0.1171144868143767,0.12793285907272692,0.010818372258350232,0.13875123133107717,0.10282658736678559,0.13225767087069398,0.11438324586624421,0.14265296152238607,0.007950818925832692,0.013913033106659208,0.12556764532019213,0.1529353829601627,0.9220304414269571,0.07796955857304279,complete
d5_b,d5,b,p11,integrated_equal_alpha,integrated,-0.0003137892455073072,0.00016519823788546255,0.00047898748339276977,0.0006441857212782323,-0.0011013215859030838,0.0002552706104468216,0.0,0.00044052863436123345,1.835535976505139e-05,0.0012376756870148941,0.00011013215859030836,0.0014108060625131105,0.2564450474898236,0.7435549525101764,complete
d5_b,d5,b,p12,integrated_equal_alpha,integrated,0.00019404237465911472,0.00019404237465911472,0.0,0.00019404237465911472,0.0,0.0005454164044472414,0.0,0.0005454164044472414,0.0,0.0,0.0,0.0005454164044472414,1.0,0.0,complete
