finding_type,panel_id,analysis_id,outcome,point_effect,lower_95,upper_95,holm_adjusted_p,status,note
panel_effect,d1_a,native_all5,AG,0.09877147421468865,0.05927664176439863,0.13209836381950693,,complete,positive favors W1; intervals are paired cluster-bootstrap 95%
panel_effect,d1_a,native_all5,OC,0.06200520833333345,0.03541601562500001,0.08661458333333331,,complete,positive favors W1; intervals are paired cluster-bootstrap 95%
panel_effect,d1_a,native_no_axis,AG,0.15989026684200625,0.09422948705891913,0.23193516235086423,0.013499865001349988,complete,positive favors W1; intervals are paired cluster-bootstrap 95%
panel_effect,d1_a,native_no_axis,OC,0.13177083333333328,0.08298394097222225,0.17649522569444437,0.0015999840001599986,complete,positive favors W1; intervals are paired cluster-bootstrap 95%
panel_effect,d1_a,common_grid_all5,AG,0.14031671802671936,0.07332095170753147,0.19698002479464835,0.01975980240197598,complete,positive favors W1; intervals are paired cluster-bootstrap 95%
panel_effect,d1_a,common_grid_all5,OC,0.08104166666666646,0.04400130208333334,0.11344140624999997,0.006819931800681993,complete,positive favors W1; intervals are paired cluster-bootstrap 95%
panel_effect,d1_a,common_grid_no_axis,AG,0.16271053108210964,0.09852256173159053,0.23589875601416754,0.013749862501374985,complete,positive favors W1; intervals are paired cluster-bootstrap 95%
panel_effect,d1_a,common_grid_no_axis,OC,0.15503472222222237,0.09947916666666669,0.2031293402777778,0.0009199908000919991,complete,positive favors W1; intervals are paired cluster-bootstrap 95%
panel_effect,d2_5_a,native_all5,AG,0.07488729587013838,0.04800918774988762,0.09661065423743882,,complete,positive favors W1; intervals are paired cluster-bootstrap 95%
panel_effect,d2_5_a,native_all5,OC,0.03794270833333324,0.01538606770833334,0.06078515624999999,,complete,positive favors W1; intervals are paired cluster-bootstrap 95%
panel_effect,d2_5_a,native_no_axis,AG,0.10854923321528799,0.0685129088321241,0.1428213530931883,0.0028799712002879974,complete,positive favors W1; intervals are paired cluster-bootstrap 95%
panel_effect,d2_5_a,native_no_axis,OC,0.08550347222222199,0.04348958333333337,0.12960069444444447,0.013499865001349988,complete,positive favors W1; intervals are paired cluster-bootstrap 95%
panel_effect,d2_5_a,common_grid_all5,AG,0.12710498306012158,0.09042184946572371,0.15726503487862156,0.0033999660003399966,complete,positive favors W1; intervals are paired cluster-bootstrap 95%
panel_effect,d2_5_a,common_grid_all5,OC,0.08020833333333344,0.041714843750000015,0.11677213541666666,0.011999880001199987,complete,positive favors W1; intervals are paired cluster-bootstrap 95%
panel_effect,d2_5_a,common_grid_no_axis,AG,0.10964208375216054,0.07041780705383792,0.14705045957263044,0.0033999660003399966,complete,positive favors W1; intervals are paired cluster-bootstrap 95%
panel_effect,d2_5_a,common_grid_no_axis,OC,0.11163194444444446,0.06753472222222223,0.15815972222222216,0.0022199778002219978,complete,positive favors W1; intervals are paired cluster-bootstrap 95%
panel_effect,d2_5_b,native_all5,AG,-0.06956536267508787,-0.09817681331101122,-0.05005117318174315,,complete,positive favors W1; intervals are paired cluster-bootstrap 95%
panel_effect,d2_5_b,native_all5,OC,-0.06539062500000026,-0.08130208333333333,-0.047108723958333334,,complete,positive favors W1; intervals are paired cluster-bootstrap 95%
panel_effect,d2_5_b,native_no_axis,AG,-0.09252246421074861,-0.14620759506970435,-0.060800423830751,0.013749862501374985,complete,positive favors W1; intervals are paired cluster-bootstrap 95%
panel_effect,d2_5_b,native_no_axis,OC,-0.12100694444444426,-0.1573849826388889,-0.0816818576388889,0.0006599934000659994,complete,positive favors W1; intervals are paired cluster-bootstrap 95%
panel_effect,d2_5_b,common_grid_all5,AG,0.07545299571757835,0.03121189764569183,0.10723315457930734,0.05363946360536395,complete,positive favors W1; intervals are paired cluster-bootstrap 95%
panel_effect,d2_5_b,common_grid_all5,OC,0.05885416666666665,0.03759765625000001,0.07677343749999997,0.0009199908000919991,complete,positive favors W1; intervals are paired cluster-bootstrap 95%
panel_effect,d2_5_b,common_grid_no_axis,AG,-0.09107305550014735,-0.14822194849348722,-0.06166141092660347,0.017799822001779982,complete,positive favors W1; intervals are paired cluster-bootstrap 95%
panel_effect,d2_5_b,common_grid_no_axis,OC,-0.12777777777777766,-0.1680598958333333,-0.08610677083333335,0.0006599934000659994,complete,positive favors W1; intervals are paired cluster-bootstrap 95%
panel_effect,d2_10_a,native_all5,AG,0.11366762874804331,0.08318861043127083,0.1411335990097045,,complete,positive favors W1; intervals are paired cluster-bootstrap 95%
panel_effect,d2_10_a,native_all5,OC,0.049348958333333415,0.027080729166666696,0.07072916666666668,,complete,positive favors W1; intervals are paired cluster-bootstrap 95%
panel_effect,d2_10_a,native_no_axis,AG,0.17028933266633875,0.12150569887071554,0.2188003335995571,0.0009199908000919991,complete,positive favors W1; intervals are paired cluster-bootstrap 95%
panel_effect,d2_10_a,native_no_axis,OC,0.11684027777777783,0.07299696180555554,0.1590299479166667,0.0009199908000919991,complete,positive favors W1; intervals are paired cluster-bootstrap 95%
panel_effect,d2_10_a,common_grid_all5,AG,0.16508152526434575,0.12191250143322604,0.2059470135895061,0.0015999840001599986,complete,positive favors W1; intervals are paired cluster-bootstrap 95%
panel_effect,d2_10_a,common_grid_all5,OC,0.08229166666666665,0.041979166666666665,0.11906380208333331,0.012319876801231987,complete,positive favors W1; intervals are paired cluster-bootstrap 95%
panel_effect,d2_10_a,common_grid_no_axis,AG,0.17250919991677555,0.1256172991966935,0.22408593248648417,0.0009199908000919991,complete,positive favors W1; intervals are paired cluster-bootstrap 95%
panel_effect,d2_10_a,common_grid_no_axis,OC,0.1454861111111111,0.09930121527777776,0.18819878472222226,0.0006599934000659994,complete,positive favors W1; intervals are paired cluster-bootstrap 95%
panel_effect,d2_10_b,native_all5,AG,-0.061476929824742066,-0.08873892406422768,-0.04051472795202866,,complete,positive favors W1; intervals are paired cluster-bootstrap 95%
panel_effect,d2_10_b,native_all5,OC,-0.06479166666666647,-0.07791861979166664,-0.05054557291666666,,complete,positive favors W1; intervals are paired cluster-bootstrap 95%
panel_effect,d2_10_b,native_no_axis,AG,-0.0808984404366328,-0.12421224026052499,-0.049967088036799556,0.014959850401495986,complete,positive favors W1; intervals are paired cluster-bootstrap 95%
panel_effect,d2_10_b,native_no_axis,OC,-0.11736111111111103,-0.14288194444444444,-0.09018663194444448,0.0006599934000659994,complete,positive favors W1; intervals are paired cluster-bootstrap 95%
panel_effect,d2_10_b,common_grid_all5,AG,0.03296663892873197,-0.005793046682685629,0.056368877244983906,0.6864131358686414,complete,positive favors W1; intervals are paired cluster-bootstrap 95%
panel_effect,d2_10_b,common_grid_all5,OC,0.061822916666666394,0.04551822916666668,0.07619921875,0.0006599934000659994,complete,positive favors W1; intervals are paired cluster-bootstrap 95%
panel_effect,d2_10_b,common_grid_no_axis,AG,-0.08422081865820352,-0.13355143630691488,-0.057426546971235455,0.013749862501374985,complete,positive favors W1; intervals are paired cluster-bootstrap 95%
panel_effect,d2_10_b,common_grid_no_axis,OC,-0.12760416666666663,-0.15538628472222227,-0.09773871527777779,0.0006599934000659994,complete,positive favors W1; intervals are paired cluster-bootstrap 95%
panel_effect,d2_20_a,native_all5,AG,0.126211334894523,0.0904820367821554,0.15705169718623793,,complete,positive favors W1; intervals are paired cluster-bootstrap 95%
panel_effect,d2_20_a,native_all5,OC,0.0632031249999997,0.03802083333333335,0.086224609375,,complete,positive favors W1; intervals are paired cluster-bootstrap 95%
panel_effect,d2_20_a,native_no_axis,AG,0.18717207370821176,0.12971477016548075,0.24304744969653835,0.0009199908000919991,complete,positive favors W1; intervals are paired cluster-bootstrap 95%
panel_effect,d2_20_a,native_no_axis,OC,0.13072916666666679,0.08124782986111112,0.17257161458333334,0.0006599934000659994,complete,positive favors W1; intervals are paired cluster-bootstrap 95%
panel_effect,d2_20_a,common_grid_all5,AG,0.1735888801491886,0.12616231489985497,0.22023894723246074,0.001899981000189998,complete,positive favors W1; intervals are paired cluster-bootstrap 95%
panel_effect,d2_20_a,common_grid_all5,OC,0.07552083333333315,0.034686197916666675,0.11182291666666669,0.014959850401495986,complete,positive favors W1; intervals are paired cluster-bootstrap 95%
panel_effect,d2_20_a,common_grid_no_axis,AG,0.18872292623354253,0.13260452624354477,0.24801118257272728,0.0006599934000659994,complete,positive favors W1; intervals are paired cluster-bootstrap 95%
panel_effect,d2_20_a,common_grid_no_axis,OC,0.15972222222222243,0.10520399305555556,0.20521701388888883,0.0006599934000659994,complete,positive favors W1; intervals are paired cluster-bootstrap 95%
panel_effect,d2_20_b,native_all5,AG,-0.04649590134066395,-0.07577789059784337,-0.026677157952212354,,complete,positive favors W1; intervals are paired cluster-bootstrap 95%
panel_effect,d2_20_b,native_all5,OC,-0.05161458333333335,-0.06539127604166665,-0.03752473958333334,,complete,positive favors W1; intervals are paired cluster-bootstrap 95%
panel_effect,d2_20_b,native_no_axis,AG,-0.05717590174236814,-0.09815712273391118,-0.03123926998221828,0.09183908160918391,complete,positive favors W1; intervals are paired cluster-bootstrap 95%
panel_effect,d2_20_b,native_no_axis,OC,-0.10017361111111123,-0.13698133680555558,-0.06169921875000009,0.0033999660003399966,complete,positive favors W1; intervals are paired cluster-bootstrap 95%
panel_effect,d2_20_b,common_grid_all5,AG,0.017480964279140254,-0.019684012432783105,0.03423126603298705,1.0,complete,positive favors W1; intervals are paired cluster-bootstrap 95%
panel_effect,d2_20_b,common_grid_all5,OC,0.060416666666666674,0.04510416666666666,0.0748997395833333,0.0006599934000659994,complete,positive favors W1; intervals are paired cluster-bootstrap 95%
panel_effect,d2_20_b,common_grid_no_axis,AG,-0.06328237754731053,-0.1109433138611496,-0.04092363529003632,0.07071929280707193,complete,positive favors W1; intervals are paired cluster-bootstrap 95%
panel_effect,d2_20_b,common_grid_no_axis,OC,-0.11215277777777788,-0.15243055555555554,-0.06856770833333337,0.003149968500314997,complete,positive favors W1; intervals are paired cluster-bootstrap 95%
panel_effect,d4_a,native_all5,AG,0.012898677873667636,-0.004765829719964577,0.027435597115814888,,complete,positive favors W1; intervals are paired cluster-bootstrap 95%
panel_effect,d4_a,native_all5,OC,-0.011416015624999942,-0.015765055338541667,-0.006787027994791668,,complete,positive favors W1; intervals are paired cluster-bootstrap 95%
panel_effect,d4_a,native_no_axis,AG,0.014985216129882684,-0.005541265519223989,0.03185347061455115,1.0,complete,positive favors W1; intervals are paired cluster-bootstrap 95%
panel_effect,d4_a,native_no_axis,OC,-0.0595594618055556,-0.07137776692708335,-0.04767768012152778,0.0006599934000659994,complete,positive favors W1; intervals are paired cluster-bootstrap 95%
panel_effect,d4_a,common_grid_all5,AG,0.016577609448083147,-0.0018950948000656458,0.031578724074565634,0.8933510664893352,complete,positive favors W1; intervals are paired cluster-bootstrap 95%
panel_effect,d4_a,common_grid_all5,OC,-0.015195312499999836,-0.01976676432291667,-0.010624348958333335,0.0006599934000659994,complete,positive favors W1; intervals are paired cluster-bootstrap 95%
panel_effect,d4_a,common_grid_no_axis,AG,0.01925328975251589,-0.0022143612749245044,0.036653944315579855,0.8933510664893352,complete,positive favors W1; intervals are paired cluster-bootstrap 95%
panel_effect,d4_a,common_grid_no_axis,OC,-0.060134548611111005,-0.07261393229166668,-0.04737413194444444,0.0006599934000659994,complete,positive favors W1; intervals are paired cluster-bootstrap 95%
panel_effect,d4_b,native_all5,AG,-0.08075308363789407,-0.10757413272674146,-0.06109047339702107,,complete,positive favors W1; intervals are paired cluster-bootstrap 95%
panel_effect,d4_b,native_all5,OC,-0.11821940104166662,-0.12245792643229166,-0.113677734375,,complete,positive favors W1; intervals are paired cluster-bootstrap 95%
panel_effect,d4_b,native_no_axis,AG,-0.09180478489501465,-0.13104596439278948,-0.06600901833219673,0.0006599934000659994,complete,positive favors W1; intervals are paired cluster-bootstrap 95%
panel_effect,d4_b,native_no_axis,OC,-0.343088107638889,-0.3535810004340278,-0.33120524088541664,0.0006599934000659994,complete,positive favors W1; intervals are paired cluster-bootstrap 95%
panel_effect,d4_b,common_grid_all5,AG,-0.07709908316883213,-0.10259608660084564,-0.05887299583336512,0.0006599934000659994,complete,positive favors W1; intervals are paired cluster-bootstrap 95%
panel_effect,d4_b,common_grid_all5,OC,-0.11126302083333339,-0.11466813151041669,-0.10743473307291665,0.0006599934000659994,complete,positive favors W1; intervals are paired cluster-bootstrap 95%
panel_effect,d4_b,common_grid_no_axis,AG,-0.0933019575281081,-0.13347204517446895,-0.06705292489847059,0.0006599934000659994,complete,positive favors W1; intervals are paired cluster-bootstrap 95%
panel_effect,d4_b,common_grid_no_axis,OC,-0.36881510416666663,-0.3797309027777777,-0.3564870876736111,0.0006599934000659994,complete,positive favors W1; intervals are paired cluster-bootstrap 95%
panel_effect,d5_a,native_all5,AG,0.005123125157141164,0.0010148301885659437,0.009024120025713482,,complete,positive favors W1; intervals are paired cluster-bootstrap 95%
panel_effect,d5_a,native_all5,OC,0.0060618575624084015,0.0043710134453010295,0.0076762401339941265,,complete,positive favors W1; intervals are paired cluster-bootstrap 95%
panel_effect,d5_a,native_no_axis,AG,0.0055328994015393825,0.0010184055164742943,0.009787380721717837,0.27359726402735973,complete,positive favors W1; intervals are paired cluster-bootstrap 95%
panel_effect,d5_a,native_no_axis,OC,0.018286527165932376,0.01329128808737151,0.02310891994003916,0.0006599934000659994,complete,positive favors W1; intervals are paired cluster-bootstrap 95%
unavailable,d5_a,common_grid_all5,AG_and_OC,,,,,unavailable,D5 P08 zero positive mass: paired AG/OC planned slots retained
unavailable,d5_a,common_grid_no_axis,AG_and_OC,,,,,unavailable,D5 P08 zero positive mass: paired AG/OC planned slots retained
panel_effect,d5_b,native_all5,AG,-0.005843929312280496,-0.010045656618348352,-0.0032590606783289905,,complete,positive favors W1; intervals are paired cluster-bootstrap 95%
panel_effect,d5_b,native_all5,OC,-0.0012573421439061594,-0.002672052817547722,0.0001562500000000025,,complete,positive favors W1; intervals are paired cluster-bootstrap 95%
panel_effect,d5_b,native_no_axis,AG,-0.0062801902942568755,-0.01072276623795269,-0.003484502035110929,0.011999880001199987,complete,positive favors W1; intervals are paired cluster-bootstrap 95%
panel_effect,d5_b,native_no_axis,OC,-0.003908162016642125,-0.008554553658835047,0.0008186299253548664,1.0,complete,positive favors W1; intervals are paired cluster-bootstrap 95%
unavailable,d5_b,common_grid_all5,AG_and_OC,,,,,unavailable,D5 P08 zero positive mass: paired AG/OC planned slots retained
unavailable,d5_b,common_grid_no_axis,AG_and_OC,,,,,unavailable,D5 P08 zero positive mass: paired AG/OC planned slots retained
