panel_id,endpoint_id,protocol_id,component,positive_harm_share,positive_harm_share_lower,positive_harm_share_upper,positive_denominator_state,absolute_harm_share,absolute_harm_share_lower,absolute_harm_share_upper,absolute_denominator_state
d1_a,d1,a,p08,0.3560020112690219,0.3326557648834472,0.37832904104636755,complete,0.35143847784973353,0.3292342779884545,0.37287654936998227,complete
d1_a,d1,a,p09,0.14213460713704726,0.1265489468599709,0.15608888688963865,complete,0.13848214797409594,0.12401125511122266,0.15034076400910668,complete
d1_a,d1,a,p10,0.3789837175941672,0.3562867446880688,0.40273392234578975,complete,0.36773597340821823,0.3468505189665945,0.388321235528657,complete
d1_a,d1,a,p11,0.09591978585900413,0.06106024481533951,0.1328040764631538,complete,0.10816522436815865,0.07786437696764312,0.14053219164066072,complete
d1_a,d1,a,p12,0.02695987814075925,0.014209865826731068,0.04325093924340842,complete,0.03417817639979368,0.022729661241158553,0.04874935763276939,complete
d1_a,d1,a,axis_p11_p12,0.12287966399976338,0.0763737815577818,0.17329703770032634,complete,0.14234340076795232,0.1022638997710166,0.18725398537678323,complete
d2_5_a,d2_5,a,p08,0.3794251216192542,0.3634653581628615,0.3954279836766545,complete,0.3633200220855429,0.34994537614310983,0.37621473690934826,complete
d2_5_a,d2_5,a,p09,0.14902906733866075,0.13413288171267584,0.16194621053310052,complete,0.1432606992899241,0.12925699287623874,0.15484107449859677,complete
d2_5_a,d2_5,a,p10,0.4095705256916463,0.38964301119545947,0.430621705202714,complete,0.3905032165282041,0.3699634694063428,0.4114436247848811,complete
d2_5_a,d2_5,a,p11,0.046154675434932006,0.027847422988891514,0.06877042827819738,complete,0.07186789763607646,0.054939265747807664,0.09161043725883859,complete
d2_5_a,d2_5,a,p12,0.015820609915506628,0.008823629993743006,0.024826951556775945,complete,0.031048164460252436,0.023140294206302127,0.03983405261822,complete
d2_5_a,d2_5,a,axis_p11_p12,0.061975285350438634,0.037083638264145444,0.09314233721986026,complete,0.10291606209632889,0.07871278296180113,0.13015058910708674,complete
d2_5_b,d2_5,b,p08,0.19652191915532322,0.18207710661133417,0.21122876147103764,complete,0.1747935957670027,0.16166032391548812,0.18828956450340753,complete
d2_5_b,d2_5,b,p09,0.3018218518710212,0.2800049059399724,0.3206542677233698,complete,0.27204305980020976,0.25169570884522846,0.28915914328244813,complete
d2_5_b,d2_5,b,p10,0.49416438072563534,0.4739103114195461,0.5174024236452591,complete,0.43934452401587365,0.4135885978012585,0.46553518274668115,complete
d2_5_b,d2_5,b,p11,0.0024714041716267345,0.0007107696126729744,0.0052085852482759544,complete,0.0703484924508507,0.05297778735765988,0.0898579793525156,complete
d2_5_b,d2_5,b,p12,0.005020444076393571,0.0019006959287175766,0.009570141949267957,complete,0.04347032796606304,0.03221401749375902,0.05673283367313392,complete
d2_5_b,d2_5,b,axis_p11_p12,0.007491848248020306,0.002822979570087953,0.014865623985690963,complete,0.11381882041691374,0.08606185066574178,0.14608683558689764,complete
d2_10_a,d2_10,a,p08,0.3821486991142249,0.36491399237714145,0.3981098851331319,complete,0.3673370606713159,0.35179477629782674,0.38142164454881167,complete
d2_10_a,d2_10,a,p09,0.13344238346553092,0.11802226119720137,0.14704715671862498,complete,0.1290080407768141,0.11440946641481124,0.14191341792417686,complete
d2_10_a,d2_10,a,p10,0.4098330298447579,0.39133441763639404,0.42990517984313714,complete,0.39374123318252763,0.37493452728883836,0.4140406040487609,complete
d2_10_a,d2_10,a,p11,0.05688096046418319,0.03475598183683113,0.0824506634939748,complete,0.07941995772171405,0.06014464156593994,0.10207972348457012,complete
d2_10_a,d2_10,a,p12,0.017694927111303146,0.010583725904159106,0.02606773192346109,complete,0.030493707647628272,0.022109700225455775,0.04065508938487543,complete
d2_10_a,d2_10,a,axis_p11_p12,0.07457588757548635,0.04504997074812152,0.10820045220636351,complete,0.10991366536934231,0.08252742594839048,0.14081169011590264,complete
d2_10_b,d2_10,b,p08,0.0932404701200174,0.07590285329193774,0.11133111984006525,complete,0.08597775666461743,0.07138618011860472,0.10119329736445404,complete
d2_10_b,d2_10,b,p09,0.3204402711274175,0.2974159159798987,0.33850260370577706,complete,0.29820600234728667,0.2798057514554666,0.31332455784975954,complete
d2_10_b,d2_10,b,p10,0.5775387102792116,0.5554311264571119,0.6031698668957194,complete,0.5210082155032694,0.49345660775292194,0.5510485427599122,complete
d2_10_b,d2_10,b,p11,0.0036564890243143988,5.09646107040046e-05,0.01061397688753153,complete,0.05669256133683564,0.04518699704889082,0.06963154091633247,complete
d2_10_b,d2_10,b,p12,0.005124059449039225,0.0011767243970944093,0.012367631168364708,complete,0.03811546414799082,0.02912321674472345,0.04864362370996082,complete
d2_10_b,d2_10,b,axis_p11_p12,0.008780548473353625,0.0014732523365245005,0.02280150112350868,complete,0.09480802548482645,0.07519088421065748,0.11780674138723315,complete
d2_20_a,d2_20,a,p08,0.3806755937021846,0.35987346649920854,0.3999429550572373,complete,0.3686938192460455,0.3501876033810279,0.38608138333705055,complete
d2_20_a,d2_20,a,p09,0.12676209359806614,0.11163619595929158,0.14059401481494174,complete,0.12282245139711519,0.10862210871357017,0.13671915716700742,complete
d2_20_a,d2_20,a,p10,0.410824709599732,0.3912787371414095,0.43125792809107655,complete,0.3965751515573827,0.3768600502897128,0.41740240108032295,complete
d2_20_a,d2_20,a,p11,0.0636843487157201,0.041441095011376564,0.08810660742812779,complete,0.08288621002020764,0.061438025908164634,0.10646908167839211,complete
d2_20_a,d2_20,a,p12,0.018053254384297127,0.011608686734842397,0.025104685201377232,complete,0.029022367779248857,0.02072998624980696,0.03844721942699119,complete
d2_20_a,d2_20,a,axis_p11_p12,0.08173760310001722,0.05333822832937743,0.11317598469947472,complete,0.1119085777994565,0.08274108693185347,0.14298787749614864,complete
d2_20_b,d2_20,b,p08,0.04008771156003078,0.02662481715511634,0.054942120458618994,complete,0.041080737593993825,0.028735105029635492,0.054137438489981406,complete
d2_20_b,d2_20,b,p09,0.3157994228176079,0.2929822265154411,0.3357958314584302,complete,0.30416926534790945,0.286116890833838,0.3212590719372824,complete
d2_20_b,d2_20,b,p10,0.6355937543320185,0.6136675024612492,0.6581083741823782,complete,0.5951117334870968,0.5703748510187512,0.620047159835381,complete
d2_20_b,d2_20,b,p11,0.003226172322970094,0.0009357404659971061,0.006533247320497103,complete,0.03467915602678307,0.026656657442304936,0.043841981868930194,complete
d2_20_b,d2_20,b,p12,0.005292938967372816,0.0017485264146449376,0.01022909631454697,complete,0.024959107544216798,0.018412004783681445,0.03290848866440862,complete
d2_20_b,d2_20,b,axis_p11_p12,0.00851911129034291,0.0030238547746806424,0.015981219722748873,complete,0.05963826357099987,0.04621120804400369,0.07534901635895816,complete
d4_a,d4,a,p08,0.38534057364120033,0.3709942377471455,0.3990793308285483,complete,0.38531683085677426,0.370973593474869,0.39906210949870574,complete
d4_a,d4,a,p09,0.07707998987163892,0.07246766519393168,0.08214352811386909,complete,0.07707524058306596,0.07246519739545619,0.08213827319673953,complete
d4_a,d4,a,p10,0.5375035518737857,0.5268469316209436,0.5487642427296019,complete,0.5374704335575913,0.5268104380232088,0.5487232764847457,complete
d4_a,d4,a,p11,6.788765163341217e-05,5.885928734314012e-05,7.84213537266704e-05,complete,9.955355938479608e-05,8.48197070554886e-05,0.00011774850644648654,complete
d4_a,d4,a,p12,7.996961741779134e-06,2.863111534792348e-06,1.6712998427081397e-05,complete,3.7941443183647016e-05,2.4701177399115606e-05,5.4916154679233805e-05,complete
d4_a,d4,a,axis_p11_p12,7.58846133751913e-05,6.303269363238921e-05,9.311317861266718e-05,complete,0.00013749500256844308,0.00011174446349859011,0.0001704818247723918,complete
d4_b,d4,b,p08,0.003103814711946922,0.0005068801025990972,0.008191950109161373,complete,0.027559418928049084,0.018668571059058826,0.03815732556168587,complete
d4_b,d4,b,p09,0.5110507293917582,0.5031958739601401,0.5184492938336829,complete,0.49358871918313474,0.48159817521928533,0.5048752325605582,complete
d4_b,d4,b,p10,0.4784374029212148,0.4717025123403317,0.48528316055183135,complete,0.45931872064799834,0.4464688573688598,0.4705725918883171,complete
d4_b,d4,b,p11,0.004073351843336981,0.002090987204148609,0.006780479777527212,complete,0.010548295234879846,0.005884986763388228,0.016537979265395398,complete
d4_b,d4,b,p12,0.0033347011317430906,0.0017744133607732432,0.005505197488186428,complete,0.00898484600593803,0.0047415421643693355,0.014598919887083946,complete
d4_b,d4,b,axis_p11_p12,0.007408052975080071,0.0038648373957525114,0.012315244457957198,complete,0.019533141240817876,0.010610734412083113,0.031235861843129497,complete
d5_a,d5,a,p08,0.47430904691016057,0.45523775733524185,0.49312675910370496,complete,0.4673452596038735,0.4493534190693866,0.48501982615200445,complete
d5_a,d5,a,p09,0.11955862504372006,0.10218610868037599,0.1368532749181476,complete,0.13423303224691827,0.11909805299957245,0.14942850667705337,complete
d5_a,d5,a,p10,0.36540994147816297,0.3506231040984633,0.37918315536781905,complete,0.3443774862288089,0.33021245896728196,0.35823454929640824,complete
d5_a,d5,a,p11,0.03997034992029349,0.028761583305344684,0.051340220273300916,complete,0.052399641536910326,0.041785948103354655,0.06349173713446425,complete
d5_a,d5,a,p12,0.0007520366476628727,0.0,0.0022505920330081167,complete,0.0016445803834889065,0.00028139033978983734,0.0034511128454215575,complete
d5_a,d5,a,axis_p11_p12,0.04072238656795637,0.029168333557908033,0.05235181415305196,complete,0.05404422192039923,0.042818919062618976,0.06548459253994456,complete
d5_b,d5,b,p08,0.36660519263639446,0.35067409795350357,0.38242297461299146,complete,0.3806277996150346,0.3650999343740194,0.39606181591155787,complete
d5_b,d5,b,p09,0.2282741001106921,0.21439552254186206,0.241556483859817,complete,0.22874345155080483,0.21607564335150856,0.24081607017265508,complete
d5_b,d5,b,p10,0.4039862974850082,0.39267864992105794,0.41569245273955796,complete,0.38828304168909594,0.37752190547123554,0.39906687410528036,complete
d5_b,d5,b,p11,0.0005216628859709662,0.0,0.0014103295796296543,complete,0.0018026967319213511,0.0003085855356075727,0.004062012208413823,complete
d5_b,d5,b,p12,0.0006127468819341507,0.0,0.0017755600811152489,complete,0.0005430104131432021,0.0,0.0015736661502329847,complete
d5_b,d5,b,axis_p11_p12,0.0011344097679051167,0.00011050926418498794,0.0025303013010250976,complete,0.002345707145064553,0.0005611221546479222,0.004772127784575527,complete
