cell_id,perturbation_id,alpha,summary_type,g_harm,g_harm_lower,g_harm_upper,raw_p_value,adjusted_p_value,rank,family_size,family_id,favorable,rejected,direction,state,classification
d5,p08,0.05,alpha_specific,0.0001951018470842255,-0.007350985203408111,0.007715737619371981,0.002769972300276997,0.06370936290637093,7,29,d5_full_domain_core:protocol_ab,False,False,adverse,tested,not_rejected
d5,p08,0.1,alpha_specific,-0.0029503210119950197,-0.012209377443408274,0.006090852470257751,0.002769972300276997,0.06370936290637093,7,29,d5_full_domain_core:protocol_ab,False,False,adverse,tested,not_rejected
d5,p08,0.2,alpha_specific,-0.018495719486908913,-0.03050102318549456,-0.006011355975563023,0.002769972300276997,0.06370936290637093,7,29,d5_full_domain_core:protocol_ab,False,False,adverse,tested,not_rejected
d5,p08,0.3,alpha_specific,-0.019844656078136253,-0.033177421269381606,-0.006699412208773448,0.002769972300276997,0.06370936290637093,7,29,d5_full_domain_core:protocol_ab,False,False,adverse,tested,not_rejected
d5,p08,0.4,alpha_specific,-0.02140375532446017,-0.03578671399981972,-0.007222665265066147,0.002769972300276997,0.06370936290637093,7,29,d5_full_domain_core:protocol_ab,False,False,adverse,tested,not_rejected
d5,p08,0.5,alpha_specific,-0.020188381531993864,-0.03539467538090886,-0.0053392702704376785,0.002769972300276997,0.06370936290637093,7,29,d5_full_domain_core:protocol_ab,False,False,adverse,tested,not_rejected
d5,p08,0.65,alpha_specific,-0.013448669946467304,-0.028867515968286885,0.001710083846647719,0.002769972300276997,0.06370936290637093,7,29,d5_full_domain_core:protocol_ab,False,False,adverse,tested,not_rejected
d5,p08,0.8,alpha_specific,-0.007704465138385844,-0.02284756329084523,0.006536691710149837,0.002769972300276997,0.06370936290637093,7,29,d5_full_domain_core:protocol_ab,False,False,adverse,tested,not_rejected
d5,p08,,integrated,-0.012980108333907897,-0.02143153424575506,-0.004244208810391354,0.002769972300276997,0.06370936290637093,7,29,d5_full_domain_core:protocol_ab,False,False,adverse,tested,not_rejected
d5,p09,0.05,alpha_specific,-0.015363833425507433,-0.02155260518971973,-0.009454980897712177,9.99990000099999e-06,0.00028999710002899974,1,29,d5_full_domain_core:protocol_ab,False,True,adverse,tested,amplification_by_b_rejected
d5,p09,0.1,alpha_specific,-0.01803269743798378,-0.024927133459622438,-0.01130923775196903,9.99990000099999e-06,0.00028999710002899974,1,29,d5_full_domain_core:protocol_ab,False,True,adverse,tested,amplification_by_b_rejected
d5,p09,0.2,alpha_specific,-0.029184060351461233,-0.038539256366899526,-0.019894020769571433,9.99990000099999e-06,0.00028999710002899974,1,29,d5_full_domain_core:protocol_ab,False,True,adverse,tested,amplification_by_b_rejected
d5,p09,0.3,alpha_specific,-0.0410204129367125,-0.051518409290986396,-0.031163405345674067,9.99990000099999e-06,0.00028999710002899974,1,29,d5_full_domain_core:protocol_ab,False,True,adverse,tested,amplification_by_b_rejected
d5,p09,0.4,alpha_specific,-0.05039863464973598,-0.06180000942115479,-0.03946509091332881,9.99990000099999e-06,0.00028999710002899974,1,29,d5_full_domain_core:protocol_ab,False,True,adverse,tested,amplification_by_b_rejected
d5,p09,0.5,alpha_specific,-0.057528963531166176,-0.0694564065502942,-0.04574815638554624,9.99990000099999e-06,0.00028999710002899974,1,29,d5_full_domain_core:protocol_ab,False,True,adverse,tested,amplification_by_b_rejected
d5,p09,0.65,alpha_specific,-0.07134107734327998,-0.08408951853335112,-0.05774528752777652,9.99990000099999e-06,0.00028999710002899974,1,29,d5_full_domain_core:protocol_ab,False,True,adverse,tested,amplification_by_b_rejected
d5,p09,0.8,alpha_specific,-0.08727212581838133,-0.10135971855685509,-0.07186703674038476,9.99990000099999e-06,0.00028999710002899974,1,29,d5_full_domain_core:protocol_ab,False,True,adverse,tested,amplification_by_b_rejected
d5,p09,,integrated,-0.04626772568677855,-0.054144131458971775,-0.038273472810229414,9.99990000099999e-06,0.00028999710002899974,1,29,d5_full_domain_core:protocol_ab,False,True,adverse,tested,amplification_by_b_rejected
d5,p10,0.05,alpha_specific,-0.01355102313252093,-0.019618008541466687,-0.006739406070353211,9.99990000099999e-06,0.00028999710002899974,2,29,d5_full_domain_core:protocol_ab,False,True,adverse,tested,amplification_by_b_rejected
d5,p10,0.1,alpha_specific,-0.02290905170861118,-0.031206074935425154,-0.014915627589085746,9.99990000099999e-06,0.00028999710002899974,2,29,d5_full_domain_core:protocol_ab,False,True,adverse,tested,amplification_by_b_rejected
d5,p10,0.2,alpha_specific,-0.038994510139884586,-0.049345016930369356,-0.029128182451420355,9.99990000099999e-06,0.00028999710002899974,2,29,d5_full_domain_core:protocol_ab,False,True,adverse,tested,amplification_by_b_rejected
d5,p10,0.3,alpha_specific,-0.05444238010317305,-0.06632529731648674,-0.04323109852294873,9.99990000099999e-06,0.00028999710002899974,2,29,d5_full_domain_core:protocol_ab,False,True,adverse,tested,amplification_by_b_rejected
d5,p10,0.4,alpha_specific,-0.05726986751215826,-0.06885440683072841,-0.04524225927034297,9.99990000099999e-06,0.00028999710002899974,2,29,d5_full_domain_core:protocol_ab,False,True,adverse,tested,amplification_by_b_rejected
d5,p10,0.5,alpha_specific,-0.06420761079351388,-0.07603362476159833,-0.05183928467518775,9.99990000099999e-06,0.00028999710002899974,2,29,d5_full_domain_core:protocol_ab,False,True,adverse,tested,amplification_by_b_rejected
d5,p10,0.65,alpha_specific,-0.06795618315442103,-0.07973968293902213,-0.056432451746328376,9.99990000099999e-06,0.00028999710002899974,2,29,d5_full_domain_core:protocol_ab,False,True,adverse,tested,amplification_by_b_rejected
d5,p10,0.8,alpha_specific,-0.07126309813534484,-0.08374743251119902,-0.059143770143219476,9.99990000099999e-06,0.00028999710002899974,2,29,d5_full_domain_core:protocol_ab,False,True,adverse,tested,amplification_by_b_rejected
d5,p10,,integrated,-0.04882421558495347,-0.055838940126350656,-0.04153804373449197,9.99990000099999e-06,0.00028999710002899974,2,29,d5_full_domain_core:protocol_ab,False,True,adverse,tested,amplification_by_b_rejected
d5,p11,0.05,alpha_specific,0.0006607929515418505,-0.0007342143906020558,0.0019823788546255512,0.017729822701772983,0.35459645403545964,10,29,d5_full_domain_core:protocol_ab,True,False,favorable,tested,not_rejected
d5,p11,0.1,alpha_specific,0.00015733165512901213,-0.001468428781204112,0.0018357981959303538,0.017729822701772983,0.35459645403545964,10,29,d5_full_domain_core:protocol_ab,True,False,favorable,tested,not_rejected
d5,p11,0.2,alpha_specific,7.575227839545059e-05,-0.0026450073421439044,0.00273771647670326,0.017729822701772983,0.35459645403545964,10,29,d5_full_domain_core:protocol_ab,True,False,favorable,tested,not_rejected
d5,p11,0.3,alpha_specific,0.003025959193360075,-0.00040037462944951893,0.006384749000387762,0.017729822701772983,0.35459645403545964,10,29,d5_full_domain_core:protocol_ab,True,False,favorable,tested,not_rejected
d5,p11,0.4,alpha_specific,0.0045782981906329935,0.0002103423579194537,0.008856005513494499,0.017729822701772983,0.35459645403545964,10,29,d5_full_domain_core:protocol_ab,True,False,favorable,tested,not_rejected
d5,p11,0.5,alpha_specific,0.005447118552845424,0.00042477560374036197,0.010549516562732418,0.017729822701772983,0.35459645403545964,10,29,d5_full_domain_core:protocol_ab,True,False,favorable,tested,not_rejected
d5,p11,0.65,alpha_specific,0.006205806756467549,0.0006933982154246475,0.011814500151504556,0.017729822701772983,0.35459645403545964,10,29,d5_full_domain_core:protocol_ab,True,False,favorable,tested,not_rejected
d5,p11,0.8,alpha_specific,0.010553404826532579,0.0038280897394333525,0.01734190949774649,0.017729822701772983,0.35459645403545964,10,29,d5_full_domain_core:protocol_ab,True,False,favorable,tested,not_rejected
d5,p11,,integrated,0.0038380580506131167,0.0006082030579552612,0.007005530313625026,0.017729822701772983,0.35459645403545964,10,29,d5_full_domain_core:protocol_ab,True,False,favorable,tested,not_rejected
d5,p12,0.05,alpha_specific,0.0,0.0,0.0,0.3148468515314847,1.0,23,29,d5_full_domain_core:protocol_ab,False,False,adverse,tested,not_rejected
d5,p12,0.1,alpha_specific,-0.0001468428781204112,-0.0004405286343612336,0.0,0.3148468515314847,1.0,23,29,d5_full_domain_core:protocol_ab,False,False,adverse,tested,not_rejected
d5,p12,0.2,alpha_specific,-0.0003566184182924271,-0.0009230123767568701,0.0,0.3148468515314847,1.0,23,29,d5_full_domain_core:protocol_ab,False,False,adverse,tested,not_rejected
d5,p12,0.3,alpha_specific,-0.0003566184182924271,-0.0009230123767568701,0.0,0.3148468515314847,1.0,23,29,d5_full_domain_core:protocol_ab,False,False,adverse,tested,not_rejected
d5,p12,0.4,alpha_specific,-6.293266205160473e-05,-0.0008391021606880638,0.0007342143906020561,0.3148468515314847,1.0,23,29,d5_full_domain_core:protocol_ab,False,False,adverse,tested,not_rejected
d5,p12,0.5,alpha_specific,-6.293266205160473e-05,-0.0008391021606880638,0.0007342143906020561,0.3148468515314847,1.0,23,29,d5_full_domain_core:protocol_ab,False,False,adverse,tested,not_rejected
d5,p12,0.65,alpha_specific,-0.0007971470526536607,-0.0019718900776169498,0.0002936857562408225,0.3148468515314847,1.0,23,29,d5_full_domain_core:protocol_ab,False,False,adverse,tested,not_rejected
d5,p12,0.8,alpha_specific,-0.0006503041745332494,-0.001825047199496539,0.0004405286343612337,0.3148468515314847,1.0,23,29,d5_full_domain_core:protocol_ab,False,False,adverse,tested,not_rejected
d5,p12,,integrated,-0.00030417453324942307,-0.0008653241032095659,0.00020190895741556544,0.3148468515314847,1.0,23,29,d5_full_domain_core:protocol_ab,False,False,adverse,tested,not_rejected
d2_5,p08,0.05,alpha_specific,-0.03599999999999999,-0.05220333333333331,-0.020198333333333332,9.99990000099999e-06,0.00028999710002899974,1,29,d2_5shot:protocol_ab,True,True,favorable,tested,attenuation_by_b_rejected
d2_5,p08,0.1,alpha_specific,-0.045666666666666654,-0.06180166666666665,-0.028128333333333318,9.99990000099999e-06,0.00028999710002899974,1,29,d2_5shot:protocol_ab,True,True,favorable,tested,attenuation_by_b_rejected
d2_5,p08,0.2,alpha_specific,0.018400000000000003,0.0008650000000000129,0.03586833333333331,9.99990000099999e-06,0.00028999710002899974,1,29,d2_5shot:protocol_ab,True,True,favorable,tested,attenuation_by_b_rejected
d2_5,p08,0.3,alpha_specific,0.09626666666666667,0.06879833333333334,0.12353999999999994,9.99990000099999e-06,0.00028999710002899974,1,29,d2_5shot:protocol_ab,True,True,favorable,tested,attenuation_by_b_rejected
d2_5,p08,0.4,alpha_specific,0.1524,0.1169916666666667,0.18780166666666667,9.99990000099999e-06,0.00028999710002899974,1,29,d2_5shot:protocol_ab,True,True,favorable,tested,attenuation_by_b_rejected
d2_5,p08,0.5,alpha_specific,0.19139999999999996,0.14999333333333334,0.2320849999999999,9.99990000099999e-06,0.00028999710002899974,1,29,d2_5shot:protocol_ab,True,True,favorable,tested,attenuation_by_b_rejected
d2_5,p08,0.65,alpha_specific,0.23179999999999995,0.18639999999999998,0.27713499999999996,9.99990000099999e-06,0.00028999710002899974,1,29,d2_5shot:protocol_ab,True,True,favorable,tested,attenuation_by_b_rejected
d2_5,p08,0.8,alpha_specific,0.25600000000000006,0.20746166666666666,0.3044799999999999,9.99990000099999e-06,0.00028999710002899974,1,29,d2_5shot:protocol_ab,True,True,favorable,tested,attenuation_by_b_rejected
d2_5,p08,,integrated,0.108075,0.08336312500000001,0.13253354166666667,9.99990000099999e-06,0.00028999710002899974,1,29,d2_5shot:protocol_ab,True,True,favorable,tested,attenuation_by_b_rejected
d2_5,p09,0.05,alpha_specific,-0.005733333333333331,-0.01646666666666667,0.004201666666666653,9.99990000099999e-06,0.00028999710002899974,2,29,d2_5shot:protocol_ab,False,True,adverse,tested,amplification_by_b_rejected
d2_5,p09,0.1,alpha_specific,-0.029133333333333313,-0.04746666666666665,-0.012198333333333335,9.99990000099999e-06,0.00028999710002899974,2,29,d2_5shot:protocol_ab,False,True,adverse,tested,amplification_by_b_rejected
d2_5,p09,0.2,alpha_specific,-0.08153333333333336,-0.11021666666666667,-0.053063333333333365,9.99990000099999e-06,0.00028999710002899974,2,29,d2_5shot:protocol_ab,False,True,adverse,tested,amplification_by_b_rejected
d2_5,p09,0.3,alpha_specific,-0.11399999999999998,-0.15007666666666664,-0.07653166666666665,9.99990000099999e-06,0.00028999710002899974,2,29,d2_5shot:protocol_ab,False,True,adverse,tested,amplification_by_b_rejected
d2_5,p09,0.4,alpha_specific,-0.1358,-0.18420999999999998,-0.08572166666666671,9.99990000099999e-06,0.00028999710002899974,2,29,d2_5shot:protocol_ab,False,True,adverse,tested,amplification_by_b_rejected
d2_5,p09,0.5,alpha_specific,-0.14306666666666665,-0.190075,-0.093265,9.99990000099999e-06,0.00028999710002899974,2,29,d2_5shot:protocol_ab,False,True,adverse,tested,amplification_by_b_rejected
d2_5,p09,0.65,alpha_specific,-0.1454666666666667,-0.189075,-0.10226666666666671,9.99990000099999e-06,0.00028999710002899974,2,29,d2_5shot:protocol_ab,False,True,adverse,tested,amplification_by_b_rejected
d2_5,p09,0.8,alpha_specific,-0.13426666666666667,-0.17680500000000002,-0.09059833333333335,9.99990000099999e-06,0.00028999710002899974,2,29,d2_5shot:protocol_ab,False,True,adverse,tested,amplification_by_b_rejected
d2_5,p09,,integrated,-0.09862499999999999,-0.12809541666666663,-0.0674385416666667,9.99990000099999e-06,0.00028999710002899974,2,29,d2_5shot:protocol_ab,False,True,adverse,tested,amplification_by_b_rejected
d2_5,p10,0.05,alpha_specific,-0.0069333333333333295,-0.02200166666666667,0.007666666666666668,9.99990000099999e-06,0.00028999710002899974,3,29,d2_5shot:protocol_ab,False,True,adverse,tested,amplification_by_b_rejected
d2_5,p10,0.1,alpha_specific,-0.05980000000000001,-0.08686833333333333,-0.03193166666666668,9.99990000099999e-06,0.00028999710002899974,3,29,d2_5shot:protocol_ab,False,True,adverse,tested,amplification_by_b_rejected
d2_5,p10,0.2,alpha_specific,-0.09440000000000003,-0.136605,-0.05379500000000005,9.99990000099999e-06,0.00028999710002899974,3,29,d2_5shot:protocol_ab,False,True,adverse,tested,amplification_by_b_rejected
d2_5,p10,0.3,alpha_specific,-0.08893333333333335,-0.12300500000000002,-0.05666333333333335,9.99990000099999e-06,0.00028999710002899974,3,29,d2_5shot:protocol_ab,False,True,adverse,tested,amplification_by_b_rejected
d2_5,p10,0.4,alpha_specific,-0.07440000000000001,-0.10133666666666666,-0.04819666666666668,9.99990000099999e-06,0.00028999710002899974,3,29,d2_5shot:protocol_ab,False,True,adverse,tested,amplification_by_b_rejected
d2_5,p10,0.5,alpha_specific,-0.06673333333333334,-0.09026666666666665,-0.04366500000000001,9.99990000099999e-06,0.00028999710002899974,3,29,d2_5shot:protocol_ab,False,True,adverse,tested,amplification_by_b_rejected
d2_5,p10,0.65,alpha_specific,-0.058733333333333304,-0.0796733333333333,-0.037464999999999984,9.99990000099999e-06,0.00028999710002899974,3,29,d2_5shot:protocol_ab,False,True,adverse,tested,amplification_by_b_rejected
d2_5,p10,0.8,alpha_specific,-0.04879999999999998,-0.06820333333333331,-0.028533333333333317,9.99990000099999e-06,0.00028999710002899974,3,29,d2_5shot:protocol_ab,False,True,adverse,tested,amplification_by_b_rejected
d2_5,p10,,integrated,-0.06234166666666666,-0.08382729166666666,-0.041364583333333343,9.99990000099999e-06,0.00028999710002899974,3,29,d2_5shot:protocol_ab,False,True,adverse,tested,amplification_by_b_rejected
d2_5,p11,0.05,alpha_specific,0.031066666666666673,0.01893333333333335,0.04400166666666663,8.99991000089999e-05,0.0020699793002069977,7,29,d2_5shot:protocol_ab,True,True,favorable,tested,attenuation_by_b_rejected
d2_5,p11,0.1,alpha_specific,0.05106666666666666,0.033398333333333335,0.0692683333333333,8.99991000089999e-05,0.0020699793002069977,7,29,d2_5shot:protocol_ab,True,True,favorable,tested,attenuation_by_b_rejected
d2_5,p11,0.2,alpha_specific,0.062266666666666665,0.03899333333333333,0.08593999999999995,8.99991000089999e-05,0.0020699793002069977,7,29,d2_5shot:protocol_ab,True,True,favorable,tested,attenuation_by_b_rejected
d2_5,p11,0.3,alpha_specific,0.04286666666666664,0.02139666666666664,0.06506666666666665,8.99991000089999e-05,0.0020699793002069977,7,29,d2_5shot:protocol_ab,True,True,favorable,tested,attenuation_by_b_rejected
d2_5,p11,0.4,alpha_specific,0.04153333333333333,0.015733333333333335,0.06720333333333332,8.99991000089999e-05,0.0020699793002069977,7,29,d2_5shot:protocol_ab,True,True,favorable,tested,attenuation_by_b_rejected
d2_5,p11,0.5,alpha_specific,0.08173333333333337,0.04906500000000006,0.11533666666666667,8.99991000089999e-05,0.0020699793002069977,7,29,d2_5shot:protocol_ab,True,True,favorable,tested,attenuation_by_b_rejected
d2_5,p11,0.65,alpha_specific,0.07253333333333331,0.03799999999999999,0.10813499999999998,8.99991000089999e-05,0.0020699793002069977,7,29,d2_5shot:protocol_ab,True,True,favorable,tested,attenuation_by_b_rejected
d2_5,p11,0.8,alpha_specific,0.08626666666666666,0.044264999999999985,0.1283383333333333,8.99991000089999e-05,0.0020699793002069977,7,29,d2_5shot:protocol_ab,True,True,favorable,tested,attenuation_by_b_rejected
d2_5,p11,,integrated,0.058666666666666666,0.034813125,0.08370104166666666,8.99991000089999e-05,0.0020699793002069977,7,29,d2_5shot:protocol_ab,True,True,favorable,tested,attenuation_by_b_rejected
d2_5,p12,0.05,alpha_specific,0.008133333333333362,0.002265000000000017,0.01420166666666669,0.0010999890001099988,0.024199758002419976,8,29,d2_5shot:protocol_ab,True,True,favorable,tested,attenuation_by_b_rejected
d2_5,p12,0.1,alpha_specific,0.01286666666666668,0.004800000000000031,0.021200000000000004,0.0010999890001099988,0.024199758002419976,8,29,d2_5shot:protocol_ab,True,True,favorable,tested,attenuation_by_b_rejected
d2_5,p12,0.2,alpha_specific,0.022933333333333337,0.00919833333333335,0.036468333333333325,0.0010999890001099988,0.024199758002419976,8,29,d2_5shot:protocol_ab,True,True,favorable,tested,attenuation_by_b_rejected
d2_5,p12,0.3,alpha_specific,0.024199999999999992,0.01013166666666666,0.037936666666666646,0.0010999890001099988,0.024199758002419976,8,29,d2_5shot:protocol_ab,True,True,favorable,tested,attenuation_by_b_rejected
d2_5,p12,0.4,alpha_specific,0.023133333333333336,0.008266666666666676,0.037799999999999986,0.0010999890001099988,0.024199758002419976,8,29,d2_5shot:protocol_ab,True,True,favorable,tested,attenuation_by_b_rejected
d2_5,p12,0.5,alpha_specific,0.030066666666666655,0.013598333333333322,0.0458,0.0010999890001099988,0.024199758002419976,8,29,d2_5shot:protocol_ab,True,True,favorable,tested,attenuation_by_b_rejected
d2_5,p12,0.65,alpha_specific,0.03486666666666668,0.01573166666666669,0.0538666666666667,0.0010999890001099988,0.024199758002419976,8,29,d2_5shot:protocol_ab,True,True,favorable,tested,attenuation_by_b_rejected
d2_5,p12,0.8,alpha_specific,0.04153333333333334,0.021066666666666678,0.062401666666666675,0.0010999890001099988,0.024199758002419976,8,29,d2_5shot:protocol_ab,True,True,favorable,tested,attenuation_by_b_rejected
d2_5,p12,,integrated,0.024716666666666675,0.011532291666666679,0.037910833333333324,0.0010999890001099988,0.024199758002419976,8,29,d2_5shot:protocol_ab,True,True,favorable,tested,attenuation_by_b_rejected
d2_10,p08,0.05,alpha_specific,-0.004200000000000007,-0.01400333333333332,0.005934999999999986,9.99990000099999e-06,0.00028999710002899974,1,29,d2_10shot:protocol_ab,True,True,favorable,tested,attenuation_by_b_rejected
d2_10,p08,0.1,alpha_specific,0.03146666666666668,0.016000000000000018,0.04720333333333333,9.99990000099999e-06,0.00028999710002899974,1,29,d2_10shot:protocol_ab,True,True,favorable,tested,attenuation_by_b_rejected
d2_10,p08,0.2,alpha_specific,0.1495333333333333,0.11525666666666669,0.18279999999999996,9.99990000099999e-06,0.00028999710002899974,1,29,d2_10shot:protocol_ab,True,True,favorable,tested,attenuation_by_b_rejected
d2_10,p08,0.3,alpha_specific,0.2544666666666667,0.20346666666666663,0.30700166666666673,9.99990000099999e-06,0.00028999710002899974,1,29,d2_10shot:protocol_ab,True,True,favorable,tested,attenuation_by_b_rejected
d2_10,p08,0.4,alpha_specific,0.3263333333333333,0.2661899999999999,0.38766833333333334,9.99990000099999e-06,0.00028999710002899974,1,29,d2_10shot:protocol_ab,True,True,favorable,tested,attenuation_by_b_rejected
d2_10,p08,0.5,alpha_specific,0.37186666666666673,0.3034516666666668,0.43934000000000006,9.99990000099999e-06,0.00028999710002899974,1,29,d2_10shot:protocol_ab,True,True,favorable,tested,attenuation_by_b_rejected
d2_10,p08,0.65,alpha_specific,0.4134,0.34099500000000005,0.484205,9.99990000099999e-06,0.00028999710002899974,1,29,d2_10shot:protocol_ab,True,True,favorable,tested,attenuation_by_b_rejected
d2_10,p08,0.8,alpha_specific,0.444,0.36977000000000004,0.5161333333333333,9.99990000099999e-06,0.00028999710002899974,1,29,d2_10shot:protocol_ab,True,True,favorable,tested,attenuation_by_b_rejected
d2_10,p08,,integrated,0.24835833333333338,0.20414145833333336,0.29216895833333334,9.99990000099999e-06,0.00028999710002899974,1,29,d2_10shot:protocol_ab,True,True,favorable,tested,attenuation_by_b_rejected
d2_10,p09,0.05,alpha_specific,0.007800000000000003,-0.0038016666666666555,0.020401666666666686,9.99990000099999e-06,0.00028999710002899974,2,29,d2_10shot:protocol_ab,False,True,adverse,tested,amplification_by_b_rejected
d2_10,p09,0.1,alpha_specific,0.0018666666666666896,-0.01779999999999995,0.02026666666666667,9.99990000099999e-06,0.00028999710002899974,2,29,d2_10shot:protocol_ab,False,True,adverse,tested,amplification_by_b_rejected
d2_10,p09,0.2,alpha_specific,-0.05033333333333335,-0.07860666666666667,-0.02273333333333333,9.99990000099999e-06,0.00028999710002899974,2,29,d2_10shot:protocol_ab,False,True,adverse,tested,amplification_by_b_rejected
d2_10,p09,0.3,alpha_specific,-0.10919999999999999,-0.14527,-0.07233166666666666,9.99990000099999e-06,0.00028999710002899974,2,29,d2_10shot:protocol_ab,False,True,adverse,tested,amplification_by_b_rejected
d2_10,p09,0.4,alpha_specific,-0.15193333333333334,-0.192875,-0.1074,9.99990000099999e-06,0.00028999710002899974,2,29,d2_10shot:protocol_ab,False,True,adverse,tested,amplification_by_b_rejected
d2_10,p09,0.5,alpha_specific,-0.16839999999999997,-0.2158683333333333,-0.11939666666666668,9.99990000099999e-06,0.00028999710002899974,2,29,d2_10shot:protocol_ab,False,True,adverse,tested,amplification_by_b_rejected
d2_10,p09,0.65,alpha_specific,-0.16500000000000004,-0.21027166666666666,-0.1193316666666667,9.99990000099999e-06,0.00028999710002899974,2,29,d2_10shot:protocol_ab,False,True,adverse,tested,amplification_by_b_rejected
d2_10,p09,0.8,alpha_specific,-0.16273333333333337,-0.20800166666666667,-0.11739333333333336,9.99990000099999e-06,0.00028999710002899974,2,29,d2_10shot:protocol_ab,False,True,adverse,tested,amplification_by_b_rejected
d2_10,p09,,integrated,-0.09974166666666667,-0.12809270833333333,-0.07110520833333334,9.99990000099999e-06,0.00028999710002899974,2,29,d2_10shot:protocol_ab,False,True,adverse,tested,amplification_by_b_rejected
d2_10,p10,0.05,alpha_specific,-0.013066666666666667,-0.029201666666666643,0.0011399999999999223,1.999980000199998e-05,0.0004999950000499995,5,29,d2_10shot:protocol_ab,False,True,adverse,tested,amplification_by_b_rejected
d2_10,p10,0.1,alpha_specific,-0.05873333333333332,-0.08240333333333331,-0.035794999999999993,1.999980000199998e-05,0.0004999950000499995,5,29,d2_10shot:protocol_ab,False,True,adverse,tested,amplification_by_b_rejected
d2_10,p10,0.2,alpha_specific,-0.0904,-0.12507333333333334,-0.05506499999999997,1.999980000199998e-05,0.0004999950000499995,5,29,d2_10shot:protocol_ab,False,True,adverse,tested,amplification_by_b_rejected
d2_10,p10,0.3,alpha_specific,-0.0826,-0.1172,-0.04852500000000002,1.999980000199998e-05,0.0004999950000499995,5,29,d2_10shot:protocol_ab,False,True,adverse,tested,amplification_by_b_rejected
d2_10,p10,0.4,alpha_specific,-0.062066666666666645,-0.09020166666666668,-0.03399500000000002,1.999980000199998e-05,0.0004999950000499995,5,29,d2_10shot:protocol_ab,False,True,adverse,tested,amplification_by_b_rejected
d2_10,p10,0.5,alpha_specific,-0.052466666666666655,-0.07226833333333334,-0.03199833333333332,1.999980000199998e-05,0.0004999950000499995,5,29,d2_10shot:protocol_ab,False,True,adverse,tested,amplification_by_b_rejected
d2_10,p10,0.65,alpha_specific,-0.039266666666666665,-0.053268333333333334,-0.025799999999999993,1.999980000199998e-05,0.0004999950000499995,5,29,d2_10shot:protocol_ab,False,True,adverse,tested,amplification_by_b_rejected
d2_10,p10,0.8,alpha_specific,-0.03126666666666666,-0.04439999999999998,-0.018131666666666674,1.999980000199998e-05,0.0004999950000499995,5,29,d2_10shot:protocol_ab,False,True,adverse,tested,amplification_by_b_rejected
d2_10,p10,,integrated,-0.05373333333333332,-0.07300937499999999,-0.034888333333333355,1.999980000199998e-05,0.0004999950000499995,5,29,d2_10shot:protocol_ab,False,True,adverse,tested,amplification_by_b_rejected
d2_10,p11,0.05,alpha_specific,0.02746666666666667,0.014465000000000014,0.0406,0.0012299877001229987,0.02213977860221398,12,29,d2_10shot:protocol_ab,True,True,favorable,tested,attenuation_by_b_rejected
d2_10,p11,0.1,alpha_specific,0.03326666666666665,0.01799833333333336,0.049134999999999984,0.0012299877001229987,0.02213977860221398,12,29,d2_10shot:protocol_ab,True,True,favorable,tested,attenuation_by_b_rejected
d2_10,p11,0.2,alpha_specific,0.046,0.02566000000000002,0.06686666666666666,0.0012299877001229987,0.02213977860221398,12,29,d2_10shot:protocol_ab,True,True,favorable,tested,attenuation_by_b_rejected
d2_10,p11,0.3,alpha_specific,0.04813333333333332,0.020329999999999994,0.07566999999999995,0.0012299877001229987,0.02213977860221398,12,29,d2_10shot:protocol_ab,True,True,favorable,tested,attenuation_by_b_rejected
d2_10,p11,0.4,alpha_specific,0.05033333333333329,0.013393333333333285,0.08773999999999989,0.0012299877001229987,0.02213977860221398,12,29,d2_10shot:protocol_ab,True,True,favorable,tested,attenuation_by_b_rejected
d2_10,p11,0.5,alpha_specific,0.07933333333333331,0.0356,0.12308166666666656,0.0012299877001229987,0.02213977860221398,12,29,d2_10shot:protocol_ab,True,True,favorable,tested,attenuation_by_b_rejected
d2_10,p11,0.65,alpha_specific,0.09646666666666666,0.04379666666666667,0.15048333333333327,0.0012299877001229987,0.02213977860221398,12,29,d2_10shot:protocol_ab,True,True,favorable,tested,attenuation_by_b_rejected
d2_10,p11,0.8,alpha_specific,0.1191333333333333,0.0531983333333333,0.18753666666666666,0.0012299877001229987,0.02213977860221398,12,29,d2_10shot:protocol_ab,True,True,favorable,tested,attenuation_by_b_rejected
d2_10,p11,,integrated,0.06251666666666665,0.029186249999999997,0.09597916666666663,0.0012299877001229987,0.02213977860221398,12,29,d2_10shot:protocol_ab,True,True,favorable,tested,attenuation_by_b_rejected
d2_10,p12,0.05,alpha_specific,0.006933333333333322,-9.39063641662087e-18,0.013468333333333332,0.01043989560104399,0.13571864281357188,17,29,d2_10shot:protocol_ab,True,False,favorable,tested,not_rejected
d2_10,p12,0.1,alpha_specific,0.010399999999999984,0.0011316666666666693,0.01959999999999999,0.01043989560104399,0.13571864281357188,17,29,d2_10shot:protocol_ab,True,False,favorable,tested,not_rejected
d2_10,p12,0.2,alpha_specific,0.01659999999999999,0.0050649999999999714,0.028199999999999982,0.01043989560104399,0.13571864281357188,17,29,d2_10shot:protocol_ab,True,False,favorable,tested,not_rejected
d2_10,p12,0.3,alpha_specific,0.02166666666666668,0.005866666666666678,0.03693500000000001,0.01043989560104399,0.13571864281357188,17,29,d2_10shot:protocol_ab,True,False,favorable,tested,not_rejected
d2_10,p12,0.4,alpha_specific,0.027933333333333317,0.007931666666666644,0.04754166666666662,0.01043989560104399,0.13571864281357188,17,29,d2_10shot:protocol_ab,True,False,favorable,tested,not_rejected
d2_10,p12,0.5,alpha_specific,0.030000000000000016,0.008333333333333352,0.052068333333333335,0.01043989560104399,0.13571864281357188,17,29,d2_10shot:protocol_ab,True,False,favorable,tested,not_rejected
d2_10,p12,0.65,alpha_specific,0.035533333333333326,0.009333333333333327,0.060606666666666614,0.01043989560104399,0.13571864281357188,17,29,d2_10shot:protocol_ab,True,False,favorable,tested,not_rejected
d2_10,p12,0.8,alpha_specific,0.046866666666666675,0.016923333333333374,0.07586833333333334,0.01043989560104399,0.13571864281357188,17,29,d2_10shot:protocol_ab,True,False,favorable,tested,not_rejected
d2_10,p12,,integrated,0.024491666666666665,0.00753083333333336,0.04111812499999998,0.01043989560104399,0.13571864281357188,17,29,d2_10shot:protocol_ab,True,False,favorable,tested,not_rejected
d2_20,p08,0.05,alpha_specific,0.011333333333333341,-0.0009333333333333216,0.023466666666666684,9.99990000099999e-06,0.00028999710002899974,1,29,d2_20shot:protocol_ab,True,True,favorable,tested,attenuation_by_b_rejected
d2_20,p08,0.1,alpha_specific,0.06673333333333333,0.04539999999999999,0.08879999999999999,9.99990000099999e-06,0.00028999710002899974,1,29,d2_20shot:protocol_ab,True,True,favorable,tested,attenuation_by_b_rejected
d2_20,p08,0.2,alpha_specific,0.2275333333333333,0.17426666666666665,0.27846999999999994,9.99990000099999e-06,0.00028999710002899974,1,29,d2_20shot:protocol_ab,True,True,favorable,tested,attenuation_by_b_rejected
d2_20,p08,0.3,alpha_specific,0.3489333333333333,0.27426666666666666,0.424005,9.99990000099999e-06,0.00028999710002899974,1,29,d2_20shot:protocol_ab,True,True,favorable,tested,attenuation_by_b_rejected
d2_20,p08,0.4,alpha_specific,0.42300000000000004,0.3395916666666667,0.50707,9.99990000099999e-06,0.00028999710002899974,1,29,d2_20shot:protocol_ab,True,True,favorable,tested,attenuation_by_b_rejected
d2_20,p08,0.5,alpha_specific,0.4667333333333333,0.37893333333333334,0.5521366666666667,9.99990000099999e-06,0.00028999710002899974,1,29,d2_20shot:protocol_ab,True,True,favorable,tested,attenuation_by_b_rejected
d2_20,p08,0.65,alpha_specific,0.5089333333333335,0.4179933333333334,0.5946049999999999,9.99990000099999e-06,0.00028999710002899974,1,29,d2_20shot:protocol_ab,True,True,favorable,tested,attenuation_by_b_rejected
d2_20,p08,0.8,alpha_specific,0.5396,0.45026000000000005,0.6238133333333332,9.99990000099999e-06,0.00028999710002899974,1,29,d2_20shot:protocol_ab,True,True,favorable,tested,attenuation_by_b_rejected
d2_20,p08,,integrated,0.3241,0.2651385416666667,0.3813341666666667,9.99990000099999e-06,0.00028999710002899974,1,29,d2_20shot:protocol_ab,True,True,favorable,tested,attenuation_by_b_rejected
d2_20,p09,0.05,alpha_specific,0.001466666666666662,-0.007133333333333324,0.009866666666666666,1.999980000199998e-05,0.0005199948000519996,4,29,d2_20shot:protocol_ab,False,True,adverse,tested,amplification_by_b_rejected
d2_20,p09,0.1,alpha_specific,-0.011733333333333354,-0.018333333333333337,-0.005531666666666701,1.999980000199998e-05,0.0005199948000519996,4,29,d2_20shot:protocol_ab,False,True,adverse,tested,amplification_by_b_rejected
d2_20,p09,0.2,alpha_specific,-0.03260000000000001,-0.04946833333333335,-0.014730000000000017,1.999980000199998e-05,0.0005199948000519996,4,29,d2_20shot:protocol_ab,False,True,adverse,tested,amplification_by_b_rejected
d2_20,p09,0.3,alpha_specific,-0.06959999999999998,-0.10040166666666665,-0.036731666666666656,1.999980000199998e-05,0.0005199948000519996,4,29,d2_20shot:protocol_ab,False,True,adverse,tested,amplification_by_b_rejected
d2_20,p09,0.4,alpha_specific,-0.12166666666666665,-0.16507666666666662,-0.0758616666666667,1.999980000199998e-05,0.0005199948000519996,4,29,d2_20shot:protocol_ab,False,True,adverse,tested,amplification_by_b_rejected
d2_20,p09,0.5,alpha_specific,-0.1532,-0.204335,-0.09984333333333346,1.999980000199998e-05,0.0005199948000519996,4,29,d2_20shot:protocol_ab,False,True,adverse,tested,amplification_by_b_rejected
d2_20,p09,0.65,alpha_specific,-0.1546,-0.20473666666666668,-0.10339333333333336,1.999980000199998e-05,0.0005199948000519996,4,29,d2_20shot:protocol_ab,False,True,adverse,tested,amplification_by_b_rejected
d2_20,p09,0.8,alpha_specific,-0.14933333333333332,-0.19806833333333335,-0.09999666666666669,1.999980000199998e-05,0.0005199948000519996,4,29,d2_20shot:protocol_ab,False,True,adverse,tested,amplification_by_b_rejected
d2_20,p09,,integrated,-0.08640833333333334,-0.114559375,-0.055907291666666685,1.999980000199998e-05,0.0005199948000519996,4,29,d2_20shot:protocol_ab,False,True,adverse,tested,amplification_by_b_rejected
d2_20,p10,0.05,alpha_specific,-0.010133333333333336,-0.025871666666666647,0.004601666666666672,0.0005799942000579994,0.011019889801101988,11,29,d2_20shot:protocol_ab,False,True,adverse,tested,amplification_by_b_rejected
d2_20,p10,0.1,alpha_specific,-0.05726666666666668,-0.08260333333333332,-0.03226500000000004,0.0005799942000579994,0.011019889801101988,11,29,d2_20shot:protocol_ab,False,True,adverse,tested,amplification_by_b_rejected
d2_20,p10,0.2,alpha_specific,-0.08273333333333334,-0.116935,-0.04912833333333334,0.0005799942000579994,0.011019889801101988,11,29,d2_20shot:protocol_ab,False,True,adverse,tested,amplification_by_b_rejected
d2_20,p10,0.3,alpha_specific,-0.0674,-0.09580333333333335,-0.039528333333333346,0.0005799942000579994,0.011019889801101988,11,29,d2_20shot:protocol_ab,False,True,adverse,tested,amplification_by_b_rejected
d2_20,p10,0.4,alpha_specific,-0.052000000000000005,-0.077135,-0.027665000000000033,0.0005799942000579994,0.011019889801101988,11,29,d2_20shot:protocol_ab,False,True,adverse,tested,amplification_by_b_rejected
d2_20,p10,0.5,alpha_specific,-0.03406666666666665,-0.059869999999999986,-0.006788333333333375,0.0005799942000579994,0.011019889801101988,11,29,d2_20shot:protocol_ab,False,True,adverse,tested,amplification_by_b_rejected
d2_20,p10,0.65,alpha_specific,-0.019733333333333318,-0.04273499999999999,0.006671666666666652,0.0005799942000579994,0.011019889801101988,11,29,d2_20shot:protocol_ab,False,True,adverse,tested,amplification_by_b_rejected
d2_20,p10,0.8,alpha_specific,-0.015066666666666652,-0.036333333333333315,0.011201666666666662,0.0005799942000579994,0.011019889801101988,11,29,d2_20shot:protocol_ab,False,True,adverse,tested,amplification_by_b_rejected
d2_20,p10,,integrated,-0.0423,-0.06316666666666665,-0.021015833333333334,0.0005799942000579994,0.011019889801101988,11,29,d2_20shot:protocol_ab,False,True,adverse,tested,amplification_by_b_rejected
d2_20,p11,0.05,alpha_specific,0.013666666666666669,0.005865000000000035,0.021399999999999985,0.002819971800281997,0.04793952060479395,13,29,d2_20shot:protocol_ab,True,True,favorable,tested,attenuation_by_b_rejected
d2_20,p11,0.1,alpha_specific,0.02386666666666669,0.009665000000000005,0.038335,0.002819971800281997,0.04793952060479395,13,29,d2_20shot:protocol_ab,True,True,favorable,tested,attenuation_by_b_rejected
d2_20,p11,0.2,alpha_specific,0.033133333333333355,0.013728333333333386,0.052736666666666696,0.002819971800281997,0.04793952060479395,13,29,d2_20shot:protocol_ab,True,True,favorable,tested,attenuation_by_b_rejected
d2_20,p11,0.3,alpha_specific,0.03806666666666668,0.010730000000000042,0.06573833333333333,0.002819971800281997,0.04793952060479395,13,29,d2_20shot:protocol_ab,True,True,favorable,tested,attenuation_by_b_rejected
d2_20,p11,0.4,alpha_specific,0.051,0.012128333333333338,0.0898733333333333,0.002819971800281997,0.04793952060479395,13,29,d2_20shot:protocol_ab,True,True,favorable,tested,attenuation_by_b_rejected
d2_20,p11,0.5,alpha_specific,0.07693333333333335,0.02853166666666669,0.12487499999999999,0.002819971800281997,0.04793952060479395,13,29,d2_20shot:protocol_ab,True,True,favorable,tested,attenuation_by_b_rejected
d2_20,p11,0.65,alpha_specific,0.09700000000000002,0.038533333333333336,0.1554749999999999,0.002819971800281997,0.04793952060479395,13,29,d2_20shot:protocol_ab,True,True,favorable,tested,attenuation_by_b_rejected
d2_20,p11,0.8,alpha_specific,0.13213333333333335,0.058196666666666674,0.2058683333333333,0.002819971800281997,0.04793952060479395,13,29,d2_20shot:protocol_ab,True,True,favorable,tested,attenuation_by_b_rejected
d2_20,p11,,integrated,0.05822500000000001,0.023433125000000013,0.09295187499999999,0.002819971800281997,0.04793952060479395,13,29,d2_20shot:protocol_ab,True,True,favorable,tested,attenuation_by_b_rejected
d2_20,p12,0.05,alpha_specific,0.003799999999999997,-0.00026666666666667443,0.007866666666666666,0.06096939030609694,0.5487245127548724,21,29,d2_20shot:protocol_ab,True,False,favorable,tested,not_rejected
d2_20,p12,0.1,alpha_specific,0.005733333333333364,-0.0011999999999999492,0.01326666666666671,0.06096939030609694,0.5487245127548724,21,29,d2_20shot:protocol_ab,True,False,favorable,tested,not_rejected
d2_20,p12,0.2,alpha_specific,0.009466666666666675,-0.0005333333333333351,0.019868333333333356,0.06096939030609694,0.5487245127548724,21,29,d2_20shot:protocol_ab,True,False,favorable,tested,not_rejected
d2_20,p12,0.3,alpha_specific,0.011933333333333332,-0.0020683333333333647,0.02606666666666667,0.06096939030609694,0.5487245127548724,21,29,d2_20shot:protocol_ab,True,False,favorable,tested,not_rejected
d2_20,p12,0.4,alpha_specific,0.01506666666666667,-0.0024699999999999904,0.03246833333333334,0.06096939030609694,0.5487245127548724,21,29,d2_20shot:protocol_ab,True,False,favorable,tested,not_rejected
d2_20,p12,0.5,alpha_specific,0.018933333333333344,0.0001316666666666682,0.03713499999999999,0.06096939030609694,0.5487245127548724,21,29,d2_20shot:protocol_ab,True,False,favorable,tested,not_rejected
d2_20,p12,0.65,alpha_specific,0.0278,0.002066666666666657,0.053339999999999964,0.06096939030609694,0.5487245127548724,21,29,d2_20shot:protocol_ab,True,False,favorable,tested,not_rejected
d2_20,p12,0.8,alpha_specific,0.03640000000000001,0.0017316666666666583,0.06980333333333331,0.06096939030609694,0.5487245127548724,21,29,d2_20shot:protocol_ab,True,False,favorable,tested,not_rejected
d2_20,p12,,integrated,0.016141666666666672,0.00042416666666667566,0.03156083333333333,0.06096939030609694,0.5487245127548724,21,29,d2_20shot:protocol_ab,True,False,favorable,tested,not_rejected
d4,p08,0.05,alpha_specific,0.18013548611206182,0.16640121289890478,0.19539216783211322,9.99990000099999e-06,0.00028999710002899974,1,29,d4_full_domain_core:protocol_ab,True,True,favorable,tested,attenuation_by_b_rejected
d4,p08,0.1,alpha_specific,0.7122860532613574,0.6561436830505827,0.773268848475601,9.99990000099999e-06,0.00028999710002899974,1,29,d4_full_domain_core:protocol_ab,True,True,favorable,tested,attenuation_by_b_rejected
d4,p08,0.2,alpha_specific,2.8372445417297607,2.6133827842725514,3.0802742047666065,9.99990000099999e-06,0.00028999710002899974,1,29,d4_full_domain_core:protocol_ab,True,True,favorable,tested,attenuation_by_b_rejected
d4,p08,0.3,alpha_specific,6.378919728087567,5.873703727198881,6.925927176223693,9.99990000099999e-06,0.00028999710002899974,1,29,d4_full_domain_core:protocol_ab,True,True,favorable,tested,attenuation_by_b_rejected
d4,p08,0.4,alpha_specific,11.337780297127944,10.438941959012938,12.311122532336363,9.99990000099999e-06,0.00028999710002899974,1,29,d4_full_domain_core:protocol_ab,True,True,favorable,tested,attenuation_by_b_rejected
d4,p08,0.5,alpha_specific,17.713318732405106,16.309641785091483,19.235215823423182,9.99990000099999e-06,0.00028999710002899974,1,29,d4_full_domain_core:protocol_ab,True,True,favorable,tested,attenuation_by_b_rejected
d4,p08,0.65,alpha_specific,29.933857970700032,27.563521568248152,32.50777994821167,9.99990000099999e-06,0.00028999710002899974,1,29,d4_full_domain_core:protocol_ab,True,True,favorable,tested,attenuation_by_b_rejected
d4,p08,0.8,alpha_specific,45.34252417462212,41.753635482132054,49.24351562312234,9.99990000099999e-06,0.00028999710002899974,1,29,d4_full_domain_core:protocol_ab,True,True,favorable,tested,attenuation_by_b_rejected
d4,p08,,integrated,14.304508373005744,13.171173024823082,15.534094189134748,9.99990000099999e-06,0.00028999710002899974,1,29,d4_full_domain_core:protocol_ab,True,True,favorable,tested,attenuation_by_b_rejected
d4,p09,0.05,alpha_specific,0.027898870594005185,0.024785363487023045,0.03179572976383391,9.99990000099999e-06,0.00028999710002899974,2,29,d4_full_domain_core:protocol_ab,True,True,favorable,tested,attenuation_by_b_rejected
d4,p09,0.1,alpha_specific,0.11635446281852456,0.10981095114361093,0.1237707227963379,9.99990000099999e-06,0.00028999710002899974,2,29,d4_full_domain_core:protocol_ab,True,True,favorable,tested,attenuation_by_b_rejected
d4,p09,0.2,alpha_specific,0.5066293557129156,0.4916521615917172,0.5214274473005004,9.99990000099999e-06,0.00028999710002899974,2,29,d4_full_domain_core:protocol_ab,True,True,favorable,tested,attenuation_by_b_rejected
d4,p09,0.3,alpha_specific,1.192392005984273,1.1634787683792012,1.2209960353363742,9.99990000099999e-06,0.00028999710002899974,2,29,d4_full_domain_core:protocol_ab,True,True,favorable,tested,attenuation_by_b_rejected
d4,p09,0.4,alpha_specific,2.1739261030729597,2.1249499963275715,2.2226308492340348,9.99990000099999e-06,0.00028999710002899974,2,29,d4_full_domain_core:protocol_ab,True,True,favorable,tested,attenuation_by_b_rejected
d4,p09,0.5,alpha_specific,3.4432844850967115,3.3684824695211595,3.519245046009266,9.99990000099999e-06,0.00028999710002899974,2,29,d4_full_domain_core:protocol_ab,True,True,favorable,tested,attenuation_by_b_rejected
d4,p09,0.65,alpha_specific,5.8807934383329705,5.752762701249367,6.0104763169778135,9.99990000099999e-06,0.00028999710002899974,2,29,d4_full_domain_core:protocol_ab,True,True,favorable,tested,attenuation_by_b_rejected
d4,p09,0.8,alpha_specific,8.957502528244316,8.763196790815538,9.153441511428976,9.99990000099999e-06,0.00028999710002899974,2,29,d4_full_domain_core:protocol_ab,True,True,favorable,tested,attenuation_by_b_rejected
d4,p09,,integrated,2.7873476562320847,2.7269533469318374,2.848835754517669,9.99990000099999e-06,0.00028999710002899974,2,29,d4_full_domain_core:protocol_ab,True,True,favorable,tested,attenuation_by_b_rejected
d4,p10,0.05,alpha_specific,0.23474794029423582,0.22318676266527213,0.2480580669481295,9.99990000099999e-06,0.00028999710002899974,3,29,d4_full_domain_core:protocol_ab,True,True,favorable,tested,attenuation_by_b_rejected
d4,p10,0.1,alpha_specific,0.9614632962081991,0.9167918860593559,1.0121660339630894,9.99990000099999e-06,0.00028999710002899974,3,29,d4_full_domain_core:protocol_ab,True,True,favorable,tested,attenuation_by_b_rejected
d4,p10,0.2,alpha_specific,3.8966255835730617,3.7192096836263975,4.101358410713457,9.99990000099999e-06,0.00028999710002899974,3,29,d4_full_domain_core:protocol_ab,True,True,favorable,tested,attenuation_by_b_rejected
d4,p10,0.3,alpha_specific,8.81889501117008,8.418869927578527,9.280787464565575,9.99990000099999e-06,0.00028999710002899974,3,29,d4_full_domain_core:protocol_ab,True,True,favorable,tested,attenuation_by_b_rejected
d4,p10,0.4,alpha_specific,15.726584554175567,15.017680943432216,16.549644825836356,9.99990000099999e-06,0.00028999710002899974,3,29,d4_full_domain_core:protocol_ab,True,True,favorable,tested,attenuation_by_b_rejected
d4,p10,0.5,alpha_specific,24.61319568541668,23.506708101984568,25.899806829169997,9.99990000099999e-06,0.00028999710002899974,3,29,d4_full_domain_core:protocol_ab,True,True,favorable,tested,attenuation_by_b_rejected
d4,p10,0.65,alpha_specific,41.64872809431161,39.7771681642178,43.823186162270765,9.99990000099999e-06,0.00028999710002899974,3,29,d4_full_domain_core:protocol_ab,True,True,favorable,tested,attenuation_by_b_rejected
d4,p10,0.8,alpha_specific,63.131488510338265,60.29465768533131,66.42648552143582,9.99990000099999e-06,0.00028999710002899974,3,29,d4_full_domain_core:protocol_ab,True,True,favorable,tested,attenuation_by_b_rejected
d4,p10,,integrated,19.87896608443596,18.984057968498195,20.917241295769504,9.99990000099999e-06,0.00028999710002899974,3,29,d4_full_domain_core:protocol_ab,True,True,favorable,tested,attenuation_by_b_rejected
d4,p11,0.05,alpha_specific,-0.00035055732530266126,-0.0009708301990856265,0.0005084672498783887,5.999940000599994e-05,0.0005999940000599994,20,29,d4_full_domain_core:protocol_ab,True,True,favorable,tested,attenuation_by_b_rejected
d4,p11,0.1,alpha_specific,-0.0003901248321876249,-0.001353208026485564,0.0007538999464581362,5.999940000599994e-05,0.0005999940000599994,20,29,d4_full_domain_core:protocol_ab,True,True,favorable,tested,attenuation_by_b_rejected
d4,p11,0.2,alpha_specific,-0.0002551492177264282,-0.0013293330453766536,0.0009598625446535253,5.999940000599994e-05,0.0005999940000599994,20,29,d4_full_domain_core:protocol_ab,True,True,favorable,tested,attenuation_by_b_rejected
d4,p11,0.3,alpha_specific,0.00039553595602710663,-0.0006872056041977302,0.0014172663533223513,5.999940000599994e-05,0.0005999940000599994,20,29,d4_full_domain_core:protocol_ab,True,True,favorable,tested,attenuation_by_b_rejected
d4,p11,0.4,alpha_specific,0.001100869833206722,1.6979473141629406e-05,0.0020859367531810063,5.999940000599994e-05,0.0005999940000599994,20,29,d4_full_domain_core:protocol_ab,True,True,favorable,tested,attenuation_by_b_rejected
d4,p11,0.5,alpha_specific,0.0018647718974715926,0.0006758072901451204,0.0028592760219853996,5.999940000599994e-05,0.0005999940000599994,20,29,d4_full_domain_core:protocol_ab,True,True,favorable,tested,attenuation_by_b_rejected
d4,p11,0.65,alpha_specific,0.004801576551328085,0.003123842664796216,0.00671384247159206,5.999940000599994e-05,0.0005999940000599994,20,29,d4_full_domain_core:protocol_ab,True,True,favorable,tested,attenuation_by_b_rejected
d4,p11,0.8,alpha_specific,0.007657798135892722,0.006173117018918167,0.00910427269941374,5.999940000599994e-05,0.0005999940000599994,20,29,d4_full_domain_core:protocol_ab,True,True,favorable,tested,attenuation_by_b_rejected
d4,p11,,integrated,0.0018530901248386895,0.00083691315698308,0.002832846037712844,5.999940000599994e-05,0.0005999940000599994,20,29,d4_full_domain_core:protocol_ab,True,True,favorable,tested,attenuation_by_b_rejected
d4,p12,0.05,alpha_specific,-0.00042689375211638184,-0.0006760917317105317,-0.00019844207738392813,0.4335356646433536,1.0,24,29,d4_full_domain_core:protocol_ab,False,False,adverse,tested,not_rejected
d4,p12,0.1,alpha_specific,2.557418926246254e-05,-0.0007955960841706107,0.0009660797305154559,0.4335356646433536,1.0,24,29,d4_full_domain_core:protocol_ab,False,False,adverse,tested,not_rejected
d4,p12,0.2,alpha_specific,-0.00010029070370314125,-0.0012725974494337863,0.0011584293621386555,0.4335356646433536,1.0,24,29,d4_full_domain_core:protocol_ab,False,False,adverse,tested,not_rejected
d4,p12,0.3,alpha_specific,-0.0004350569878220173,-0.0013716484029324936,0.0006145553861412466,0.4335356646433536,1.0,24,29,d4_full_domain_core:protocol_ab,False,False,adverse,tested,not_rejected
d4,p12,0.4,alpha_specific,-0.0002869934209534357,-0.001161270327607322,0.0005712237775147234,0.4335356646433536,1.0,24,29,d4_full_domain_core:protocol_ab,False,False,adverse,tested,not_rejected
d4,p12,0.5,alpha_specific,-0.0009214642585948962,-0.0017764095261955288,-0.00017582256959913385,0.4335356646433536,1.0,24,29,d4_full_domain_core:protocol_ab,False,False,adverse,tested,not_rejected
d4,p12,0.65,alpha_specific,-0.0006871750159135071,-0.0014262022178559404,-3.125646606120628e-05,0.4335356646433536,1.0,24,29,d4_full_domain_core:protocol_ab,False,False,adverse,tested,not_rejected
d4,p12,0.8,alpha_specific,0.00011116800118996378,-0.0014875877478712867,0.002440279830627017,0.4335356646433536,1.0,24,29,d4_full_domain_core:protocol_ab,False,False,adverse,tested,not_rejected
d4,p12,,integrated,-0.0003401414935813691,-0.0011223180198381493,0.0005312460191795032,0.4335356646433536,1.0,24,29,d4_full_domain_core:protocol_ab,False,False,adverse,tested,not_rejected
