cell_id,protocol_id,perturbation_id,alpha,metric_output_id,protocol_a_mse_x,metric_x,x_render_value,downstream_harm
d5,a,p08,0.05,mse,128768161.97776274,128768161.97776274,128768161.97776274,0.015934707729861913
d5,a,p08,0.1,mse,515072647.9110509,515072647.9110509,515072647.9110509,0.02868995704898789
d5,a,p08,0.2,mse,2060290591.6442037,2060290591.6442037,2060290591.6442037,0.05167306384266737
d5,a,p08,0.3,mse,4635653831.199457,4635653831.199457,4635653831.199457,0.07361494966120517
d5,a,p08,0.4,mse,8241162366.576815,8241162366.576815,8241162366.576815,0.09426731491709466
d5,a,p08,0.5,mse,12876816197.776274,12876816197.776274,12876816197.776274,0.11168548167446846
d5,a,p08,0.65,mse,21761819374.2419,21761819374.2419,21761819374.2419,0.1341891527464215
d5,a,p08,0.8,mse,32964649466.30726,32964649466.30726,32964649466.30726,0.1555016161844356
d5,a,p09,0.05,mse,126123579.48427865,126123579.48427865,126123579.48427865,0.005311347161567426
d5,a,p09,0.1,mse,504494317.9371146,504494317.9371146,504494317.9371146,0.0074801401893912906
d5,a,p09,0.2,mse,2017977271.7484584,2017977271.7484584,2017977271.7484584,0.00930052571021734
d5,a,p09,0.3,mse,4540448861.43403,4540448861.43403,4540448861.43403,0.010972320223421544
d5,a,p09,0.4,mse,8071909086.993834,8071909086.993834,8071909086.993834,0.016106979983631965
d5,a,p09,0.5,mse,12612357948.427862,12612357948.427862,12612357948.427862,0.021358361005938097
d5,a,p09,0.65,mse,21314884932.843086,21314884932.843086,21314884932.843086,0.030123011675875108
d5,a,p09,0.8,mse,32287636347.975334,32287636347.975334,32287636347.975334,0.03190552105750344
d5,a,p10,0.05,mse,128768161.97776273,128768161.97776273,128768161.97776273,0.01234873382450475
d5,a,p10,0.1,mse,515072647.9110509,515072647.9110509,515072647.9110509,0.02213621954811382
d5,a,p10,0.2,mse,2060290591.6442037,2060290591.6442037,2060290591.6442037,0.03911669787220448
d5,a,p10,0.3,mse,4635653831.199457,4635653831.199457,4635653831.199457,0.05362823463043728
d5,a,p10,0.4,mse,8241162366.576815,8241162366.576815,8241162366.576815,0.07616494086758403
d5,a,p10,0.5,mse,12876816197.776272,12876816197.776272,12876816197.776272,0.09349240048579255
d5,a,p10,0.65,mse,21761819374.2419,21761819374.2419,21761819374.2419,0.11544307992545878
d5,a,p10,0.8,mse,32964649466.30725,32964649466.30725,32964649466.30725,0.13399186268128999
d5,a,p11,0.05,mse,0.0,0.0,0.0,0.0005139500734214394
d5,a,p11,0.1,mse,0.0,0.0,0.0,1.0488777008600882e-05
d5,a,p11,0.2,mse,0.0,0.0,0.0,-0.0005605668601263311
d5,a,p11,0.3,mse,0.0,0.0,0.0,0.002389640054838293
d5,a,p11,0.4,mse,0.0,0.0,0.0,0.004088821930231623
d5,a,p11,0.5,mse,0.0,0.0,0.0,0.005593961430965835
d5,a,p11,0.65,mse,0.0,0.0,0.0,0.006083437691367205
d5,a,p11,0.8,mse,0.0,0.0,0.0,0.010074417343139809
d5,a,p12,0.05,mse,0.0,0.0,0.0,0.0
d5,a,p12,0.1,mse,0.0,0.0,0.0,-0.0001468428781204112
d5,a,p12,0.2,mse,0.0,0.0,0.0,-0.0001468428781204112
d5,a,p12,0.3,mse,0.0,0.0,0.0,-0.0001468428781204112
d5,a,p12,0.4,mse,0.0,0.0,0.0,0.0001468428781204112
d5,a,p12,0.5,mse,0.0,0.0,0.0,0.0001468428781204112
d5,a,p12,0.65,mse,0.0,0.0,0.0,-0.00044052863436123355
d5,a,p12,0.8,mse,0.0,0.0,0.0,-0.00029368575624082237
d5,b,p08,0.05,mse,128768161.97776274,128768161.97776274,128768161.97776274,0.015739605882777688
d5,b,p08,0.1,mse,515072647.9110509,515072647.9110509,515072647.9110509,0.03164027806098291
d5,b,p08,0.2,mse,2060290591.6442037,2060290591.6442037,2060290591.6442037,0.07016878332957627
d5,b,p08,0.3,mse,4635653831.199457,4635653831.199457,4635653831.199457,0.09345960573934142
d5,b,p08,0.4,mse,8241162366.576815,8241162366.576815,8241162366.576815,0.11567107024155482
d5,b,p08,0.5,mse,12876816197.776274,12876816197.776274,12876816197.776274,0.13187386320646236
d5,b,p08,0.65,mse,21761819374.2419,21761819374.2419,21761819374.2419,0.14763782269288878
d5,b,p08,0.8,mse,32964649466.30726,32964649466.30726,32964649466.30726,0.1632060813228214
d5,b,p09,0.05,mse,126123579.48427865,126123579.48427865,126123579.48427865,0.02067518058707486
d5,b,p09,0.1,mse,504494317.9371146,504494317.9371146,504494317.9371146,0.025512837627375072
d5,b,p09,0.2,mse,2017977271.7484584,2017977271.7484584,2017977271.7484584,0.03848458606167858
d5,b,p09,0.3,mse,4540448861.43403,4540448861.43403,4540448861.43403,0.051992733160134044
d5,b,p09,0.4,mse,8071909086.993834,8071909086.993834,8071909086.993834,0.06650561463336793
d5,b,p09,0.5,mse,12612357948.427862,12612357948.427862,12612357948.427862,0.07888732453710429
d5,b,p09,0.65,mse,21314884932.843086,21314884932.843086,21314884932.843086,0.1014640890191551
d5,b,p09,0.8,mse,32287636347.975334,32287636347.975334,32287636347.975334,0.11917764687588478
d5,b,p10,0.05,mse,128768161.97776273,128768161.97776273,128768161.97776273,0.02589975695702568
d5,b,p10,0.1,mse,515072647.9110509,515072647.9110509,515072647.9110509,0.045045271256725
d5,b,p10,0.2,mse,2060290591.6442037,2060290591.6442037,2060290591.6442037,0.07811120801208907
d5,b,p10,0.3,mse,4635653831.199457,4635653831.199457,4635653831.199457,0.10807061473361033
d5,b,p10,0.4,mse,8241162366.576815,8241162366.576815,8241162366.576815,0.1334348083797423
d5,b,p10,0.5,mse,12876816197.776272,12876816197.776272,12876816197.776272,0.15770001127930644
d5,b,p10,0.65,mse,21761819374.2419,21761819374.2419,21761819374.2419,0.18339926307987983
d5,b,p10,0.8,mse,32964649466.30725,32964649466.30725,32964649466.30725,0.20525496081663486
d5,b,p11,0.05,mse,0.0,0.0,0.0,-0.0001468428781204112
d5,b,p11,0.1,mse,0.0,0.0,0.0,-0.0001468428781204112
d5,b,p11,0.2,mse,0.0,0.0,0.0,-0.0006363191385217818
d5,b,p11,0.3,mse,0.0,0.0,0.0,-0.0006363191385217818
d5,b,p11,0.4,mse,0.0,0.0,0.0,-0.0004894762604013707
d5,b,p11,0.5,mse,0.0,0.0,0.0,0.00014684287812041113
d5,b,p11,0.65,mse,0.0,0.0,0.0,-0.00012236906510034278
d5,b,p11,0.8,mse,0.0,0.0,0.0,-0.0004789874833927698
d5,b,p12,0.05,mse,0.0,0.0,0.0,0.0
d5,b,p12,0.1,mse,0.0,0.0,0.0,0.0
d5,b,p12,0.2,mse,0.0,0.0,0.0,0.00020977554017201594
d5,b,p12,0.3,mse,0.0,0.0,0.0,0.00020977554017201594
d5,b,p12,0.4,mse,0.0,0.0,0.0,0.00020977554017201594
d5,b,p12,0.5,mse,0.0,0.0,0.0,0.00020977554017201594
d5,b,p12,0.65,mse,0.0,0.0,0.0,0.00035661841829242707
d5,b,p12,0.8,mse,0.0,0.0,0.0,0.00035661841829242707
d2_5,a,p08,0.05,mse,0.0005233733959361159,0.0005233733959361159,0.0005233733959361159,0.01473333333333334
d2_5,a,p08,0.1,mse,0.0020934935837444634,0.0020934935837444634,0.0020934935837444634,0.0484666666666667
d2_5,a,p08,0.2,mse,0.008373974334977854,0.008373974334977854,0.008373974334977854,0.14753333333333332
d2_5,a,p08,0.3,mse,0.018841442253700165,0.018841442253700165,0.018841442253700165,0.2366666666666667
d2_5,a,p08,0.4,mse,0.033495897339911415,0.033495897339911415,0.033495897339911415,0.29706666666666665
d2_5,a,p08,0.5,mse,0.05233733959361157,0.05233733959361157,0.05233733959361157,0.33866666666666667
d2_5,a,p08,0.65,mse,0.08845010391320358,0.08845010391320358,0.08845010391320358,0.3798666666666666
d2_5,a,p08,0.8,mse,0.13398358935964566,0.13398358935964566,0.13398358935964566,0.4048
d2_5,a,p09,0.05,mse,0.0005238020531641963,0.0005238020531641963,0.0005238020531641963,0.0017333333333333486
d2_5,a,p09,0.1,mse,0.0020952082126567853,0.0020952082126567853,0.0020952082126567853,0.006666666666666685
d2_5,a,p09,0.2,mse,0.008380832850627141,0.008380832850627141,0.008380832850627141,0.030533333333333343
d2_5,a,p09,0.3,mse,0.018856873913911068,0.018856873913911068,0.018856873913911068,0.0632
d2_5,a,p09,0.4,mse,0.033523331402508565,0.033523331402508565,0.033523331402508565,0.09900000000000002
d2_5,a,p09,0.5,mse,0.05238020531641962,0.05238020531641962,0.05238020531641962,0.132
d2_5,a,p09,0.65,mse,0.08852254698474918,0.08852254698474918,0.08852254698474918,0.17993333333333333
d2_5,a,p09,0.8,mse,0.13409332561003426,0.13409332561003426,0.13409332561003426,0.21766666666666667
d2_5,a,p10,0.05,mse,0.0005233733959361159,0.0005233733959361159,0.0005233733959361159,0.024600000000000018
d2_5,a,p10,0.1,mse,0.0020934935837444634,0.0020934935837444634,0.0020934935837444634,0.07959999999999999
d2_5,a,p10,0.2,mse,0.008373974334977854,0.008373974334977854,0.008373974334977854,0.19313333333333338
d2_5,a,p10,0.3,mse,0.018841442253700165,0.018841442253700165,0.018841442253700165,0.2672
d2_5,a,p10,0.4,mse,0.033495897339911415,0.033495897339911415,0.033495897339911415,0.31753333333333333
d2_5,a,p10,0.5,mse,0.05233733959361157,0.05233733959361157,0.05233733959361157,0.35006666666666675
d2_5,a,p10,0.65,mse,0.08845010391320358,0.08845010391320358,0.08845010391320358,0.38406666666666667
d2_5,a,p10,0.8,mse,0.13398358935964566,0.13398358935964566,0.13398358935964566,0.40873333333333334
d2_5,a,p11,0.05,mse,0.0,0.0,0.0,-0.005333333333333318
d2_5,a,p11,0.1,mse,0.0,0.0,0.0,-0.008333333333333333
d2_5,a,p11,0.2,mse,0.0,0.0,0.0,-0.007466666666666655
d2_5,a,p11,0.3,mse,0.0,0.0,0.0,0.003533333333333327
d2_5,a,p11,0.4,mse,0.0,0.0,0.0,0.015066666666666683
d2_5,a,p11,0.5,mse,0.0,0.0,0.0,0.01473333333333335
d2_5,a,p11,0.65,mse,0.0,0.0,0.0,0.030200000000000005
d2_5,a,p11,0.8,mse,0.0,0.0,0.0,0.04113333333333334
d2_5,a,p12,0.05,mse,0.0,0.0,0.0,-0.0013333333333333012
d2_5,a,p12,0.1,mse,0.0,0.0,0.0,-0.001733333333333309
d2_5,a,p12,0.2,mse,0.0,0.0,0.0,-0.002466666666666654
d2_5,a,p12,0.3,mse,0.0,0.0,0.0,-0.0034666666666666695
d2_5,a,p12,0.4,mse,0.0,0.0,0.0,-0.0034666666666666613
d2_5,a,p12,0.5,mse,0.0,0.0,0.0,-0.0001999999999999937
d2_5,a,p12,0.65,mse,0.0,0.0,0.0,0.001933333333333349
d2_5,a,p12,0.8,mse,0.0,0.0,0.0,0.006066666666666685
d2_5,b,p08,0.05,mse,0.0005233733959361159,0.0005233733959361159,0.0005233733959361159,0.050733333333333325
d2_5,b,p08,0.1,mse,0.0020934935837444634,0.0020934935837444634,0.0020934935837444634,0.09413333333333335
d2_5,b,p08,0.2,mse,0.008373974334977854,0.008373974334977854,0.008373974334977854,0.12913333333333332
d2_5,b,p08,0.3,mse,0.018841442253700165,0.018841442253700165,0.018841442253700165,0.14040000000000002
d2_5,b,p08,0.4,mse,0.033495897339911415,0.033495897339911415,0.033495897339911415,0.14466666666666667
d2_5,b,p08,0.5,mse,0.05233733959361157,0.05233733959361157,0.05233733959361157,0.1472666666666667
d2_5,b,p08,0.65,mse,0.08845010391320358,0.08845010391320358,0.08845010391320358,0.14806666666666668
d2_5,b,p08,0.8,mse,0.13398358935964566,0.13398358935964566,0.13398358935964566,0.14880000000000002
d2_5,b,p09,0.05,mse,0.0005238020531641963,0.0005238020531641963,0.0005238020531641963,0.00746666666666668
d2_5,b,p09,0.1,mse,0.0020952082126567853,0.0020952082126567853,0.0020952082126567853,0.03579999999999999
d2_5,b,p09,0.2,mse,0.008380832850627141,0.008380832850627141,0.008380832850627141,0.11206666666666668
d2_5,b,p09,0.3,mse,0.018856873913911068,0.018856873913911068,0.018856873913911068,0.17720000000000002
d2_5,b,p09,0.4,mse,0.033523331402508565,0.033523331402508565,0.033523331402508565,0.23479999999999998
d2_5,b,p09,0.5,mse,0.05238020531641962,0.05238020531641962,0.05238020531641962,0.2750666666666667
d2_5,b,p09,0.65,mse,0.08852254698474918,0.08852254698474918,0.08852254698474918,0.3254
d2_5,b,p09,0.8,mse,0.13409332561003426,0.13409332561003426,0.13409332561003426,0.3519333333333334
d2_5,b,p10,0.05,mse,0.0005233733959361159,0.0005233733959361159,0.0005233733959361159,0.03153333333333335
d2_5,b,p10,0.1,mse,0.0020934935837444634,0.0020934935837444634,0.0020934935837444634,0.13940000000000002
d2_5,b,p10,0.2,mse,0.008373974334977854,0.008373974334977854,0.008373974334977854,0.2875333333333333
d2_5,b,p10,0.3,mse,0.018841442253700165,0.018841442253700165,0.018841442253700165,0.35613333333333336
d2_5,b,p10,0.4,mse,0.033495897339911415,0.033495897339911415,0.033495897339911415,0.3919333333333333
d2_5,b,p10,0.5,mse,0.05233733959361157,0.05233733959361157,0.05233733959361157,0.4168
d2_5,b,p10,0.65,mse,0.08845010391320358,0.08845010391320358,0.08845010391320358,0.4428
d2_5,b,p10,0.8,mse,0.13398358935964566,0.13398358935964566,0.13398358935964566,0.4575333333333334
d2_5,b,p11,0.05,mse,0.0,0.0,0.0,-0.03639999999999999
d2_5,b,p11,0.1,mse,0.0,0.0,0.0,-0.05939999999999999
d2_5,b,p11,0.2,mse,0.0,0.0,0.0,-0.06973333333333333
d2_5,b,p11,0.3,mse,0.0,0.0,0.0,-0.03933333333333332
d2_5,b,p11,0.4,mse,0.0,0.0,0.0,-0.026466666666666656
d2_5,b,p11,0.5,mse,0.0,0.0,0.0,-0.067
d2_5,b,p11,0.65,mse,0.0,0.0,0.0,-0.04233333333333333
d2_5,b,p11,0.8,mse,0.0,0.0,0.0,-0.04513333333333333
d2_5,b,p12,0.05,mse,0.0,0.0,0.0,-0.009466666666666663
d2_5,b,p12,0.1,mse,0.0,0.0,0.0,-0.01459999999999999
d2_5,b,p12,0.2,mse,0.0,0.0,0.0,-0.025399999999999992
d2_5,b,p12,0.3,mse,0.0,0.0,0.0,-0.027666666666666662
d2_5,b,p12,0.4,mse,0.0,0.0,0.0,-0.026600000000000002
d2_5,b,p12,0.5,mse,0.0,0.0,0.0,-0.030266666666666654
d2_5,b,p12,0.65,mse,0.0,0.0,0.0,-0.032933333333333335
d2_5,b,p12,0.8,mse,0.0,0.0,0.0,-0.03546666666666665
d2_10,a,p08,0.05,mse,0.0005233733959361159,0.0005233733959361159,0.0005233733959361159,0.02186666666666665
d2_10,a,p08,0.1,mse,0.0020934935837444634,0.0020934935837444634,0.0020934935837444634,0.07966666666666664
d2_10,a,p08,0.2,mse,0.008373974334977854,0.008373974334977854,0.008373974334977854,0.21306666666666668
d2_10,a,p08,0.3,mse,0.018841442253700165,0.018841442253700165,0.018841442253700165,0.3224
d2_10,a,p08,0.4,mse,0.033495897339911415,0.033495897339911415,0.033495897339911415,0.3953333333333333
d2_10,a,p08,0.5,mse,0.05233733959361157,0.05233733959361157,0.05233733959361157,0.44139999999999996
d2_10,a,p08,0.65,mse,0.08845010391320358,0.08845010391320358,0.08845010391320358,0.48439999999999994
d2_10,a,p08,0.8,mse,0.13398358935964566,0.13398358935964566,0.13398358935964566,0.5155333333333333
d2_10,a,p09,0.05,mse,0.0005238020531641963,0.0005238020531641963,0.0005238020531641963,0.0015333333333333152
d2_10,a,p09,0.1,mse,0.0020952082126567853,0.0020952082126567853,0.0020952082126567853,0.008933333333333333
d2_10,a,p09,0.2,mse,0.008380832850627141,0.008380832850627141,0.008380832850627141,0.03306666666666664
d2_10,a,p09,0.3,mse,0.018856873913911068,0.018856873913911068,0.018856873913911068,0.0713333333333333
d2_10,a,p09,0.4,mse,0.033523331402508565,0.033523331402508565,0.033523331402508565,0.11333333333333334
d2_10,a,p09,0.5,mse,0.05238020531641962,0.05238020531641962,0.05238020531641962,0.15533333333333335
d2_10,a,p09,0.65,mse,0.08852254698474918,0.08852254698474918,0.08852254698474918,0.21413333333333331
d2_10,a,p09,0.8,mse,0.13409332561003426,0.13409332561003426,0.13409332561003426,0.2611333333333333
d2_10,a,p10,0.05,mse,0.0005233733959361159,0.0005233733959361159,0.0005233733959361159,0.03486666666666664
d2_10,a,p10,0.1,mse,0.0020934935837444634,0.0020934935837444634,0.0020934935837444634,0.11706666666666665
d2_10,a,p10,0.2,mse,0.008373974334977854,0.008373974334977854,0.008373974334977854,0.26626666666666665
d2_10,a,p10,0.3,mse,0.018841442253700165,0.018841442253700165,0.018841442253700165,0.35806666666666664
d2_10,a,p10,0.4,mse,0.033495897339911415,0.033495897339911415,0.033495897339911415,0.41779999999999995
d2_10,a,p10,0.5,mse,0.05233733959361157,0.05233733959361157,0.05233733959361157,0.4539999999999999
d2_10,a,p10,0.65,mse,0.08845010391320358,0.08845010391320358,0.08845010391320358,0.4898
d2_10,a,p10,0.8,mse,0.13398358935964566,0.13398358935964566,0.13398358935964566,0.5164
d2_10,a,p11,0.05,mse,0.0,0.0,0.0,-0.004000000000000021
d2_10,a,p11,0.1,mse,0.0,0.0,0.0,-0.006866666666666694
d2_10,a,p11,0.2,mse,0.0,0.0,0.0,-0.0006666666666666812
d2_10,a,p11,0.3,mse,0.0,0.0,0.0,0.012599999999999978
d2_10,a,p11,0.4,mse,0.0,0.0,0.0,0.026066666666666616
d2_10,a,p11,0.5,mse,0.0,0.0,0.0,0.0313333333333333
d2_10,a,p11,0.65,mse,0.0,0.0,0.0,0.05939999999999999
d2_10,a,p11,0.8,mse,0.0,0.0,0.0,0.08333333333333327
d2_10,a,p12,0.05,mse,0.0,0.0,0.0,-0.0010000000000000193
d2_10,a,p12,0.1,mse,0.0,0.0,0.0,-0.0020000000000000334
d2_10,a,p12,0.2,mse,0.0,0.0,0.0,-0.0024000000000000124
d2_10,a,p12,0.3,mse,0.0,0.0,0.0,-0.0012666666666666631
d2_10,a,p12,0.4,mse,0.0,0.0,0.0,0.0010666666666666353
d2_10,a,p12,0.5,mse,0.0,0.0,0.0,0.003999999999999996
d2_10,a,p12,0.65,mse,0.0,0.0,0.0,0.008466666666666645
d2_10,a,p12,0.8,mse,0.0,0.0,0.0,0.016666666666666653
d2_10,b,p08,0.05,mse,0.0005233733959361159,0.0005233733959361159,0.0005233733959361159,0.026066666666666658
d2_10,b,p08,0.1,mse,0.0020934935837444634,0.0020934935837444634,0.0020934935837444634,0.04819999999999998
d2_10,b,p08,0.2,mse,0.008373974334977854,0.008373974334977854,0.008373974334977854,0.06353333333333333
d2_10,b,p08,0.3,mse,0.018841442253700165,0.018841442253700165,0.018841442253700165,0.06793333333333335
d2_10,b,p08,0.4,mse,0.033495897339911415,0.033495897339911415,0.033495897339911415,0.06899999999999998
d2_10,b,p08,0.5,mse,0.05233733959361157,0.05233733959361157,0.05233733959361157,0.06953333333333328
d2_10,b,p08,0.65,mse,0.08845010391320358,0.08845010391320358,0.08845010391320358,0.07099999999999997
d2_10,b,p08,0.8,mse,0.13398358935964566,0.13398358935964566,0.13398358935964566,0.0715333333333333
d2_10,b,p09,0.05,mse,0.0005238020531641963,0.0005238020531641963,0.0005238020531641963,-0.006266666666666687
d2_10,b,p09,0.1,mse,0.0020952082126567853,0.0020952082126567853,0.0020952082126567853,0.007066666666666646
d2_10,b,p09,0.2,mse,0.008380832850627141,0.008380832850627141,0.008380832850627141,0.08339999999999997
d2_10,b,p09,0.3,mse,0.018856873913911068,0.018856873913911068,0.018856873913911068,0.1805333333333333
d2_10,b,p09,0.4,mse,0.033523331402508565,0.033523331402508565,0.033523331402508565,0.26526666666666665
d2_10,b,p09,0.5,mse,0.05238020531641962,0.05238020531641962,0.05238020531641962,0.3237333333333334
d2_10,b,p09,0.65,mse,0.08852254698474918,0.08852254698474918,0.08852254698474918,0.3791333333333332
d2_10,b,p09,0.8,mse,0.13409332561003426,0.13409332561003426,0.13409332561003426,0.42386666666666656
d2_10,b,p10,0.05,mse,0.0005233733959361159,0.0005233733959361159,0.0005233733959361159,0.04793333333333331
d2_10,b,p10,0.1,mse,0.0020934935837444634,0.0020934935837444634,0.0020934935837444634,0.17579999999999993
d2_10,b,p10,0.2,mse,0.008373974334977854,0.008373974334977854,0.008373974334977854,0.3566666666666667
d2_10,b,p10,0.3,mse,0.018841442253700165,0.018841442253700165,0.018841442253700165,0.4406666666666667
d2_10,b,p10,0.4,mse,0.033495897339911415,0.033495897339911415,0.033495897339911415,0.4798666666666666
d2_10,b,p10,0.5,mse,0.05233733959361157,0.05233733959361157,0.05233733959361157,0.5064666666666666
d2_10,b,p10,0.65,mse,0.08845010391320358,0.08845010391320358,0.08845010391320358,0.5290666666666667
d2_10,b,p10,0.8,mse,0.13398358935964566,0.13398358935964566,0.13398358935964566,0.5476666666666666
d2_10,b,p11,0.05,mse,0.0,0.0,0.0,-0.03146666666666669
d2_10,b,p11,0.1,mse,0.0,0.0,0.0,-0.04013333333333334
d2_10,b,p11,0.2,mse,0.0,0.0,0.0,-0.04666666666666668
d2_10,b,p11,0.3,mse,0.0,0.0,0.0,-0.03553333333333334
d2_10,b,p11,0.4,mse,0.0,0.0,0.0,-0.024266666666666662
d2_10,b,p11,0.5,mse,0.0,0.0,0.0,-0.04800000000000003
d2_10,b,p11,0.65,mse,0.0,0.0,0.0,-0.037066666666666685
d2_10,b,p11,0.8,mse,0.0,0.0,0.0,-0.03580000000000001
d2_10,b,p12,0.05,mse,0.0,0.0,0.0,-0.00793333333333334
d2_10,b,p12,0.1,mse,0.0,0.0,0.0,-0.012400000000000015
d2_10,b,p12,0.2,mse,0.0,0.0,0.0,-0.019000000000000003
d2_10,b,p12,0.3,mse,0.0,0.0,0.0,-0.022933333333333347
d2_10,b,p12,0.4,mse,0.0,0.0,0.0,-0.02686666666666668
d2_10,b,p12,0.5,mse,0.0,0.0,0.0,-0.02600000000000002
d2_10,b,p12,0.65,mse,0.0,0.0,0.0,-0.027066666666666694
d2_10,b,p12,0.8,mse,0.0,0.0,0.0,-0.03020000000000002
d2_20,a,p08,0.05,mse,0.0005233733959361159,0.0005233733959361159,0.0005233733959361159,0.027666666666666683
d2_20,a,p08,0.1,mse,0.0020934935837444634,0.0020934935837444634,0.0020934935837444634,0.0918666666666667
d2_20,a,p08,0.2,mse,0.008373974334977854,0.008373974334977854,0.008373974334977854,0.2532
d2_20,a,p08,0.3,mse,0.018841442253700165,0.018841442253700165,0.018841442253700165,0.3737333333333333
d2_20,a,p08,0.4,mse,0.033495897339911415,0.033495897339911415,0.033495897339911415,0.44800000000000006
d2_20,a,p08,0.5,mse,0.05233733959361157,0.05233733959361157,0.05233733959361157,0.49139999999999995
d2_20,a,p08,0.65,mse,0.08845010391320358,0.08845010391320358,0.08845010391320358,0.534
d2_20,a,p08,0.8,mse,0.13398358935964566,0.13398358935964566,0.13398358935964566,0.5643333333333334
d2_20,a,p09,0.05,mse,0.0005238020531641963,0.0005238020531641963,0.0005238020531641963,0.0004000000000000096
d2_20,a,p09,0.1,mse,0.0020952082126567853,0.0020952082126567853,0.0020952082126567853,0.00793333333333334
d2_20,a,p09,0.2,mse,0.008380832850627141,0.008380832850627141,0.008380832850627141,0.035933333333333345
d2_20,a,p09,0.3,mse,0.018856873913911068,0.018856873913911068,0.018856873913911068,0.07646666666666667
d2_20,a,p09,0.4,mse,0.033523331402508565,0.033523331402508565,0.033523331402508565,0.11853333333333337
d2_20,a,p09,0.5,mse,0.05238020531641962,0.05238020531641962,0.05238020531641962,0.16793333333333338
d2_20,a,p09,0.65,mse,0.08852254698474918,0.08852254698474918,0.08852254698474918,0.2326666666666667
d2_20,a,p09,0.8,mse,0.13409332561003426,0.13409332561003426,0.13409332561003426,0.2868666666666667
d2_20,a,p10,0.05,mse,0.0005233733959361159,0.0005233733959361159,0.0005233733959361159,0.04120000000000001
d2_20,a,p10,0.1,mse,0.0020934935837444634,0.0020934935837444634,0.0020934935837444634,0.14113333333333333
d2_20,a,p10,0.2,mse,0.008373974334977854,0.008373974334977854,0.008373974334977854,0.31239999999999996
d2_20,a,p10,0.3,mse,0.018841442253700165,0.018841442253700165,0.018841442253700165,0.4132
d2_20,a,p10,0.4,mse,0.033495897339911415,0.033495897339911415,0.033495897339911415,0.47346666666666665
d2_20,a,p10,0.5,mse,0.05233733959361157,0.05233733959361157,0.05233733959361157,0.5111333333333333
d2_20,a,p10,0.65,mse,0.08845010391320358,0.08845010391320358,0.08845010391320358,0.5494666666666667
d2_20,a,p10,0.8,mse,0.13398358935964566,0.13398358935964566,0.13398358935964566,0.5728000000000001
d2_20,a,p11,0.05,mse,0.0,0.0,0.0,-0.002333333333333317
d2_20,a,p11,0.1,mse,0.0,0.0,0.0,-0.0015333333333333089
d2_20,a,p11,0.2,mse,0.0,0.0,0.0,0.005133333333333356
d2_20,a,p11,0.3,mse,0.0,0.0,0.0,0.020733333333333364
d2_20,a,p11,0.4,mse,0.0,0.0,0.0,0.03780000000000002
d2_20,a,p11,0.5,mse,0.0,0.0,0.0,0.050133333333333356
d2_20,a,p11,0.65,mse,0.0,0.0,0.0,0.08113333333333335
d2_20,a,p11,0.8,mse,0.0,0.0,0.0,0.1124
d2_20,a,p12,0.05,mse,0.0,0.0,0.0,-0.0009999999999999879
d2_20,a,p12,0.1,mse,0.0,0.0,0.0,-0.0011999999999999732
d2_20,a,p12,0.2,mse,0.0,0.0,0.0,-0.0008666666666666563
d2_20,a,p12,0.3,mse,0.0,0.0,0.0,0.0001333333333333316
d2_20,a,p12,0.4,mse,0.0,0.0,0.0,0.0036666666666666766
d2_20,a,p12,0.5,mse,0.0,0.0,0.0,0.006933333333333344
d2_20,a,p12,0.65,mse,0.0,0.0,0.0,0.014600000000000005
d2_20,a,p12,0.8,mse,0.0,0.0,0.0,0.021466666666666676
d2_20,b,p08,0.05,mse,0.0005233733959361159,0.0005233733959361159,0.0005233733959361159,0.016333333333333342
d2_20,b,p08,0.1,mse,0.0020934935837444634,0.0020934935837444634,0.0020934935837444634,0.02513333333333335
d2_20,b,p08,0.2,mse,0.008373974334977854,0.008373974334977854,0.008373974334977854,0.025666666666666702
d2_20,b,p08,0.3,mse,0.018841442253700165,0.018841442253700165,0.018841442253700165,0.024800000000000023
d2_20,b,p08,0.4,mse,0.033495897339911415,0.033495897339911415,0.033495897339911415,0.025000000000000026
d2_20,b,p08,0.5,mse,0.05233733959361157,0.05233733959361157,0.05233733959361157,0.024666666666666687
d2_20,b,p08,0.65,mse,0.08845010391320358,0.08845010391320358,0.08845010391320358,0.02506666666666667
d2_20,b,p08,0.8,mse,0.13398358935964566,0.13398358935964566,0.13398358935964566,0.024733333333333336
d2_20,b,p09,0.05,mse,0.0005238020531641963,0.0005238020531641963,0.0005238020531641963,-0.0010666666666666524
d2_20,b,p09,0.1,mse,0.0020952082126567853,0.0020952082126567853,0.0020952082126567853,0.019666666666666697
d2_20,b,p09,0.2,mse,0.008380832850627141,0.008380832850627141,0.008380832850627141,0.06853333333333336
d2_20,b,p09,0.3,mse,0.018856873913911068,0.018856873913911068,0.018856873913911068,0.14606666666666668
d2_20,b,p09,0.4,mse,0.033523331402508565,0.033523331402508565,0.033523331402508565,0.24020000000000002
d2_20,b,p09,0.5,mse,0.05238020531641962,0.05238020531641962,0.05238020531641962,0.3211333333333333
d2_20,b,p09,0.65,mse,0.08852254698474918,0.08852254698474918,0.08852254698474918,0.3872666666666667
d2_20,b,p09,0.8,mse,0.13409332561003426,0.13409332561003426,0.13409332561003426,0.43620000000000003
d2_20,b,p10,0.05,mse,0.0005233733959361159,0.0005233733959361159,0.0005233733959361159,0.05133333333333334
d2_20,b,p10,0.1,mse,0.0020934935837444634,0.0020934935837444634,0.0020934935837444634,0.19840000000000005
d2_20,b,p10,0.2,mse,0.008373974334977854,0.008373974334977854,0.008373974334977854,0.39513333333333345
d2_20,b,p10,0.3,mse,0.018841442253700165,0.018841442253700165,0.018841442253700165,0.48059999999999997
d2_20,b,p10,0.4,mse,0.033495897339911415,0.033495897339911415,0.033495897339911415,0.5254666666666667
d2_20,b,p10,0.5,mse,0.05233733959361157,0.05233733959361157,0.05233733959361157,0.5451999999999999
d2_20,b,p10,0.65,mse,0.08845010391320358,0.08845010391320358,0.08845010391320358,0.5691999999999999
d2_20,b,p10,0.8,mse,0.13398358935964566,0.13398358935964566,0.13398358935964566,0.5878666666666666
d2_20,b,p11,0.05,mse,0.0,0.0,0.0,-0.015999999999999986
d2_20,b,p11,0.1,mse,0.0,0.0,0.0,-0.025399999999999992
d2_20,b,p11,0.2,mse,0.0,0.0,0.0,-0.028
d2_20,b,p11,0.3,mse,0.0,0.0,0.0,-0.01733333333333333
d2_20,b,p11,0.4,mse,0.0,0.0,0.0,-0.01319999999999997
d2_20,b,p11,0.5,mse,0.0,0.0,0.0,-0.02680000000000001
d2_20,b,p11,0.65,mse,0.0,0.0,0.0,-0.015866666666666647
d2_20,b,p11,0.8,mse,0.0,0.0,0.0,-0.01973333333333334
d2_20,b,p12,0.05,mse,0.0,0.0,0.0,-0.004799999999999985
d2_20,b,p12,0.1,mse,0.0,0.0,0.0,-0.0069333333333333365
d2_20,b,p12,0.2,mse,0.0,0.0,0.0,-0.010333333333333332
d2_20,b,p12,0.3,mse,0.0,0.0,0.0,-0.011800000000000003
d2_20,b,p12,0.4,mse,0.0,0.0,0.0,-0.011399999999999992
d2_20,b,p12,0.5,mse,0.0,0.0,0.0,-0.012
d2_20,b,p12,0.65,mse,0.0,0.0,0.0,-0.013199999999999993
d2_20,b,p12,0.8,mse,0.0,0.0,0.0,-0.014933333333333328
d1,a,p08,0.05,mse,0.0005233733959361159,0.0005233733959361159,0.0005233733959361159,0.06753333333333332
d1,a,p08,0.1,mse,0.0020934935837444634,0.0020934935837444634,0.0020934935837444634,0.19046666666666662
d1,a,p08,0.2,mse,0.008373974334977854,0.008373974334977854,0.008373974334977854,0.34193333333333337
d1,a,p08,0.3,mse,0.018841442253700165,0.018841442253700165,0.018841442253700165,0.42673333333333324
d1,a,p08,0.4,mse,0.033495897339911415,0.033495897339911415,0.033495897339911415,0.4861333333333333
d1,a,p08,0.5,mse,0.05233733959361157,0.05233733959361157,0.05233733959361157,0.5181333333333334
d1,a,p08,0.65,mse,0.08845010391320358,0.08845010391320358,0.08845010391320358,0.5493333333333333
d1,a,p08,0.8,mse,0.13398358935964566,0.13398358935964566,0.13398358935964566,0.5685333333333332
d1,a,p09,0.05,mse,0.0005238020531641963,0.0005238020531641963,0.0005238020531641963,0.008733333333333319
d1,a,p09,0.1,mse,0.0020952082126567853,0.0020952082126567853,0.0020952082126567853,0.022866666666666664
d1,a,p09,0.2,mse,0.008380832850627141,0.008380832850627141,0.008380832850627141,0.061733333333333335
d1,a,p09,0.3,mse,0.018856873913911068,0.018856873913911068,0.018856873913911068,0.11546666666666665
d1,a,p09,0.4,mse,0.033523331402508565,0.033523331402508565,0.033523331402508565,0.17746666666666666
d1,a,p09,0.5,mse,0.05238020531641962,0.05238020531641962,0.05238020531641962,0.23206666666666662
d1,a,p09,0.65,mse,0.08852254698474918,0.08852254698474918,0.08852254698474918,0.3028666666666667
d1,a,p09,0.8,mse,0.13409332561003426,0.13409332561003426,0.13409332561003426,0.353
d1,a,p10,0.05,mse,0.0005233733959361159,0.0005233733959361159,0.0005233733959361159,0.08226666666666665
d1,a,p10,0.1,mse,0.0020934935837444634,0.0020934935837444634,0.0020934935837444634,0.22726666666666664
d1,a,p10,0.2,mse,0.008373974334977854,0.008373974334977854,0.008373974334977854,0.39999999999999986
d1,a,p10,0.3,mse,0.018841442253700165,0.018841442253700165,0.018841442253700165,0.47593333333333326
d1,a,p10,0.4,mse,0.033495897339911415,0.033495897339911415,0.033495897339911415,0.5182666666666667
d1,a,p10,0.5,mse,0.05233733959361157,0.05233733959361157,0.05233733959361157,0.5436666666666667
d1,a,p10,0.65,mse,0.08845010391320358,0.08845010391320358,0.08845010391320358,0.5728000000000001
d1,a,p10,0.8,mse,0.13398358935964566,0.13398358935964566,0.13398358935964566,0.5913333333333333
d1,a,p11,0.05,mse,0.0,0.0,0.0,0.003266666666666664
d1,a,p11,0.1,mse,0.0,0.0,0.0,0.014466666666666673
d1,a,p11,0.2,mse,0.0,0.0,0.0,0.03786666666666669
d1,a,p11,0.3,mse,0.0,0.0,0.0,0.06613333333333334
d1,a,p11,0.4,mse,0.0,0.0,0.0,0.09786666666666667
d1,a,p11,0.5,mse,0.0,0.0,0.0,0.12473333333333333
d1,a,p11,0.65,mse,0.0,0.0,0.0,0.1682
d1,a,p11,0.8,mse,0.0,0.0,0.0,0.21046666666666666
d1,a,p12,0.05,mse,0.0,0.0,0.0,6.666666666667042e-05
d1,a,p12,0.1,mse,0.0,0.0,0.0,0.0007999999999999859
d1,a,p12,0.2,mse,0.0,0.0,0.0,0.0065999999999999965
d1,a,p12,0.3,mse,0.0,0.0,0.0,0.014599999999999991
d1,a,p12,0.4,mse,0.0,0.0,0.0,0.020600000000000004
d1,a,p12,0.5,mse,0.0,0.0,0.0,0.02833333333333333
d1,a,p12,0.65,mse,0.0,0.0,0.0,0.03926666666666666
d1,a,p12,0.8,mse,0.0,0.0,0.0,0.05779999999999998
d4,a,p08,0.05,mse,774.70804623584,774.70804623584,774.70804623584,0.1769409845857644
d4,a,p08,0.1,mse,3098.83218494336,3098.83218494336,3098.83218494336,0.7081164255272571
d4,a,p08,0.2,mse,12395.32873977344,12395.32873977344,12395.32873977344,2.833170671821246
d4,a,p08,0.3,mse,27889.489664490233,27889.489664490233,27889.489664490233,6.375162729483839
d4,a,p08,0.4,mse,49581.31495909376,49581.31495909376,49581.31495909376,11.334092605434027
d4,a,p08,0.5,mse,77470.80462358399,77470.80462358399,77470.80462358399,17.709960311050192
d4,a,p08,0.65,mse,130925.65981385695,130925.65981385695,130925.65981385695,29.93052025671572
d4,a,p08,0.8,mse,198325.25983637504,198325.25983637504,198325.25983637504,45.33919029040663
d4,a,p09,0.05,mse,774.6037133665193,774.6037133665193,774.6037133665193,0.03540252611634788
d4,a,p09,0.1,mse,3098.414853466077,3098.414853466077,3098.414853466077,0.14166104194923276
d4,a,p09,0.2,mse,12393.659413864309,12393.659413864309,12393.659413864309,0.5667460445518681
d4,a,p09,0.3,mse,27885.73368119469,27885.73368119469,27885.73368119469,1.2752550058115806
d4,a,p09,0.4,mse,49574.637655457234,49574.637655457234,49574.637655457234,2.2671879253668794
d4,a,p09,0.5,mse,77460.37133665194,77460.37133665194,77460.37133665194,3.5425447952126805
d4,a,p09,0.65,mse,130908.02755894176,130908.02755894176,130908.02755894176,5.98700004150179
d4,a,p09,0.8,mse,198298.55062182894,198298.55062182894,198298.55062182894,9.06915919033089
d4,a,p10,0.05,mse,774.70804623584,774.70804623584,774.70804623584,0.2480803198087055
d4,a,p10,0.1,mse,3098.83218494336,3098.83218494336,3098.83218494336,0.9900150435349266
d4,a,p10,0.2,mse,12395.32873977344,12395.32873977344,12395.32873977344,3.9554477170748883
d4,a,p10,0.3,mse,27889.489664490233,27889.489664490233,27889.489664490233,8.896297998461218
d4,a,p10,0.4,mse,49581.31495909376,49581.31495909376,49581.31495909376,15.81256591235033
d4,a,p10,0.5,mse,77470.80462358399,77470.80462358399,77470.80462358399,24.704251466146435
d4,a,p10,0.65,mse,130925.65981385695,130925.65981385695,130925.65981385695,41.74568783448971
d4,a,p10,0.8,mse,198325.25983637504,198325.25983637504,198325.25983637504,63.23181377080258
d4,a,p11,0.05,mse,0.0,0.0,0.0,-0.0007250303061973436
d4,a,p11,0.1,mse,0.0,0.0,0.0,-0.0010627633815558637
d4,a,p11,0.2,mse,0.0,0.0,0.0,-0.0006050541944983319
d4,a,p11,0.3,mse,0.0,0.0,0.0,-0.0003582381971939306
d4,a,p11,0.4,mse,0.0,0.0,0.0,0.00040784083508389724
d4,a,p11,0.5,mse,0.0,0.0,0.0,0.0017078075252860057
d4,a,p11,0.65,mse,0.0,0.0,0.0,0.004327172974906523
d4,a,p11,0.8,mse,0.0,0.0,0.0,0.007060635782224924
d4,a,p12,0.05,mse,0.0,0.0,0.0,-0.0004892504599782877
d4,a,p12,0.1,mse,0.0,0.0,0.0,-0.0007725791531681218
d4,a,p12,0.2,mse,0.0,0.0,0.0,-0.000740913859307862
d4,a,p12,0.3,mse,0.0,0.0,0.0,-0.0007336592394861695
d4,a,p12,0.4,mse,0.0,0.0,0.0,-0.0011450074574521588
d4,a,p12,0.5,mse,0.0,0.0,0.0,-0.001139453436575788
d4,a,p12,0.65,mse,0.0,0.0,0.0,-0.0012453940266719348
d4,a,p12,0.8,mse,0.0,0.0,0.0,-0.00025062877258555616
d4,b,p08,0.05,mse,774.70804623584,774.70804623584,774.70804623584,-0.0031945015262974516
d4,b,p08,0.1,mse,3098.83218494336,3098.83218494336,3098.83218494336,-0.00416962773410034
d4,b,p08,0.2,mse,12395.32873977344,12395.32873977344,12395.32873977344,-0.004073869908514714
d4,b,p08,0.3,mse,27889.489664490233,27889.489664490233,27889.489664490233,-0.003756998603727037
d4,b,p08,0.4,mse,49581.31495909376,49581.31495909376,49581.31495909376,-0.003687691693914541
d4,b,p08,0.5,mse,77470.80462358399,77470.80462358399,77470.80462358399,-0.0033584213549094372
d4,b,p08,0.65,mse,130925.65981385695,130925.65981385695,130925.65981385695,-0.0033377139843125117
d4,b,p08,0.8,mse,198325.25983637504,198325.25983637504,198325.25983637504,-0.0033338842154886305
d4,b,p09,0.05,mse,774.6037133665193,774.6037133665193,774.6037133665193,0.007503655522342697
d4,b,p09,0.1,mse,3098.414853466077,3098.414853466077,3098.414853466077,0.02530657913070821
d4,b,p09,0.2,mse,12393.659413864309,12393.659413864309,12393.659413864309,0.06011668883895233
d4,b,p09,0.3,mse,27885.73368119469,27885.73368119469,27885.73368119469,0.08286299982730767
d4,b,p09,0.4,mse,49574.637655457234,49574.637655457234,49574.637655457234,0.09326182229392017
d4,b,p09,0.5,mse,77460.37133665194,77460.37133665192,77460.37133665194,0.09926031011596924
d4,b,p09,0.65,mse,130908.02755894176,130908.02755894176,130908.02755894176,0.10620660316882029
d4,b,p09,0.8,mse,198298.55062182894,198298.55062182894,198298.55062182894,0.1116566620865737
d4,b,p10,0.05,mse,774.70804623584,774.70804623584,774.70804623584,0.013332379514469694
d4,b,p10,0.1,mse,3098.83218494336,3098.83218494336,3098.83218494336,0.028551747326727515
d4,b,p10,0.2,mse,12395.32873977344,12395.32873977344,12395.32873977344,0.058822133501825954
d4,b,p10,0.3,mse,27889.489664490233,27889.489664490233,27889.489664490233,0.07740298729113708
d4,b,p10,0.4,mse,49581.31495909376,49581.31495909376,49581.31495909376,0.08598135817476356
d4,b,p10,0.5,mse,77470.80462358399,77470.80462358399,77470.80462358399,0.09105578072975035
d4,b,p10,0.65,mse,130925.65981385695,130925.65981385695,130925.65981385695,0.09695974017810197
d4,b,p10,0.8,mse,198325.25983637504,198325.25983637504,198325.25983637504,0.10032526046432995
d4,b,p11,0.05,mse,0.0,0.0,0.0,-0.0003744729808946824
d4,b,p11,0.1,mse,0.0,0.0,0.0,-0.0006726385493682387
d4,b,p11,0.2,mse,0.0,0.0,0.0,-0.0003499049767719038
d4,b,p11,0.3,mse,0.0,0.0,0.0,-0.0007537741532210372
d4,b,p11,0.4,mse,0.0,0.0,0.0,-0.0006930289981228246
d4,b,p11,0.5,mse,0.0,0.0,0.0,-0.00015696437218558663
d4,b,p11,0.65,mse,0.0,0.0,0.0,-0.000474403576421562
d4,b,p11,0.8,mse,0.0,0.0,0.0,-0.0005971623536677984
d4,b,p12,0.05,mse,0.0,0.0,0.0,-6.235670786190585e-05
d4,b,p12,0.1,mse,0.0,0.0,0.0,-0.0007981533424305844
d4,b,p12,0.2,mse,0.0,0.0,0.0,-0.0006406231556047206
d4,b,p12,0.3,mse,0.0,0.0,0.0,-0.00029860225166415227
d4,b,p12,0.4,mse,0.0,0.0,0.0,-0.000858014036498723
d4,b,p12,0.5,mse,0.0,0.0,0.0,-0.00021798917798089183
d4,b,p12,0.65,mse,0.0,0.0,0.0,-0.0005582190107584276
d4,b,p12,0.8,mse,0.0,0.0,0.0,-0.00036179677377552006
