cell_id,metric_output_id,delta_ag,delta_ag_lower,delta_ag_upper,delta_acc,delta_acc_lower,delta_acc_upper,i_ag,i_ag_lower,i_ag_upper,i_acc,i_acc_lower,i_acc_upper,i_ag_raw_p_value,i_ag_adjusted_p_value,i_ag_rank,i_ag_family_size,i_ag_family_id,i_ag_favorable,i_ag_rejected,i_ag_direction,i_ag_state,i_ag_glyph,i_acc_raw_p_value,i_acc_adjusted_p_value,i_acc_rank,i_acc_family_size,i_acc_family_id,i_acc_favorable,i_acc_rejected,i_acc_direction,i_acc_state,i_acc_glyph,state
d5,mse,-0.014624577872650904,-0.02133975405894208,-0.00864225515967581,0.03302702826725423,0.026998181672173268,0.038819779047356895,,,,,,,,,,29,d5_full_domain_core:protocol_ab,,,reference,reference_no_interaction,not_rejected,,,,29,d5_full_domain_core:protocol_ab,,,reference,reference_no_interaction,not_rejected,complete
d5,rmse,-0.014684011183797306,-0.021398587664882975,-0.008640334544741488,0.03296507892804701,0.026933880552496313,0.03874630024779744,5.943331114640141e-05,-0.000576179543956695,0.0006778008694795081,-6.194933920722345e-05,-0.00025812224669586047,0.00013881240822312125,0.8749012509874902,1.0,27,29,d5_full_domain_core:protocol_ab,True,False,favorable,tested,not_rejected,0.5429045709542905,1.0,25,29,d5_full_domain_core:protocol_ab,False,False,adverse,tested,not_rejected,complete
d5,mae,-0.014568927581360821,-0.02117149229570877,-0.008489834705224615,0.03193717878120417,0.025995434104258596,0.03781685939794389,-5.565029129008317e-05,-0.000773441039417345,0.0005138660539146307,-0.0010898494860500652,-0.0016015338197503891,-0.0005987862518352708,0.8820311796882031,1.0,28,29,d5_full_domain_core:protocol_ab,False,False,adverse,tested,not_rejected,6.999930000699993e-05,0.0017499825001749984,5,29,d5_full_domain_core:protocol_ab,False,True,adverse,tested,adverse_rejected,complete
d5,sam,-0.01619470022956997,-0.02389496267275526,-0.009263858647084832,0.0335180341409691,0.027437075532305368,0.03935509590675449,0.0015701223569190657,-0.0011613601724332952,0.004420845524546025,0.000491005873714867,2.2657397205028634e-06,0.0010015429974299548,0.2908870911290887,1.0,22,29,d5_full_domain_core:protocol_ab,True,False,favorable,tested,not_rejected,0.050589494105058946,0.7588424115758842,15,29,d5_full_domain_core:protocol_ab,True,False,favorable,tested,not_rejected,complete
d5,pearson_r,-0.019382048690880768,-0.026858871056177562,-0.011542478976974873,0.033022439427312755,0.02684924513582984,0.03895695668135055,0.004757470818229864,0.0014468095752630764,0.007161195481751545,-4.588839941477296e-06,-0.000743420750734422,0.0007090904919230778,0.0014699853001469984,0.03527964720352796,6,29,d5_full_domain_core:protocol_ab,True,True,favorable,tested,favorable_rejected,0.992950070499295,1.0,29,29,d5_full_domain_core:protocol_ab,False,False,adverse,tested,not_rejected,complete
d5,nmse,-0.017237730900980013,-0.024716177995807904,-0.010817522239306536,0.03290657121879581,0.026893842924009217,0.038763451037077526,0.0026131530283291064,-5.261079281029519e-06,0.005271461922799861,-0.0001204570484584222,-0.0004852985040383589,0.00024208998715148072,0.03119968800311997,0.4991950080499195,14,29,d5_full_domain_core:protocol_ab,True,False,favorable,tested,not_rejected,0.5074049259507405,1.0,24,29,d5_full_domain_core:protocol_ab,False,False,adverse,tested,not_rejected,complete
d5,wasserstein_1_cm1,-0.0036575234032292445,-0.009373828995584595,0.002497125648648818,0.02570782856093967,0.019592941216960414,0.031759963518722616,-0.01096705446942166,-0.016180526690336903,-0.007034658672482416,-0.007319199706314561,-0.00926263078193847,-0.0054548974394273645,1.999980000199998e-05,0.0005199948000519996,4,29,d5_full_domain_core:protocol_ab,False,True,adverse,tested,adverse_rejected,9.99990000099999e-06,0.00028999710002899974,3,29,d5_full_domain_core:protocol_ab,False,True,adverse,tested,adverse_rejected,complete
d5,is_like_structure_to_noise,-0.015303697895119282,-0.02537055238227881,-0.005922347087808273,0.03684953193832596,0.03028278726137988,0.04360829088656385,0.0006791200224683762,-0.005615544991253767,0.007465103274722726,0.003822503671071731,-0.0022488470539646674,0.010104969713655878,0.8434215657843421,1.0,26,29,d5_full_domain_core:protocol_ab,True,False,favorable,tested,not_rejected,0.2236377636223638,1.0,21,29,d5_full_domain_core:protocol_ab,True,False,favorable,tested,not_rejected,complete
d5,precision,-0.005614778243421277,-0.016094121267759443,0.0024099451813989325,0.029024412628487428,0.024072107883626917,0.03401675500183559,-0.009009799629229629,-0.015212181783539813,0.00034787473117084996,-0.004002615638766804,-0.008881814427312784,0.0009101390418502947,0.02175978240217598,0.3916760832391676,13,29,d5_full_domain_core:protocol_ab,False,False,adverse,tested,not_rejected,0.1034689653103469,1.0,17,29,d5_full_domain_core:protocol_ab,False,False,adverse,tested,not_rejected,complete
d5,recall,-0.005901711133069504,-0.01581724554582674,0.002606740774058205,0.029331864904552085,0.024427857700073257,0.034285374219897205,-0.008722866739581402,-0.015176375214780283,-0.0005316712165937435,-0.0036951633627021474,-0.008419775605726789,0.0010957576174743485,0.015529844701552985,0.34165658343416566,9,29,d5_full_domain_core:protocol_ab,False,False,adverse,tested,not_rejected,0.12353876461235387,1.0,20,29,d5_full_domain_core:protocol_ab,False,False,adverse,tested,not_rejected,complete
d5,f1,-0.005619429903235371,-0.016072708836212347,0.0030256656620248922,0.029221732745961737,0.024306253441629806,0.034182440803964785,-0.009005147969415535,-0.015552872416056084,0.00016087021731042727,-0.0038052955212924955,-0.008596159140969391,0.0009684173091038796,0.020149798502014978,0.3828461715382846,11,29,d5_full_domain_core:protocol_ab,False,False,adverse,tested,not_rejected,0.11509884901150988,1.0,18,29,d5_full_domain_core:protocol_ab,False,False,adverse,tested,not_rejected,complete
d5,artifact_peak_ratio,-0.005614778243421277,-0.016094002133950687,0.0024099408911498264,0.029024412628487428,0.024072107883626917,0.03401675500183559,-0.009009799629229629,-0.015212278124074897,0.0003477962422501702,-0.004002615638766804,-0.008881814427312784,0.0009101390418502947,0.02175978240217598,0.3916760832391676,12,29,d5_full_domain_core:protocol_ab,False,False,adverse,tested,not_rejected,0.1034689653103469,1.0,16,29,d5_full_domain_core:protocol_ab,False,False,adverse,tested,not_rejected,complete
d5,missing_peak_ratio,-0.005901711133069504,-0.015817110108668393,0.0026067157471672477,0.029331864904552085,0.024427857700073257,0.034285374219897205,-0.008722866739581402,-0.015176338404277805,-0.0005316241976648655,-0.0036951633627021474,-0.008419775605726789,0.0010957576174743485,0.015529844701552985,0.34165658343416566,8,29,d5_full_domain_core:protocol_ab,False,False,adverse,tested,not_rejected,0.12353876461235387,1.0,19,29,d5_full_domain_core:protocol_ab,False,False,adverse,tested,not_rejected,complete
d2_5,mse,0.012319705818866128,-0.007785403703531978,0.03557532441130757,0.007942708333333326,-0.05349088541666686,0.07217122395833325,,,,,,,,,,29,d2_5shot:protocol_ab,,,reference,reference_no_interaction,not_rejected,,,,29,d2_5shot:protocol_ab,,,reference,reference_no_interaction,not_rejected,complete
d2_5,rmse,0.011909757533695359,-0.007501120070871061,0.03529712651034456,0.007187499999999902,-0.05461067708333339,0.07203971354166672,0.0004099482851707692,-0.0020269341247395652,0.0009192823143193168,-0.0007552083333334236,-0.002240234374999954,0.0003645833333336679,0.7327026729732703,1.0,27,29,d2_5shot:protocol_ab,True,False,favorable,tested,not_rejected,0.35105648943510565,1.0,23,29,d2_5shot:protocol_ab,False,False,adverse,tested,not_rejected,complete
d2_5,mae,0.022144778405954968,0.003653126991277281,0.04374516559818547,-0.0031770833333334414,-0.06302669270833307,0.061151041666666656,-0.00982507258708884,-0.01693636621647192,-0.0037556631325110098,-0.011119791666666767,-0.014687499999999302,-0.00729166666666658,0.03995960040399596,0.5190348096519035,18,29,d2_5shot:protocol_ab,False,False,adverse,tested,not_rejected,1.999980000199998e-05,0.0004999950000499995,5,29,d2_5shot:protocol_ab,False,True,adverse,tested,adverse_rejected,complete
d2_5,sam,-0.0017629060580830191,-0.024758002248085737,0.025501467102592525,0.00869791666666675,-0.05278841145833328,0.07325976562500007,0.014082611876949147,0.0020132019247093113,0.02669369342035907,0.0007552083333334236,-0.002761067708333372,0.004870442708333352,0.05144948550514495,0.5659443405565945,19,29,d2_5shot:protocol_ab,True,False,favorable,tested,not_rejected,0.7290327096729032,1.0,26,29,d2_5shot:protocol_ab,True,False,favorable,tested,not_rejected,complete
d2_5,pearson_r,0.01189697387570468,-0.008168847388943816,0.03324978892874208,0.007135416666666727,-0.05479231770833346,0.07241080729166646,0.00042273194316144735,-0.003646363273293483,0.0069867200453302344,-0.0008072916666665986,-0.005729817708333017,0.0047923177083337345,0.8835311646883531,1.0,29,29,d2_5shot:protocol_ab,True,False,favorable,tested,not_rejected,0.7815321846781532,1.0,28,29,d2_5shot:protocol_ab,False,False,adverse,tested,not_rejected,complete
d2_5,nmse,0.02475183906029728,-0.00198056112993036,0.047894800465220114,0.008750000000000258,-0.05164453124999988,0.07257877604166693,-0.01243213324143115,-0.01750079962549465,0.0005539439535925057,0.0008072916666669316,-0.0010416666666666103,0.0033860677083339054,0.011729882701172988,0.23459765402345978,10,29,d2_5shot:protocol_ab,False,False,adverse,tested,not_rejected,0.6373436265637343,1.0,25,29,d2_5shot:protocol_ab,True,False,favorable,tested,not_rejected,complete
d2_5,wasserstein_1_cm1,0.15677236436409236,0.12770948726679474,0.19416756898298299,-0.09539062500000017,-0.1463033854166667,-0.04059049479166665,-0.14445265854522626,-0.17995887035640556,-0.11197869071195397,-0.1033333333333335,-0.1291966145833334,-0.07660677083333331,5.999940000599994e-05,0.0014399856001439987,6,29,d2_5shot:protocol_ab,False,True,adverse,tested,adverse_rejected,9.99990000099999e-06,0.00028999710002899974,4,29,d2_5shot:protocol_ab,False,True,adverse,tested,adverse_rejected,complete
d2_5,is_like_structure_to_noise,0.03371083782712142,-0.013389607858332753,0.08440792894830376,0.07635416666666667,0.04726497395833331,0.10325976562499999,-0.021391132008255265,-0.06999104023487966,0.030176788556208964,0.06841145833333334,-0.013808593750000145,0.14388281250000007,0.4996350036499635,1.0,24,29,d2_5shot:protocol_ab,False,False,adverse,tested,not_rejected,0.0993190068099319,0.8450915490845091,22,29,d2_5shot:protocol_ab,True,False,favorable,tested,not_rejected,complete
d2_5,precision,-0.04212115538618377,-0.08857592105925008,-0.0060765979834705355,0.0497916666666669,0.010285807291666641,0.0855742187500001,0.05444086120504993,0.018594190337637383,0.10609267186569275,0.041848958333333575,0.0035904947916666264,0.07524023437499994,0.08450915490845091,0.8450915490845091,21,29,d2_5shot:protocol_ab,True,False,favorable,tested,not_rejected,0.03338966610333897,0.5190348096519035,17,29,d2_5shot:protocol_ab,True,False,favorable,tested,not_rejected,complete
d2_5,recall,-0.039197674584288134,-0.07880350285870726,-0.007686416374791033,0.04791666666666672,0.006223307291666776,0.08596614583333341,0.05151738040315429,0.0224673007951899,0.09167437981660295,0.03997395833333339,0.004234375000000259,0.0718072916666667,0.02870971290287097,0.5167748322516774,13,29,d2_5shot:protocol_ab,True,False,favorable,tested,not_rejected,0.03243967560324397,0.5190348096519035,15,29,d2_5shot:protocol_ab,True,False,favorable,tested,not_rejected,complete
d2_5,f1,-0.053412240411407796,-0.092256355864203,-0.020362046063963683,0.04989583333333325,0.008927083333333544,0.08687630208333347,0.06573194623027395,0.038845698210986365,0.1048888739469652,0.041953124999999925,0.005572265625000043,0.07399479166666693,0.00993990060099399,0.2087379126208738,9,29,d2_5shot:protocol_ab,True,False,favorable,tested,not_rejected,0.026549734502654975,0.5044449555504446,11,29,d2_5shot:protocol_ab,True,False,favorable,tested,not_rejected,complete
d2_5,artifact_peak_ratio,-0.04212115538618377,-0.08857592105925008,-0.0060765979834705355,0.0497916666666669,0.010285807291666641,0.0855742187500001,0.05444086120504993,0.018594190337637383,0.10609267186569275,0.041848958333333575,0.0035904947916666264,0.07524023437499994,0.08450915490845091,0.8450915490845091,20,29,d2_5shot:protocol_ab,True,False,favorable,tested,not_rejected,0.03338966610333897,0.5190348096519035,16,29,d2_5shot:protocol_ab,True,False,favorable,tested,not_rejected,complete
d2_5,missing_peak_ratio,-0.039197674584288134,-0.07880350285870726,-0.007686416374791033,0.04791666666666672,0.006223307291666776,0.08596614583333341,0.05151738040315429,0.0224673007951899,0.09167437981660295,0.03997395833333339,0.004234375000000259,0.0718072916666667,0.02870971290287097,0.5167748322516774,12,29,d2_5shot:protocol_ab,True,False,favorable,tested,not_rejected,0.03243967560324397,0.5190348096519035,14,29,d2_5shot:protocol_ab,True,False,favorable,tested,not_rejected,complete
d2_10,mse,0.1265842579964429,0.09591858724697132,0.16213063563941688,0.006406250000000058,-0.051853515625000235,0.0639778645833329,,,,,,,,,,29,d2_10shot:protocol_ab,,,reference,reference_no_interaction,not_rejected,,,,29,d2_10shot:protocol_ab,,,reference,reference_no_interaction,not_rejected,complete
d2_10,rmse,0.12695402763377775,0.09635995498227101,0.16332225753152516,0.005156249999999751,-0.05282031249999992,0.06338671875000029,-0.0003697696373348436,-0.00454121739404236,0.0003850755380042269,-0.0012500000000003064,-0.003333333333333191,3.3306690738754696e-16,0.6704132958670413,1.0,28,29,d2_10shot:protocol_ab,False,False,adverse,tested,not_rejected,0.13845861541384585,0.8812211877881222,24,29,d2_10shot:protocol_ab,False,False,adverse,tested,not_rejected,complete
d2_10,mae,0.13815300991208007,0.10968365938247754,0.17565191340668485,-0.0068750000000001865,-0.06290104166666663,0.05037369791666666,-0.011568751915637165,-0.02214998588678842,-0.006489960023508858,-0.013281250000000244,-0.016875651041666634,-0.009686848958333289,0.0018599814001859982,0.03161968380316197,13,29,d2_10shot:protocol_ab,False,True,adverse,tested,adverse_rejected,9.99990000099999e-06,0.00028999710002899974,3,29,d2_10shot:protocol_ab,False,True,adverse,tested,adverse_rejected,complete
d2_10,sam,0.10704427224497964,0.07135267535295478,0.14580094962239984,0.006406250000000058,-0.051388020833333437,0.0650045572916667,0.019539985751463262,0.005501490436118154,0.03783014721671443,0.0,-0.004272135416666875,0.004687499999999961,0.019259807401925982,0.19259807401925982,20,29,d2_10shot:protocol_ab,True,False,favorable,tested,not_rejected,1.0,1.0,29,29,d2_10shot:protocol_ab,False,False,adverse,tested,not_rejected,complete
d2_10,pearson_r,0.12128289437137466,0.09232440983994859,0.15571279818219563,0.0028645833333332815,-0.05435807291666663,0.05996289062499969,0.0053013636250682505,-0.00315598681223763,0.013819595076120628,-0.003541666666666776,-0.0086204427083337,0.002031249999999826,0.12588874111258888,0.8812211877881222,23,29,d2_10shot:protocol_ab,True,False,favorable,tested,not_rejected,0.2206777932220678,1.0,26,29,d2_10shot:protocol_ab,False,False,adverse,tested,not_rejected,complete
d2_10,nmse,0.13661115427638404,0.09912089297805292,0.17459823005197217,0.00723958333333341,-0.050523437500000115,0.0656132812500001,-0.010026896279941133,-0.020496393217713883,0.0052061117997289595,0.0008333333333333526,-0.0012499999999995293,0.003750651041667018,0.2084979150208498,1.0,25,29,d2_10shot:protocol_ab,False,False,adverse,tested,not_rejected,0.5056049439505605,1.0,27,29,d2_10shot:protocol_ab,True,False,favorable,tested,not_rejected,complete
d2_10,wasserstein_1_cm1,0.3017288165692283,0.2519863578360719,0.358771442542281,-0.10773437499999983,-0.14992317708333341,-0.0570885416666669,-0.17514455857278538,-0.2196834832236837,-0.13479146640690315,-0.11414062499999988,-0.13961263020833325,-0.08473567708333377,3.999960000399996e-05,0.0009599904000959991,7,29,d2_10shot:protocol_ab,False,True,adverse,tested,adverse_rejected,9.99990000099999e-06,0.00028999710002899974,4,29,d2_10shot:protocol_ab,False,True,adverse,tested,adverse_rejected,complete
d2_10,is_like_structure_to_noise,0.04540988504914589,-0.0017392414314145227,0.09224778260937005,0.09484374999999995,0.06199739583333335,0.12015624999999996,0.08117437294729701,0.02650441133417286,0.14203938996034754,0.08843749999999989,0.004945963541666909,0.16404166666666697,0.033269667303326964,0.2994270057299427,21,29,d2_10shot:protocol_ab,True,False,favorable,tested,not_rejected,0.03585964140358596,0.2994270057299427,22,29,d2_10shot:protocol_ab,True,False,favorable,tested,not_rejected,complete
d2_10,precision,-0.025320122703817893,-0.07012442490707112,0.009849764569632742,0.06999999999999995,0.04168684895833328,0.09544335937500001,0.1519043807002608,0.10522264111813409,0.2148569267005919,0.0635937499999999,0.020075520833333613,0.10500195312500009,0.00037999620003799963,0.007599924000759993,11,29,d2_10shot:protocol_ab,True,True,favorable,tested,favorable_rejected,0.006669933300666993,0.1067189328106719,15,29,d2_10shot:protocol_ab,True,False,favorable,tested,not_rejected,complete
d2_10,recall,-0.014557197143216905,-0.053033184479556246,0.013819929130195141,0.061718750000000044,0.03340820312499993,0.08783854166666649,0.1411414551396598,0.10546945382034567,0.19347588279188652,0.05531249999999999,0.013475260416667073,0.09596484374999997,0.0001999980000199998,0.004399956000439995,9,29,d2_10shot:protocol_ab,True,True,favorable,tested,favorable_rejected,0.013199868001319988,0.15839841601583984,19,29,d2_10shot:protocol_ab,True,False,favorable,tested,not_rejected,complete
d2_10,f1,-0.035036981987296545,-0.07255985068472567,-0.003814841116708939,0.06619791666666652,0.03781250000000024,0.09218945312499986,0.16162123998373945,0.12592753414552474,0.21210223601434264,0.059791666666666465,0.017811197916666684,0.09984830729166666,3.999960000399996e-05,0.0009599904000959991,6,29,d2_10shot:protocol_ab,True,True,favorable,tested,favorable_rejected,0.007759922400775992,0.10863891361086389,16,29,d2_10shot:protocol_ab,True,False,favorable,tested,not_rejected,complete
d2_10,artifact_peak_ratio,-0.025320122703817893,-0.07012442490707112,0.009849764569632742,0.06999999999999995,0.04168684895833328,0.09544335937500001,0.1519043807002608,0.10522264111813409,0.2148569267005919,0.0635937499999999,0.020075520833333613,0.10500195312500009,0.00037999620003799963,0.007599924000759993,10,29,d2_10shot:protocol_ab,True,True,favorable,tested,favorable_rejected,0.006669933300666993,0.1067189328106719,14,29,d2_10shot:protocol_ab,True,False,favorable,tested,not_rejected,complete
d2_10,missing_peak_ratio,-0.014557197143216905,-0.053033184479556246,0.013819929130195141,0.061718750000000044,0.03340820312499993,0.08783854166666649,0.1411414551396598,0.10546945382034567,0.19347588279188652,0.05531249999999999,0.013475260416667073,0.09596484374999997,0.0001999980000199998,0.004399956000439995,8,29,d2_10shot:protocol_ab,True,True,favorable,tested,favorable_rejected,0.013199868001319988,0.15839841601583984,18,29,d2_10shot:protocol_ab,True,False,favorable,tested,not_rejected,complete
d2_20,mse,0.20134693473211032,0.16123943933312335,0.2398123862506201,0.01416666666666655,-0.03914518229166669,0.07008333333333329,,,,,,,,,,29,d2_20shot:protocol_ab,,,reference,reference_no_interaction,not_rejected,,,,29,d2_20shot:protocol_ab,,,reference,reference_no_interaction,not_rejected,complete
d2_20,rmse,0.20135984392294054,0.1615253532013134,0.24141877251084268,0.01294270833333322,-0.040158203125000215,0.06906901041666644,-1.2909190830218131e-05,-0.0050486146853099545,0.0006428326830148775,-0.0012239583333333304,-0.003359375000000059,5.2083333333399764e-05,0.956430435695643,1.0,28,29,d2_20shot:protocol_ab,False,False,adverse,tested,not_rejected,0.18621813781862182,1.0,25,29,d2_20shot:protocol_ab,False,False,adverse,tested,not_rejected,complete
d2_20,mae,0.21220721503524134,0.17339751007563584,0.25568599574024314,-0.0006770833333333837,-0.05284244791666646,0.056072916666666604,-0.01086028030313102,-0.022739114137060416,-0.00570899494980215,-0.014843749999999933,-0.01864648437500013,-0.010885416666666753,0.008189918100818991,0.10919890801091989,17,29,d2_20shot:protocol_ab,False,False,adverse,tested,not_rejected,9.99990000099999e-06,0.00028999710002899974,2,29,d2_20shot:protocol_ab,False,True,adverse,tested,adverse_rejected,complete
d2_20,sam,0.17860863745136024,0.1323031451558848,0.2232144398917124,0.013802083333333326,-0.0390930989583332,0.06994986979166676,0.02273829728075008,0.008039030410083754,0.04224005734254699,-0.0003645833333332238,-0.004609374999999916,0.003854817708333701,0.00881991180088199,0.10919890801091989,18,29,d2_20shot:protocol_ab,True,False,favorable,tested,not_rejected,0.8854911450885491,1.0,27,29,d2_20shot:protocol_ab,False,False,adverse,tested,not_rejected,complete
d2_20,pearson_r,0.19410839690620407,0.1536741431351179,0.2346520437077843,0.010260416666666883,-0.042220052083333126,0.06515950520833345,0.007238537825906249,-0.0020048374910039,0.01764876603359213,-0.003906249999999667,-0.008776692708333571,0.0015631510416667985,0.09552904470955291,0.6687033129668704,23,29,d2_20shot:protocol_ab,True,False,favorable,tested,not_rejected,0.17019829801701983,1.0,24,29,d2_20shot:protocol_ab,False,False,adverse,tested,not_rejected,complete
d2_20,nmse,0.2108481470706355,0.162690540400434,0.25327194416358373,0.01440104166666667,-0.03891601562499991,0.07103059895833339,-0.009501212338525189,-0.021293056247802436,0.010495255868643964,0.0002343750000001199,-0.0011197916666665392,0.0023177083333330182,0.32534674653253465,1.0,26,29,d2_20shot:protocol_ab,False,False,adverse,tested,not_rejected,0.962210377896221,1.0,29,29,d2_20shot:protocol_ab,True,False,favorable,tested,not_rejected,complete
d2_20,wasserstein_1_cm1,0.37405417096729726,0.31508613302288907,0.4405870587827144,-0.1006510416666665,-0.14450651041666668,-0.044364583333333436,-0.17270723623518694,-0.22339417548074983,-0.12651484658185377,-0.11481770833333305,-0.14057356770833337,-0.08666471354166647,0.00010999890001099989,0.0021999780002199976,10,29,d2_20shot:protocol_ab,False,True,adverse,tested,adverse_rejected,9.99990000099999e-06,0.00028999710002899974,3,29,d2_20shot:protocol_ab,False,True,adverse,tested,adverse_rejected,complete
d2_20,is_like_structure_to_noise,0.06630633894135413,0.013670477173409832,0.11731165087207888,0.08911458333333327,0.047074218749999994,0.11909114583333337,0.1350405957907562,0.08183115662778753,0.1966095260180278,0.07494791666666673,-0.014947916666666514,0.1426373697916667,0.0011699883001169988,0.02105978940210598,12,29,d2_20shot:protocol_ab,True,True,favorable,tested,favorable_rejected,0.07155928440715593,0.5724742752572475,22,29,d2_20shot:protocol_ab,True,False,favorable,tested,not_rejected,complete
d2_20,precision,-0.020311328163919506,-0.06821109132391256,0.019266880245677614,0.07747395833333326,0.049425130208333445,0.10112304687500005,0.22165826289602986,0.1766987314429344,0.2807767557347769,0.06330729166666671,0.01839713541666671,0.104219401041667,4.999950000499995e-05,0.0010999890001099988,9,29,d2_20shot:protocol_ab,True,True,favorable,tested,favorable_rejected,0.006359936400635994,0.1017589824101759,15,29,d2_20shot:protocol_ab,True,False,favorable,tested,not_rejected,complete
d2_20,recall,-0.0042096221534876355,-0.05125264261674281,0.031001959545947047,0.06981770833333323,0.04216015624999996,0.09286718750000023,0.20555655688559799,0.16192755721253416,0.2590359553712734,0.05565104166666668,0.011855468750000224,0.09463867187499996,2.999970000299997e-05,0.0007499925000749993,7,29,d2_20shot:protocol_ab,True,True,favorable,tested,favorable_rejected,0.012669873301266987,0.13936860631393685,20,29,d2_20shot:protocol_ab,True,False,favorable,tested,not_rejected,complete
d2_20,f1,-0.025599768765053654,-0.06969611254084178,0.008808410412590405,0.07408854166666667,0.046481770833333144,0.0975826822916666,0.22694670349716395,0.18707639580337784,0.27918037006521457,0.059921875000000124,0.0154420572916665,0.09917187500000015,2.999970000299997e-05,0.0007499925000749993,5,29,d2_20shot:protocol_ab,True,True,favorable,tested,favorable_rejected,0.007799922000779992,0.10919890801091989,16,29,d2_20shot:protocol_ab,True,False,favorable,tested,not_rejected,complete
d2_20,artifact_peak_ratio,-0.020311328163919506,-0.06821109132391256,0.019266880245677614,0.07747395833333326,0.049425130208333445,0.10112304687500005,0.22165826289602986,0.1766987314429344,0.2807767557347769,0.06330729166666671,0.01839713541666671,0.104219401041667,4.999950000499995e-05,0.0010999890001099988,8,29,d2_20shot:protocol_ab,True,True,favorable,tested,favorable_rejected,0.006359936400635994,0.1017589824101759,14,29,d2_20shot:protocol_ab,True,False,favorable,tested,not_rejected,complete
d2_20,missing_peak_ratio,-0.0042096221534876355,-0.05125264261674281,0.031001959545947047,0.06981770833333323,0.04216015624999996,0.09286718750000023,0.20555655688559799,0.16192755721253416,0.2590359553712734,0.05565104166666668,0.011855468750000224,0.09463867187499996,2.999970000299997e-05,0.0007499925000749993,6,29,d2_20shot:protocol_ab,True,True,favorable,tested,favorable_rejected,0.012669873301266987,0.13936860631393685,19,29,d2_20shot:protocol_ab,True,False,favorable,tested,not_rejected,complete
d4,mse,0.03341023269455809,-0.05504545439650063,0.13421082827502254,-0.2580338541666667,-0.2663557942708332,-0.25043554687500036,,,,,,,,,,29,d4_full_domain_core:protocol_ab,,,reference,reference_no_interaction,not_rejected,,,,29,d4_full_domain_core:protocol_ab,,,reference,reference_no_interaction,not_rejected,complete
d4,rmse,0.03374292654498717,-0.054844882068478,0.1348367053767738,-0.2582812499999998,-0.2666930338541668,-0.25062483723958345,-0.0003326938504290833,-0.0014988965858165704,0.0006902170529938681,-0.00024739583333310833,-0.0008790690104169826,0.00022151692708421067,0.6114338856611434,1.0,27,29,d4_full_domain_core:protocol_ab,False,False,adverse,tested,not_rejected,0.44917550824491753,1.0,25,29,d4_full_domain_core:protocol_ab,False,False,adverse,tested,not_rejected,complete
d4,mae,0.04494857851059075,-0.044356683967110226,0.14849113984038606,-0.26465494791666677,-0.27269580078124994,-0.25731087239583367,-0.011538345816032664,-0.020456620205465664,-0.004324078446343075,-0.006621093750000084,-0.009154459635417327,-0.0040169270833338875,0.0035699643003569963,0.02855971440285597,22,29,d4_full_domain_core:protocol_ab,False,True,adverse,tested,adverse_rejected,9.99990000099999e-06,0.00028999710002899974,7,29,d4_full_domain_core:protocol_ab,False,True,adverse,tested,adverse_rejected,complete
d4,sam,0.03525404640107188,-0.052204457235964806,0.13224585712835316,-0.2586393229166667,-0.2670123697916668,-0.2507617187500001,-0.0018438137065137916,-0.012152544193379411,0.013421636155744687,-0.0006054687500000044,-0.0022986653645833345,0.0010292968750008145,0.7695623043769563,1.0,29,29,d4_full_domain_core:protocol_ab,False,False,adverse,tested,not_rejected,0.4772452275477245,1.0,26,29,d4_full_domain_core:protocol_ab,False,False,adverse,tested,not_rejected,complete
d4,pearson_r,0.053766068160740366,-0.0341719536956284,0.1513613690945029,-0.25849609375000004,-0.26681005859375,-0.25090999348958354,-0.020355835466182276,-0.03130290146057276,-0.009411360464586498,-0.000462239583333357,-0.0032942708333334654,0.0021744791666664766,0.00018999810001899982,0.0017099829001709984,21,29,d4_full_domain_core:protocol_ab,False,True,adverse,tested,adverse_rejected,0.7554424455755443,1.0,28,29,d4_full_domain_core:protocol_ab,False,False,adverse,tested,not_rejected,complete
d4,nmse,0.0797105838710542,-0.0024577396594947978,0.1730257947615816,-0.2582031250000002,-0.2665439453125006,-0.25060367838541625,-0.04630035117649611,-0.06001385833324077,-0.03270118428270304,-0.00016927083333351245,-0.000351725260417515,1.31835937513749e-05,9.99990000099999e-06,0.00028999710002899974,16,29,d4_full_domain_core:protocol_ab,False,True,adverse,tested,adverse_rejected,0.09373906260937391,0.6561734382656174,23,29,d4_full_domain_core:protocol_ab,False,False,adverse,tested,not_rejected,complete
d4,wasserstein_1_cm1,0.12707661357596534,0.019446030894393805,0.2531536040547996,-0.3649674479166667,-0.3714459635416667,-0.35909391276041613,-0.09366638088140725,-0.12410261686457207,-0.06759407934034703,-0.10693359375,-0.11304703776041644,-0.10040299479166671,9.99990000099999e-06,0.00028999710002899974,19,29,d4_full_domain_core:protocol_ab,False,True,adverse,tested,adverse_rejected,9.99990000099999e-06,0.00028999710002899974,11,29,d4_full_domain_core:protocol_ab,False,True,adverse,tested,adverse_rejected,complete
d4,is_like_structure_to_noise,-0.04024876295112556,-0.11249070187936293,0.03891386271285788,0.33302734375,0.32661393229166635,0.3391017252604169,0.07365899564568365,0.05082847368429538,0.09783917915736834,0.5910611979166667,0.5806818033854166,0.6013606770833333,9.99990000099999e-06,0.00028999710002899974,14,29,d4_full_domain_core:protocol_ab,True,True,favorable,tested,favorable_rejected,9.99990000099999e-06,0.00028999710002899974,6,29,d4_full_domain_core:protocol_ab,True,True,favorable,tested,favorable_rejected,complete
d4,precision,-0.39745503387823883,-0.45350664716133865,-0.3388857668161675,0.030475260416666705,0.022617024739583526,0.03761311848958329,0.43086526657279695,0.38742684931873794,0.4836724559561547,0.2885091145833334,0.28305338541666647,0.2939978841145835,9.99990000099999e-06,0.00028999710002899974,17,29,d4_full_domain_core:protocol_ab,True,True,favorable,tested,favorable_rejected,9.99990000099999e-06,0.00028999710002899974,9,29,d4_full_domain_core:protocol_ab,True,True,favorable,tested,favorable_rejected,complete
d4,recall,-0.4442896270030693,-0.5023831371139141,-0.3827365219773553,0.03727864583333329,0.02911442057291673,0.04480468750000011,0.4776998596976274,0.44113852920148944,0.523336412432411,0.2953125,0.2893422851562502,0.3011263020833337,9.99990000099999e-06,0.00028999710002899974,18,29,d4_full_domain_core:protocol_ab,True,True,favorable,tested,favorable_rejected,9.99990000099999e-06,0.00028999710002899974,10,29,d4_full_domain_core:protocol_ab,True,True,favorable,tested,favorable_rejected,complete
d4,f1,-0.4435648111347254,-0.5000491869976841,-0.3832962782095824,0.030501302083333348,0.02268229166666668,0.03772819010416645,0.4769750438292835,0.4383701603923992,0.5240284888725887,0.28853515625000004,0.28309212239583376,0.29404475911458366,9.99990000099999e-06,0.00028999710002899974,13,29,d4_full_domain_core:protocol_ab,True,True,favorable,tested,favorable_rejected,9.99990000099999e-06,0.00028999710002899974,5,29,d4_full_domain_core:protocol_ab,True,True,favorable,tested,favorable_rejected,complete
d4,artifact_peak_ratio,-0.39745503387823883,-0.453506647161339,-0.3388857668161676,0.030475260416666705,0.022617024739583526,0.03761311848958329,0.43086526657279695,0.38742684931873783,0.4836724559561547,0.2885091145833334,0.28305338541666647,0.2939978841145835,9.99990000099999e-06,0.00028999710002899974,12,29,d4_full_domain_core:protocol_ab,True,True,favorable,tested,favorable_rejected,9.99990000099999e-06,0.00028999710002899974,4,29,d4_full_domain_core:protocol_ab,True,True,favorable,tested,favorable_rejected,complete
d4,missing_peak_ratio,-0.4442896270030693,-0.5023831374413721,-0.3827365219476241,0.03727864583333329,0.02911442057291673,0.04480468750000011,0.4776998596976274,0.4411385447141813,0.5233364124324111,0.2953125,0.2893422851562502,0.3011263020833337,9.99990000099999e-06,0.00028999710002899974,15,29,d4_full_domain_core:protocol_ab,True,True,favorable,tested,favorable_rejected,9.99990000099999e-06,0.00028999710002899974,8,29,d4_full_domain_core:protocol_ab,True,True,favorable,tested,favorable_rejected,complete
