panel_id,endpoint_id,protocol_id,metric_output_id,ag,ag_lower,ag_upper,acc_cross,acc_cross_lower,acc_cross_upper,d_ag,d_ag_lower,d_ag_upper,d_ag_raw_p_value,d_ag_adjusted_p_value,d_ag_rank,d_ag_family_size,d_ag_family_id,d_ag_favorable,d_ag_rejected,d_ag_direction,d_ag_state,d_ag_glyph,d_acc,d_acc_lower,d_acc_upper,d_acc_raw_p_value,d_acc_adjusted_p_value,d_acc_rank,d_acc_family_size,d_acc_family_id,d_acc_favorable,d_acc_rejected,d_acc_direction,d_acc_state,d_acc_glyph,panel_state
d5_a,d5,a,mse,0.02589084818240907,0.020587990947390642,0.034059911814694456,0.5637183370044052,0.5544990420796623,0.5721129026707047,,,,,,,24,d5:a:within_protocol,,,reference,reference_no_contrast,not_rejected,,,,,,,24,d5:a:within_protocol,,,reference,reference_no_contrast,not_rejected,complete
d5_b,d5,b,mse,0.011266270309758167,0.008968044885949319,0.015035996562744895,0.5967453652716594,0.5857987162720264,0.6072353673366373,,,,,,,24,d5:b:within_protocol,,,reference,reference_no_contrast,not_rejected,,,,,,,24,d5:b:within_protocol,,,reference,reference_no_contrast,not_rejected,complete
d5_a,d5,a,rmse,0.025994714272215894,0.02060145195389988,0.034205643568316756,0.5638594438325991,0.5545983331038914,0.5723023357195302,-0.00010386608980682277,-0.00043897309299754565,0.0004486522428284253,0.6839331606683933,1.0,23,24,d5:a:within_protocol,False,False,adverse,tested,not_rejected,0.0001411068281939043,-7.227422907485348e-05,0.00037401913546265526,0.22575774242257576,0.903030969690303,21,24,d5:a:within_protocol,True,False,favorable,tested,not_rejected,complete
d5_b,d5,b,rmse,0.011310703088418588,0.009024120626109012,0.015031870199837089,0.5968245227606461,0.5858670899871512,0.607308444612702,-4.443277866042136e-05,-0.0004151102133226949,0.0005284503518604351,0.8626713732862671,1.0,23,24,d5_protocol_b_full_domain_secondary_24,False,False,adverse,tested,not_rejected,7.915748898668085e-05,-9.407121879589919e-05,0.00028683117657858344,0.41486585134148657,1.0,19,24,d5_protocol_b_full_domain_secondary_24,True,False,favorable,tested,not_rejected,complete
d5_a,d5,a,mae,0.02593172919089978,0.02062147645999067,0.034060316906224374,0.5648930800293686,0.5556472845539647,0.5735897060848018,-4.088100849070769e-05,-0.0005569040682480711,0.0005113965668461284,0.8947710522894771,1.0,24,24,d5:a:within_protocol,False,False,adverse,tested,not_rejected,0.0011747430249633428,0.0006859742107193452,0.001671542309104401,9.99990000099999e-06,0.00023999760002399976,6,24,d5:a:within_protocol,True,True,favorable,tested,favorable_rejected,complete
d5_b,d5,b,mae,0.011362801609538958,0.009238865634603126,0.015156695524762847,0.5968302588105727,0.5857839172632159,0.6075308312683554,-9.653129978079086e-05,-0.0006686837985554439,0.00041113537476357404,0.7426525734742653,1.0,22,24,d5_protocol_b_full_domain_secondary_24,False,False,adverse,tested,not_rejected,8.489353891327767e-05,-0.00035448788546244556,0.0005312155837004226,0.7157128428715713,1.0,21,24,d5_protocol_b_full_domain_secondary_24,True,False,favorable,tested,not_rejected,complete
d5_a,d5,a,sam,0.03151934489778361,0.02536996027002199,0.04186258318345418,0.5632158590308372,0.5541998210352423,0.5715080075256975,-0.005628496715374538,-0.009546751956414,-0.0033161474092416867,0.00043999560004399956,0.003959960400395996,16,24,d5:a:within_protocol,False,False,adverse,tested,not_rejected,-0.0005024779735680607,-0.0010313417767988692,3.4989904551804486e-06,0.05472945270547294,0.3831061689383106,18,24,d5:a:within_protocol,False,False,adverse,tested,not_rejected,complete
d5_b,d5,b,sam,0.015324644668213639,0.012719273477023051,0.020794898708187286,0.5967338931718063,0.5857227709709986,0.6072802806075625,-0.004058374358455472,-0.006802157526844724,-0.002711771941173633,0.00018999810001899982,0.0022799772002279977,14,24,d5_protocol_b_full_domain_secondary_24,False,False,adverse,tested,not_rejected,-1.147209985319364e-05,-0.0004774114353890132,0.0004956520741557194,0.965440345596544,1.0,24,24,d5_protocol_b_full_domain_secondary_24,False,False,adverse,tested,not_rejected,complete
d5_a,d5,a,pearson_r,0.0341109820249643,0.027008323673927945,0.04409206018531889,0.5634521842878121,0.5543705545613069,0.5719121982837738,-0.008220133842555228,-0.011376409600278832,-0.005040958838227269,9.99990000099999e-06,0.00023999760002399976,9,24,d5:a:within_protocol,False,False,adverse,tested,not_rejected,-0.00026615271659313766,-0.0009304733388401402,0.0003934930249631652,0.4400655993440066,1.0,22,24,d5:a:within_protocol,False,False,adverse,tested,not_rejected,complete
d5_b,d5,b,pearson_r,0.014728933334083531,0.012003026329077671,0.020183424269368002,0.5964746237151248,0.5854164945851689,0.6070260588748164,-0.003462663024325364,-0.0063974373231809175,-0.002141397365123305,0.00018999810001899982,0.0022799772002279977,13,24,d5_protocol_b_full_domain_secondary_24,False,False,adverse,tested,not_rejected,-0.00027074155653461496,-0.0009535322595448422,0.0004004336453744786,0.4251857481425186,1.0,20,24,d5_protocol_b_full_domain_secondary_24,False,False,adverse,tested,not_rejected,complete
d5_a,d5,a,nmse,0.027705971224591307,0.021197584779866194,0.03578931685968796,0.564069383259912,0.5549178884453011,0.5724959274045521,-0.0018151230421822352,-0.0035589221721946036,0.0011532609867731716,0.11740882591174089,0.6806931930680693,20,24,d5:a:within_protocol,False,False,adverse,tested,not_rejected,0.0003510462555067484,-8.733136013212548e-05,0.0007813360407489612,0.11344886551134489,0.6806931930680693,19,24,d5:a:within_protocol,True,False,favorable,tested,not_rejected,complete
d5_b,d5,b,nmse,0.010468240323611296,0.007752828332497911,0.01391834104368789,0.5969759544787078,0.5859626525789281,0.6075484696218796,0.0007980299861468712,-0.00031195525151159534,0.0027941613628849546,0.3277067229327707,1.0,18,24,d5_protocol_b_full_domain_secondary_24,True,False,favorable,tested,not_rejected,0.0002305892070483262,-0.0001388697687223771,0.0005966639133627127,0.21339786602133978,1.0,17,24,d5_protocol_b_full_domain_secondary_24,True,False,favorable,tested,not_rejected,complete
d5_a,d5,a,wasserstein_1_cm1,0.020767723025267908,0.016444862873379592,0.028071553801587795,0.5697801945668136,0.559765395558003,0.5791611887389868,0.005123125157141164,0.0011408330250382152,0.009027362865275402,0.01878981210187898,0.15031849681503184,17,24,d5:a:within_protocol,True,False,favorable,tested,not_rejected,0.0060618575624084015,0.004421031800660749,0.007704949063876558,9.99990000099999e-06,0.00023999760002399976,13,24,d5:a:within_protocol,True,True,favorable,tested,favorable_rejected,complete
d5_b,d5,b,wasserstein_1_cm1,0.017110199622038663,0.013996587121517303,0.023029176722189456,0.5954880231277533,0.5843837761563876,0.6065104453469163,-0.005843929312280496,-0.01016300057450686,-0.003113409958240523,0.00042999570004299955,0.0042999570004299955,15,24,d5_protocol_b_full_domain_secondary_24,False,False,adverse,tested,not_rejected,-0.0012573421439061594,-0.002716707966226192,0.00017712922173273332,0.08632913670863292,0.7769622303776963,16,24,d5_protocol_b_full_domain_secondary_24,False,False,adverse,tested,not_rejected,complete
d5_a,d5,a,is_like_structure_to_noise,0.050827911400603616,0.04193575007071089,0.06580661503067016,0.5094713656387665,0.5038279815987519,0.5152510382250367,-0.024937063218194545,-0.034965043860632844,-0.019770815293248832,9.99990000099999e-06,0.00023999760002399976,5,24,d5:a:within_protocol,False,False,adverse,tested,not_rejected,-0.05424697136563872,-0.06190626147209986,-0.04626680662628494,9.99990000099999e-06,0.00023999760002399976,4,24,d5:a:within_protocol,False,False,adverse,tested,not_rejected,complete
d5_b,d5,b,is_like_structure_to_noise,0.035524213505484334,0.029200980537226164,0.04746983606390312,0.5463208975770925,0.5386193041024229,0.5538938027716593,-0.02425794319572617,-0.034609459944699224,-0.018331967144674492,9.99990000099999e-06,0.00023999760002399976,6,24,d5_protocol_b_full_domain_secondary_24,False,False,adverse,tested,not_rejected,-0.05042446769456699,-0.057997315528634456,-0.043061501927312874,9.99990000099999e-06,0.00023999760002399976,5,24,d5_protocol_b_full_domain_secondary_24,False,False,adverse,tested,not_rejected,complete
d5_a,d5,a,precision,0.05211297488473799,0.04221619554965934,0.07130680529320887,0.5161802496328928,0.5116603856919971,0.5207585639225403,-0.02622212670232892,-0.04219278698619697,-0.018675057698925298,2.999970000299997e-05,0.00032999670003299966,15,24,d5:a:within_protocol,False,False,adverse,tested,not_rejected,-0.04753808737151244,-0.05381562041116006,-0.04116060366189427,9.99990000099999e-06,0.00023999760002399976,10,24,d5:a:within_protocol,False,False,adverse,tested,not_rejected,complete
d5_b,d5,b,precision,0.046498196641316714,0.039362312393221265,0.060317695524345495,0.5452046622613802,0.5385660735591044,0.5514424157947871,-0.03523192633155855,-0.047560964897357456,-0.02861637497638074,9.99990000099999e-06,0.00023999760002399976,10,24,d5_protocol_b_full_domain_secondary_24,False,False,adverse,tested,not_rejected,-0.05154070301027924,-0.057601642804698816,-0.04544626468428782,9.99990000099999e-06,0.00023999760002399976,9,24,d5_protocol_b_full_domain_secondary_24,False,False,adverse,tested,not_rejected,complete
d5_a,d5,a,recall,0.057060380141513024,0.04609297679990433,0.07580714860629847,0.518448283773862,0.5137397037903817,0.5232450555249634,-0.031169531959103953,-0.04665603835500975,-0.02290421232696671,9.99990000099999e-06,0.00023999760002399976,12,24,d5:a:within_protocol,False,False,adverse,tested,not_rejected,-0.04527005323054323,-0.05139173779368575,-0.03910827367841402,9.99990000099999e-06,0.00023999760002399976,11,24,d5:a:within_protocol,False,False,adverse,tested,not_rejected,complete
d5_b,d5,b,recall,0.05115866900844352,0.04297834352766483,0.06474673404594615,0.5477801486784141,0.540873743805066,0.554179916941997,-0.039892398698685355,-0.052350418716013807,-0.03241726880115025,9.99990000099999e-06,0.00023999760002399976,12,24,d5_protocol_b_full_domain_secondary_24,False,False,adverse,tested,not_rejected,-0.048965216593245375,-0.05466811215124814,-0.04310142483480187,9.99990000099999e-06,0.00023999760002399976,11,24,d5_protocol_b_full_domain_secondary_24,False,False,adverse,tested,not_rejected,complete
d5_a,d5,a,f1,0.056663761661054995,0.045512446663133144,0.0765808702385967,0.5175970539647577,0.5130180226688694,0.5222458356277534,-0.030772913478645924,-0.0475383380694549,-0.02242774810599772,9.99990000099999e-06,0.00023999760002399976,3,24,d5:a:within_protocol,False,False,adverse,tested,not_rejected,-0.046121283039647465,-0.05226875114720996,-0.0399407466042585,9.99990000099999e-06,0.00023999760002399976,2,24,d5:a:within_protocol,False,False,adverse,tested,not_rejected,complete
d5_b,d5,b,f1,0.051044331757819625,0.042776037969176006,0.06528660758094293,0.5468187867107195,0.5400431637756975,0.5531801808002936,-0.03977806144806146,-0.052909592258445826,-0.032159373226924345,9.99990000099999e-06,0.00023999760002399976,4,24,d5_protocol_b_full_domain_secondary_24,False,False,adverse,tested,not_rejected,-0.04992657856093996,-0.055799003074522804,-0.04399782603707785,9.99990000099999e-06,0.00023999760002399976,3,24,d5_protocol_b_full_domain_secondary_24,False,False,adverse,tested,not_rejected,complete
d5_a,d5,a,artifact_peak_ratio,0.05211297488473799,0.04221619554965934,0.07130680529320887,0.5161802496328928,0.5116603856919971,0.5207585639225403,-0.02622212670232892,-0.04219278698619697,-0.018675057698925298,2.999970000299997e-05,0.00032999670003299966,14,24,d5:a:within_protocol,False,False,adverse,tested,not_rejected,-0.04753808737151244,-0.05381562041116006,-0.04116060366189427,9.99990000099999e-06,0.00023999760002399976,1,24,d5:a:within_protocol,False,False,adverse,tested,not_rejected,complete
d5_b,d5,b,artifact_peak_ratio,0.046498196641316714,0.039362312393221265,0.060317695524345495,0.5452046622613802,0.5385660735591044,0.5514424157947871,-0.03523192633155855,-0.047560964897357456,-0.02861637497638074,9.99990000099999e-06,0.00023999760002399976,2,24,d5_protocol_b_full_domain_secondary_24,False,False,adverse,tested,not_rejected,-0.05154070301027924,-0.057601642804698816,-0.04544626468428782,9.99990000099999e-06,0.00023999760002399976,1,24,d5_protocol_b_full_domain_secondary_24,False,False,adverse,tested,not_rejected,complete
d5_a,d5,a,missing_peak_ratio,0.057060380141513024,0.04609297679990433,0.07580714860629847,0.518448283773862,0.5137397037903817,0.5232450555249634,-0.031169531959103953,-0.04665603835500975,-0.02290421232696671,9.99990000099999e-06,0.00023999760002399976,8,24,d5:a:within_protocol,False,False,adverse,tested,not_rejected,-0.04527005323054323,-0.05139173779368575,-0.03910827367841402,9.99990000099999e-06,0.00023999760002399976,7,24,d5:a:within_protocol,False,False,adverse,tested,not_rejected,complete
d5_b,d5,b,missing_peak_ratio,0.05115866900844352,0.04297834352766483,0.06474673404594615,0.5477801486784141,0.540873743805066,0.554179916941997,-0.039892398698685355,-0.052350418716013807,-0.03241726880115025,9.99990000099999e-06,0.00023999760002399976,8,24,d5_protocol_b_full_domain_secondary_24,False,False,adverse,tested,not_rejected,-0.048965216593245375,-0.05466811215124814,-0.04310142483480187,9.99990000099999e-06,0.00023999760002399976,7,24,d5_protocol_b_full_domain_secondary_24,False,False,adverse,tested,not_rejected,complete
d2_5_a,d2_5,a,mse,0.12800776615654616,0.10588549419281168,0.15360560897206416,0.7940885416666668,0.7505201822916666,0.8301302083333334,,,,,,,24,d2_5:a:within_protocol,,,reference,reference_no_contrast,not_rejected,,,,,,,24,d2_5:a:within_protocol,,,reference,reference_no_contrast,not_rejected,complete
d2_5_b,d2_5,b,mse,0.1403274719754123,0.1178287246167197,0.16969051032282645,0.8020312500000001,0.7527330729166665,0.8434928385416668,,,,,,,24,d2_5:b:within_protocol,,,reference,reference_no_contrast,not_rejected,,,,,,,24,d2_5:b:within_protocol,,,reference,reference_no_contrast,not_rejected,complete
d2_5_a,d2_5,a,rmse,0.12881608017260615,0.10641345308733727,0.15342829834019286,0.7946614583333335,0.7507792968750001,0.8306796875000001,-0.0008083140160599911,-0.0016826308615183428,0.0006686763519345711,0.45490545094549056,1.0,21,24,d2_5:a:within_protocol,False,False,adverse,complete,not_rejected,0.0005729166666667007,-0.0006249999999997675,0.0024479166666667718,0.7429025709742902,1.0,23,24,d2_5:a:within_protocol,True,False,favorable,complete,not_rejected,complete
d2_5_b,d2_5,b,rmse,0.1407258377063015,0.11818283055880073,0.1700480888236202,0.8018489583333334,0.7524739583333334,0.8433880208333335,-0.0003983657308892219,-0.002464078570778386,9.17066662904274e-05,0.7423225767742323,1.0,24,24,d2_5:b:within_protocol,False,False,adverse,tested,not_rejected,-0.00018229166666672292,-0.0007552083333334236,0.00044270833333326376,0.6296237037629624,1.0,21,24,d2_5:b:within_protocol,False,False,adverse,tested,not_rejected,complete
d2_5_a,d2_5,a,mae,0.1218275064540057,0.10246910054586873,0.14657144123465815,0.8047395833333333,0.7609361979166668,0.8393268229166668,0.006180259702540464,-0.004278111426384671,0.010786418336540204,0.17994820051799482,1.0,19,24,d2_5:a:within_protocol,True,False,favorable,complete,not_rejected,0.010651041666666528,0.006093098958333127,0.015364583333333126,0.00021999780002199978,0.0021999780002199976,15,24,d2_5:a:within_protocol,True,True,favorable,complete,favorable_rejected,complete
d2_5_b,d2_5,b,mae,0.14397228485996066,0.12205165692681019,0.1742734561901125,0.8015624999999998,0.7529069010416668,0.8426907552083333,-0.0036448128845483763,-0.014446598765712915,-4.6529192596866935e-06,0.13433865661343386,1.0,17,24,d2_5:b:within_protocol,False,False,adverse,tested,not_rejected,-0.0004687500000002398,-0.002579427083333314,0.0018229166666664577,0.7130028699713002,1.0,23,24,d2_5:b:within_protocol,False,False,adverse,tested,not_rejected,complete
d2_5_a,d2_5,a,sam,0.13897726286915224,0.12020528731168956,0.1675385633351073,0.791875,0.7476243489583334,0.8282298177083334,-0.01096949671260608,-0.024883516968528207,-0.0033981681120641514,0.08543914560854392,0.5980740192598074,18,24,d2_5:a:within_protocol,False,False,adverse,complete,not_rejected,-0.002213541666666763,-0.005468750000000025,0.0007558593749999696,0.19462805371946282,1.0,20,24,d2_5:a:within_protocol,False,False,adverse,complete,not_rejected,complete
d2_5_b,d2_5,b,sam,0.13721435681106922,0.11764357502970157,0.17004482767253154,0.8005729166666667,0.7509368489583336,0.8422141927083334,0.0031131151643430666,-0.00889455348725856,0.008892046388427466,0.4953950460495395,1.0,20,24,d2_5:b:within_protocol,True,False,favorable,tested,not_rejected,-0.0014583333333333393,-0.003906901041666773,0.0010156250000000755,0.2881371186288137,1.0,18,24,d2_5:b:within_protocol,False,False,adverse,tested,not_rejected,complete
d2_5_a,d2_5,a,pearson_r,0.12722789620160882,0.10719373424552174,0.15213723162913337,0.7930729166666666,0.7492174479166668,0.8290384114583335,0.00077986995493734,-0.005170685088596261,0.0050144354266471606,0.7587624123758763,1.0,24,24,d2_5:a:within_protocol,True,False,favorable,complete,not_rejected,-0.0010156250000001865,-0.005364583333333237,0.003646484374999894,0.6799432005679943,1.0,22,24,d2_5:a:within_protocol,False,False,adverse,complete,not_rejected,complete
d2_5_b,d2_5,b,pearson_r,0.1391248700773135,0.11738175874758203,0.16701375232818974,0.8002083333333333,0.7506243489583333,0.8414596354166667,0.0012026018980987874,-0.002653612600043776,0.0062795755254653795,0.6774232257677423,1.0,22,24,d2_5:b:within_protocol,True,False,favorable,tested,not_rejected,-0.001822916666666785,-0.005156901041666749,0.0015625000000000222,0.3053469465305347,1.0,19,24,d2_5:b:within_protocol,False,False,adverse,tested,not_rejected,complete
d2_5_a,d2_5,a,nmse,0.10928518306365705,0.08628478390525604,0.13652339464245117,0.7917968749999997,0.7478776041666666,0.8278691406249999,0.018722583092889114,0.010995126116259009,0.025895355481845194,0.0001999980000199998,0.0021999780002199976,14,24,d2_5:a:within_protocol,True,True,favorable,complete,favorable_rejected,-0.002291666666667025,-0.0050006510416670995,-0.0003385416666669139,0.023259767402325975,0.1860781392186078,17,24,d2_5:a:within_protocol,False,False,adverse,complete,not_rejected,complete
d2_5_b,d2_5,b,nmse,0.13403702212395432,0.11081343525174671,0.16024513186950443,0.800546875,0.750779296875,0.8424049479166666,0.006290449851457963,0.0009549556319212961,0.015657549211911335,0.09701902980970191,0.8731712682873172,16,24,d2_5:b:within_protocol,True,False,favorable,tested,not_rejected,-0.0014843750000000933,-0.0025260416666667007,-0.0005729166666665897,0.0031899681003189967,0.03189968100318997,15,24,d2_5:b:within_protocol,False,False,adverse,tested,not_rejected,complete
d2_5_a,d2_5,a,wasserstein_1_cm1,0.053120470286407775,0.04313738243578874,0.07107107054157907,0.83203125,0.7910110677083333,0.8599739583333332,0.07488729587013838,0.04933924934129257,0.09500766705445696,4.999950000499995e-05,0.0006499935000649994,12,24,d2_5:a:within_protocol,True,True,favorable,complete,favorable_rejected,0.03794270833333324,0.01645833333333357,0.059975911458333184,0.0025499745002549976,0.022949770502294978,16,24,d2_5:a:within_protocol,True,True,favorable,complete,favorable_rejected,complete
d2_5_b,d2_5,b,wasserstein_1_cm1,0.20989283465050015,0.17917002349284328,0.2554323154946662,0.7366406249999998,0.7012408854166666,0.7654186197916666,-0.06956536267508787,-0.09902485743952698,-0.050018436014601264,0.0002899971000289997,0.0031899681003189967,14,24,d2_5:b:within_protocol,False,False,adverse,tested,not_rejected,-0.06539062500000026,-0.08169335937500008,-0.04809895833333355,9.99990000099999e-06,0.00023999760002399976,12,24,d2_5:b:within_protocol,False,False,adverse,tested,not_rejected,complete
d2_5_a,d2_5,a,is_like_structure_to_noise,0.3916731068568527,0.32454288253919583,0.4648846781098003,0.29692708333333334,0.2770253906250001,0.3206516927083334,-0.26366534070030656,-0.3330516475713988,-0.20004879346498963,0.00011999880001199988,0.0014399856001439987,13,24,d2_5:a:within_protocol,False,False,adverse,complete,not_rejected,-0.4971614583333334,-0.5401067708333335,-0.4358697916666666,9.99990000099999e-06,0.00023999760002399976,5,24,d2_5:a:within_protocol,False,False,adverse,complete,not_rejected,complete
d2_5_b,d2_5,b,is_like_structure_to_noise,0.4253839446839741,0.35031463072761837,0.5015995613826008,0.37328125,0.35905859375,0.38742447916666656,-0.2850564727085618,-0.3511037746532512,-0.21559570431052558,7.999920000799993e-05,0.0009599904000959991,13,24,d2_5:b:within_protocol,False,False,adverse,tested,not_rejected,-0.4287500000000001,-0.46924869791666673,-0.3792389322916669,9.99990000099999e-06,0.00023999760002399976,5,24,d2_5:b:within_protocol,False,False,adverse,tested,not_rejected,complete
d2_5_a,d2_5,a,precision,0.4262028812432644,0.37544577766369597,0.5034567545955448,0.6178124999999999,0.6008795572916668,0.6334654947916666,-0.29819511508671825,-0.36176900403007917,-0.2606113758307965,9.99990000099999e-06,0.00023999760002399976,9,24,d2_5:a:within_protocol,False,False,adverse,complete,not_rejected,-0.17627604166666688,-0.20617382812499999,-0.1424654947916668,9.99990000099999e-06,0.00023999760002399976,8,24,d2_5:a:within_protocol,False,False,adverse,complete,not_rejected,complete
d2_5_b,d2_5,b,precision,0.3840817258570806,0.34301558712736213,0.4402457358526505,0.6676041666666668,0.6288736979166667,0.7007096354166668,-0.24375425388166833,-0.28854723795870035,-0.21149354884515212,9.99990000099999e-06,0.00023999760002399976,9,24,d2_5:b:within_protocol,False,False,adverse,tested,not_rejected,-0.1344270833333333,-0.14916731770833344,-0.11721158854166677,9.99990000099999e-06,0.00023999760002399976,8,24,d2_5:b:within_protocol,False,False,adverse,tested,not_rejected,complete
d2_5_a,d2_5,a,recall,0.4277132876207225,0.3840978272090088,0.49301451172079436,0.6244270833333333,0.6063802083333335,0.6409680989583333,-0.2997055214641764,-0.3477743894023467,-0.27174975603661744,9.99990000099999e-06,0.00023999760002399976,11,24,d2_5:a:within_protocol,False,False,adverse,complete,not_rejected,-0.16966145833333346,-0.19867382812500006,-0.13788346354166675,9.99990000099999e-06,0.00023999760002399976,10,24,d2_5:a:within_protocol,False,False,adverse,complete,not_rejected,complete
d2_5_b,d2_5,b,recall,0.3885156130364344,0.35408418498179645,0.44186113493303564,0.67234375,0.6335358072916667,0.7063320312499999,-0.2481881410610221,-0.2912634453171157,-0.22167877519423543,9.99990000099999e-06,0.00023999760002399976,11,24,d2_5:b:within_protocol,False,False,adverse,tested,not_rejected,-0.12968750000000007,-0.14307486979166678,-0.1138007812500002,9.99990000099999e-06,0.00023999760002399976,10,24,d2_5:b:within_protocol,False,False,adverse,tested,not_rejected,complete
d2_5_a,d2_5,a,f1,0.4360858530439565,0.391383902080083,0.5034309068635757,0.6220312499999999,0.604607421875,0.63836328125,-0.30807808688741034,-0.355455909891356,-0.28028012458853785,9.99990000099999e-06,0.00023999760002399976,4,24,d2_5:a:within_protocol,False,False,adverse,complete,not_rejected,-0.17205729166666683,-0.20130403645833342,-0.1398430989583335,9.99990000099999e-06,0.00023999760002399976,3,24,d2_5:a:within_protocol,False,False,adverse,complete,not_rejected,complete
d2_5_b,d2_5,b,f1,0.3826736126325487,0.34503115808754514,0.4353767295545234,0.6719270833333332,0.6329069010416666,0.7059121093749998,-0.2423461406571364,-0.2827849608492667,-0.21243483848751304,9.99990000099999e-06,0.00023999760002399976,4,24,d2_5:b:within_protocol,False,False,adverse,tested,not_rejected,-0.1301041666666669,-0.14393359374999998,-0.11390494791666687,9.99990000099999e-06,0.00023999760002399976,3,24,d2_5:b:within_protocol,False,False,adverse,tested,not_rejected,complete
d2_5_a,d2_5,a,artifact_peak_ratio,0.4262028812432644,0.37544577766369597,0.5034567545955448,0.6178124999999999,0.6008795572916668,0.6334654947916666,-0.29819511508671825,-0.36176900403007917,-0.2606113758307965,9.99990000099999e-06,0.00023999760002399976,2,24,d2_5:a:within_protocol,False,False,adverse,complete,not_rejected,-0.17627604166666688,-0.20617382812499999,-0.1424654947916668,9.99990000099999e-06,0.00023999760002399976,1,24,d2_5:a:within_protocol,False,False,adverse,complete,not_rejected,complete
d2_5_b,d2_5,b,artifact_peak_ratio,0.3840817258570806,0.34301558712736213,0.4402457358526505,0.6676041666666668,0.6288736979166667,0.7007096354166668,-0.24375425388166833,-0.28854723795870035,-0.21149354884515212,9.99990000099999e-06,0.00023999760002399976,2,24,d2_5:b:within_protocol,False,False,adverse,tested,not_rejected,-0.1344270833333333,-0.14916731770833344,-0.11721158854166677,9.99990000099999e-06,0.00023999760002399976,1,24,d2_5:b:within_protocol,False,False,adverse,tested,not_rejected,complete
d2_5_a,d2_5,a,missing_peak_ratio,0.4277132876207225,0.3840978272090088,0.49301451172079436,0.6244270833333333,0.6063802083333335,0.6409680989583333,-0.2997055214641764,-0.3477743894023467,-0.27174975603661744,9.99990000099999e-06,0.00023999760002399976,7,24,d2_5:a:within_protocol,False,False,adverse,complete,not_rejected,-0.16966145833333346,-0.19867382812500006,-0.13788346354166675,9.99990000099999e-06,0.00023999760002399976,6,24,d2_5:a:within_protocol,False,False,adverse,complete,not_rejected,complete
d2_5_b,d2_5,b,missing_peak_ratio,0.3885156130364344,0.35408418498179645,0.44186113493303564,0.67234375,0.6335358072916667,0.7063320312499999,-0.2481881410610221,-0.2912634453171157,-0.22167877519423543,9.99990000099999e-06,0.00023999760002399976,7,24,d2_5:b:within_protocol,False,False,adverse,tested,not_rejected,-0.12968750000000007,-0.14307486979166678,-0.1138007812500002,9.99990000099999e-06,0.00023999760002399976,6,24,d2_5:b:within_protocol,False,False,adverse,tested,not_rejected,complete
d2_10_a,d2_10,a,mse,0.1600017184366217,0.13103573474607297,0.19160347064206412,0.7833593749999999,0.7413014322916665,0.8186516927083333,,,,,,,24,d2_10:a:within_protocol,,,reference,reference_no_contrast,not_rejected,,,,,,,24,d2_10:a:within_protocol,,,reference,reference_no_contrast,not_rejected,complete
d2_10_b,d2_10,b,mse,0.2865859764330646,0.2423732935563196,0.333621374651546,0.7897656249999999,0.7475703125000001,0.8270338541666669,,,,,,,24,d2_10:b:within_protocol,,,reference,reference_no_contrast,not_rejected,,,,,,,24,d2_10:b:within_protocol,,,reference,reference_no_contrast,not_rejected,complete
d2_10_a,d2_10,a,rmse,0.16012393577250375,0.13074389389364138,0.19156934398134184,0.7844791666666667,0.7418170572916667,0.8204446614583334,-0.0001222173358820522,-0.0007693909964048062,0.0013390314885820974,0.6576034239657603,1.0,23,24,d2_10:a:within_protocol,False,False,adverse,complete,not_rejected,0.0011197916666668695,-2.6692708333521626e-05,0.003073567708333418,0.15010849891501085,0.900650993490065,19,24,d2_10:a:within_protocol,True,False,favorable,complete,not_rejected,complete
d2_10_b,d2_10,b,rmse,0.2870779634062815,0.24328532455895102,0.3343789926642467,0.7896354166666665,0.747291015625,0.8268229166666665,-0.0004919869732168958,-0.0029158356843803613,5.333232037321855e-05,0.6384536154638454,1.0,23,24,d2_10:b:within_protocol,False,False,adverse,tested,not_rejected,-0.00013020833333343695,-0.0006250000000001005,0.00039062499999986954,0.6960130398696013,1.0,24,24,d2_10:b:within_protocol,False,False,adverse,tested,not_rejected,complete
d2_10_a,d2_10,a,mae,0.1529706860091944,0.12661434654721546,0.18210893217490495,0.7953385416666668,0.75262109375,0.8298190104166668,0.007031032427427308,0.0006127091713432109,0.013615814815706916,0.04080959190408096,0.3264767352326477,17,24,d2_10:a:within_protocol,True,False,favorable,complete,not_rejected,0.011979166666666985,0.0076041666666668535,0.016432942708333478,2.999970000299997e-05,0.0003599964000359997,13,24,d2_10:a:within_protocol,True,True,favorable,complete,favorable_rejected,complete
d2_10_b,d2_10,b,mae,0.29112369592127446,0.25105312307399136,0.3385397241711212,0.7884635416666667,0.7469902343750002,0.8250019531249998,-0.004537719488209857,-0.014805028505094674,-0.0006177638164520425,0.18181818181818182,0.9090909090909092,20,24,d2_10:b:within_protocol,False,False,adverse,tested,not_rejected,-0.0013020833333332593,-0.0033854166666665853,0.0007031250000001405,0.24459755402445976,0.978390216097839,21,24,d2_10:b:within_protocol,False,False,adverse,tested,not_rejected,complete
d2_10_a,d2_10,a,sam,0.16664892238320667,0.1426971417526382,0.2002033238326705,0.781953125,0.7396263020833334,0.8175013020833334,-0.0066472039465849675,-0.019155262407297466,-0.0006340804007224758,0.22532774672253278,1.0,20,24,d2_10:a:within_protocol,False,False,adverse,complete,not_rejected,-0.0014062499999998312,-0.004583333333333273,0.0015625000000000222,0.4048759512404876,1.0,21,24,d2_10:a:within_protocol,False,False,adverse,complete,not_rejected,complete
d2_10_b,d2_10,b,sam,0.2736931946281863,0.23284460553511668,0.3208527455924947,0.7883593750000001,0.7472903645833332,0.8243756510416667,0.012892781804878295,-0.0009652712357507378,0.025082611388074234,0.06202937970620294,0.5366646333536664,17,24,d2_10:b:within_protocol,True,False,favorable,tested,not_rejected,-0.0014062499999998312,-0.004244791666666475,0.0014596354166669919,0.38025619743802563,1.0,22,24,d2_10:b:within_protocol,False,False,adverse,tested,not_rejected,complete
d2_10_a,d2_10,a,pearson_r,0.15862276032614706,0.13263762931978468,0.18801009650458791,0.7837760416666667,0.7430651041666665,0.8181582031250001,0.001378958110474643,-0.004193101450537733,0.007302225532849487,0.6110938890611094,1.0,22,24,d2_10:a:within_protocol,True,False,favorable,complete,not_rejected,0.0004166666666668428,-0.0038808593749997972,0.004688802083333605,0.8674413255867441,1.0,24,24,d2_10:a:within_protocol,True,False,favorable,complete,not_rejected,complete
d2_10_b,d2_10,b,pearson_r,0.2799056546975217,0.23820050461382067,0.32513715700649826,0.786640625,0.7452838541666666,0.82180078125,0.0066803217355428934,-0.0005883520716872985,0.01482781945141126,0.13847861521384786,0.8308716912830871,19,24,d2_10:b:within_protocol,True,False,favorable,tested,not_rejected,-0.0031249999999999334,-0.006510416666666524,0.00020833333333326043,0.08614913850861491,0.6030439695603044,18,24,d2_10:b:within_protocol,False,False,adverse,tested,not_rejected,complete
d2_10_a,d2_10,a,nmse,0.13657593264380835,0.10848180339070942,0.17018896929459223,0.7815364583333333,0.7391041666666666,0.8167727864583332,0.023425785792813347,0.014960718139907332,0.030917153828573768,6.999930000699993e-05,0.0006999930000699993,15,24,d2_10:a:within_protocol,True,True,favorable,complete,favorable_rejected,-0.001822916666666563,-0.004374999999999907,2.6041666666420937e-05,0.12375876241237588,0.8663113368866311,18,24,d2_10:a:within_protocol,False,False,adverse,complete,not_rejected,complete
d2_10_b,d2_10,b,nmse,0.2731870869201924,0.22888623458039528,0.3191891569131692,0.7887760416666667,0.7470494791666665,0.8255748697916666,0.013398889512872214,0.003906314001021197,0.028229145976942274,0.05962940370596294,0.5366646333536664,16,24,d2_10:b:within_protocol,True,False,favorable,tested,not_rejected,-0.0009895833333332105,-0.0016666666666667052,-0.0003125000000003764,0.01036989630103699,0.1036989630103699,15,24,d2_10:b:within_protocol,False,False,adverse,tested,not_rejected,complete
d2_10_a,d2_10,a,wasserstein_1_cm1,0.04633408968857839,0.03578120826136799,0.06335604769917347,0.8327083333333333,0.7909479166666668,0.8623203125000001,0.11366762874804331,0.08495704596253029,0.13910101083890364,1.999980000199998e-05,0.0002599974000259998,12,24,d2_10:a:within_protocol,True,True,favorable,complete,favorable_rejected,0.049348958333333415,0.027287760416666834,0.07088932291666668,0.00023999760002399976,0.002159978400215998,16,24,d2_10:a:within_protocol,True,True,favorable,complete,favorable_rejected,complete
d2_10_b,d2_10,b,wasserstein_1_cm1,0.34806290625780667,0.2986551381714189,0.4097684860188174,0.7249739583333334,0.6922044270833334,0.7521367187500001,-0.061476929824742066,-0.08872266076084243,-0.0420754167328163,0.0007699923000769992,0.008469915300846991,14,24,d2_10:b:within_protocol,False,False,adverse,tested,not_rejected,-0.06479166666666647,-0.0773730468749999,-0.05038932291666647,9.99990000099999e-06,0.00023999760002399976,12,24,d2_10:b:within_protocol,False,False,adverse,tested,not_rejected,complete
d2_10_a,d2_10,a,is_like_structure_to_noise,0.4216292564290009,0.34556837254598965,0.5013311474391668,0.29013020833333336,0.2663541666666667,0.32208723958333335,-0.2616275379923792,-0.33572868631235164,-0.19357095589427478,5.999940000599994e-05,0.0006599934000659993,14,24,d2_10:a:within_protocol,False,False,adverse,complete,not_rejected,-0.4932291666666665,-0.5392454427083333,-0.42814257812499995,9.99990000099999e-06,0.00023999760002399976,5,24,d2_10:a:within_protocol,False,False,adverse,complete,not_rejected,complete
d2_10_b,d2_10,b,is_like_structure_to_noise,0.4670391414781468,0.393758867690237,0.5391772811422381,0.3849739583333333,0.36827994791666663,0.40031380208333334,-0.1804531650450822,-0.2295705347773224,-0.12761297222901266,8.99991000089999e-05,0.001079989200107999,13,24,d2_10:b:within_protocol,False,False,adverse,tested,not_rejected,-0.4047916666666666,-0.4493307291666666,-0.35280989583333333,9.99990000099999e-06,0.00023999760002399976,5,24,d2_10:b:within_protocol,False,False,adverse,tested,not_rejected,complete
d2_10_a,d2_10,a,precision,0.4518576065882411,0.4022076676496506,0.5232876197810893,0.6071614583333335,0.5897376302083334,0.6238561197916667,-0.2918558881516194,-0.3461059354031894,-0.2623379258103952,9.99990000099999e-06,0.00023999760002399976,9,24,d2_10:a:within_protocol,False,False,adverse,complete,not_rejected,-0.1761979166666664,-0.21003320312499993,-0.1390462239583333,9.99990000099999e-06,0.00023999760002399976,8,24,d2_10:a:within_protocol,False,False,adverse,complete,not_rejected,complete
d2_10_b,d2_10,b,precision,0.4265374838844232,0.39429927718855506,0.4722691932675705,0.6771614583333334,0.6463385416666667,0.7044277343750001,-0.1399515074513586,-0.17801374542370826,-0.11370148718106769,9.99990000099999e-06,0.00023999760002399976,9,24,d2_10:b:within_protocol,False,False,adverse,tested,not_rejected,-0.1126041666666665,-0.12674479166666663,-0.09736914062499982,9.99990000099999e-06,0.00023999760002399976,8,24,d2_10:b:within_protocol,False,False,adverse,tested,not_rejected,complete
d2_10_a,d2_10,a,recall,0.4514596610683407,0.4059385483813915,0.515692842879482,0.6140885416666666,0.5967415364583334,0.6308867187499999,-0.291457942631719,-0.33589157026626576,-0.2655852312929788,9.99990000099999e-06,0.00023999760002399976,11,24,d2_10:a:within_protocol,False,False,adverse,complete,not_rejected,-0.16927083333333326,-0.20244921874999994,-0.13336783854166678,9.99990000099999e-06,0.00023999760002399976,10,24,d2_10:a:within_protocol,False,False,adverse,complete,not_rejected,complete
d2_10_b,d2_10,b,recall,0.4369024639251238,0.4031209271439037,0.48212033912526614,0.6758072916666666,0.6454654947916666,0.7028170572916667,-0.15031648749205917,-0.1903852724847646,-0.11885942627717973,9.99990000099999e-06,0.00023999760002399976,11,24,d2_10:b:within_protocol,False,False,adverse,tested,not_rejected,-0.11395833333333327,-0.12773437499999984,-0.09817578125000008,9.99990000099999e-06,0.00023999760002399976,10,24,d2_10:b:within_protocol,False,False,adverse,tested,not_rejected,complete
d2_10_a,d2_10,a,f1,0.46081363073621845,0.4145093227160761,0.5237737134023955,0.6116927083333333,0.5941627604166666,0.6282350260416667,-0.30081191229959675,-0.34321544800115183,-0.27752268579320183,9.99990000099999e-06,0.00023999760002399976,4,24,d2_10:a:within_protocol,False,False,adverse,complete,not_rejected,-0.17166666666666652,-0.20481901041666667,-0.1352545572916669,9.99990000099999e-06,0.00023999760002399976,3,24,d2_10:a:within_protocol,False,False,adverse,complete,not_rejected,complete
d2_10_b,d2_10,b,f1,0.4257766487489219,0.3932032423595535,0.4709680406368592,0.6778906249999999,0.6469772135416667,0.7053398437500001,-0.1391906723158573,-0.1763116930731649,-0.11228680632108763,9.99990000099999e-06,0.00023999760002399976,4,24,d2_10:b:within_protocol,False,False,adverse,tested,not_rejected,-0.11187500000000006,-0.12526171874999978,-0.09669140624999978,9.99990000099999e-06,0.00023999760002399976,3,24,d2_10:b:within_protocol,False,False,adverse,tested,not_rejected,complete
d2_10_a,d2_10,a,artifact_peak_ratio,0.4518576065882411,0.4022076676496506,0.5232876197810893,0.6071614583333335,0.5897376302083334,0.6238561197916667,-0.2918558881516194,-0.3461059354031894,-0.2623379258103952,9.99990000099999e-06,0.00023999760002399976,2,24,d2_10:a:within_protocol,False,False,adverse,complete,not_rejected,-0.1761979166666664,-0.21003320312499993,-0.1390462239583333,9.99990000099999e-06,0.00023999760002399976,1,24,d2_10:a:within_protocol,False,False,adverse,complete,not_rejected,complete
d2_10_b,d2_10,b,artifact_peak_ratio,0.4265374838844232,0.39429927718855506,0.4722691932675705,0.6771614583333334,0.6463385416666667,0.7044277343750001,-0.1399515074513586,-0.17801374542370826,-0.11370148718106769,9.99990000099999e-06,0.00023999760002399976,2,24,d2_10:b:within_protocol,False,False,adverse,tested,not_rejected,-0.1126041666666665,-0.12674479166666663,-0.09736914062499982,9.99990000099999e-06,0.00023999760002399976,1,24,d2_10:b:within_protocol,False,False,adverse,tested,not_rejected,complete
d2_10_a,d2_10,a,missing_peak_ratio,0.4514596610683407,0.4059385483813915,0.515692842879482,0.6140885416666666,0.5967415364583334,0.6308867187499999,-0.291457942631719,-0.33589157026626576,-0.2655852312929788,9.99990000099999e-06,0.00023999760002399976,7,24,d2_10:a:within_protocol,False,False,adverse,complete,not_rejected,-0.16927083333333326,-0.20244921874999994,-0.13336783854166678,9.99990000099999e-06,0.00023999760002399976,6,24,d2_10:a:within_protocol,False,False,adverse,complete,not_rejected,complete
d2_10_b,d2_10,b,missing_peak_ratio,0.4369024639251238,0.4031209271439037,0.48212033912526614,0.6758072916666666,0.6454654947916666,0.7028170572916667,-0.15031648749205917,-0.1903852724847646,-0.11885942627717973,9.99990000099999e-06,0.00023999760002399976,7,24,d2_10:b:within_protocol,False,False,adverse,tested,not_rejected,-0.11395833333333327,-0.12773437499999984,-0.09817578125000008,9.99990000099999e-06,0.00023999760002399976,6,24,d2_10:b:within_protocol,False,False,adverse,tested,not_rejected,complete
d2_20_a,d2_20,a,mse,0.1696397967556941,0.13521015467969716,0.20665275825281718,0.7665885416666668,0.719244140625,0.8054479166666666,,,,,,,24,d2_20:a:within_protocol,,,reference,reference_no_contrast,not_rejected,,,,,,,24,d2_20:a:within_protocol,,,reference,reference_no_contrast,not_rejected,complete
d2_20_b,d2_20,b,mse,0.3709867314878044,0.31553770445999213,0.42702038138981946,0.7807552083333333,0.7418886718750001,0.8136751302083333,,,,,,,24,d2_20:b:within_protocol,,,reference,reference_no_contrast,not_rejected,,,,,,,24,d2_20:b:within_protocol,,,reference,reference_no_contrast,not_rejected,complete
d2_20_a,d2_20,a,rmse,0.16966693482986128,0.13508159368713094,0.20667753941593228,0.7674739583333334,0.7195299479166666,0.8064889322916666,-2.713807416718228e-05,-0.000557037146155024,0.0010959231270893264,0.8641613583864162,1.0,23,24,d2_20:a:within_protocol,False,False,adverse,complete,not_rejected,0.0008854166666666385,-0.00031249999999993783,0.0029427083333333215,0.4987650123498765,1.0,21,24,d2_20:a:within_protocol,True,False,favorable,complete,not_rejected,complete
d2_20_b,d2_20,b,rmse,0.3710267787528018,0.3164045727900671,0.42708253280057995,0.7804166666666666,0.7411575520833333,0.8135201822916663,-4.004726499740041e-05,-0.002140073804947041,4.480186264144008e-05,0.8991410085899141,0.8991410085899141,24,24,d2_20:b:within_protocol,False,False,adverse,tested,not_rejected,-0.00033854166666669183,-0.0009635416666663483,0.00026041666666676565,0.32080679193208067,0.7186328136718633,23,24,d2_20:b:within_protocol,False,False,adverse,tested,not_rejected,complete
d2_20_a,d2_20,a,mae,0.16246327819454195,0.12947499953142358,0.19699261690752773,0.7784635416666668,0.7303105468750001,0.8169309895833333,0.007176518561152145,0.0013266432220037693,0.014196025147361064,0.015259847401525984,0.12207877921220787,17,24,d2_20:a:within_protocol,True,False,favorable,complete,not_rejected,0.011874999999999969,0.007291015625000034,0.01653710937500005,6.999930000699993e-05,0.0008399916000839992,14,24,d2_20:a:within_protocol,True,True,favorable,complete,favorable_rejected,complete
d2_20_b,d2_20,b,mae,0.3746704932297833,0.3218636270787764,0.4305637091061917,0.7777864583333334,0.73809765625,0.8102636718750001,-0.003683761741978875,-0.013963207262875189,-0.0005623630954670809,0.17965820341796582,0.7186328136718633,21,24,d2_20:b:within_protocol,False,False,adverse,tested,not_rejected,-0.0029687499999999645,-0.004557291666666521,-0.0011458333333332876,0.0026199738002619976,0.026199738002619974,15,24,d2_20:b:within_protocol,False,False,adverse,tested,not_rejected,complete
d2_20_a,d2_20,a,sam,0.17548000366470684,0.1465356928632992,0.2140108584222318,0.7648177083333334,0.7162486979166667,0.8045325520833334,-0.005840206909012741,-0.019119368537663994,0.0005601911689354524,0.2881171188288117,1.0,19,24,d2_20:a:within_protocol,False,False,adverse,complete,not_rejected,-0.001770833333333388,-0.005156901041666749,0.0011985677083333499,0.3012469875301247,1.0,20,24,d2_20:a:within_protocol,False,False,adverse,complete,not_rejected,complete
d2_20_b,d2_20,b,sam,0.3540886411160671,0.30282847954866354,0.4109996275661344,0.7786197916666667,0.7390885416666669,0.8113541666666665,0.01689809037173734,0.0011585785916623796,0.03205934231296681,0.03280967190328097,0.26247737522624776,17,24,d2_20:b:within_protocol,True,False,favorable,tested,not_rejected,-0.002135416666666612,-0.004999999999999896,0.0007558593750002971,0.18322816771832282,0.7186328136718633,22,24,d2_20:b:within_protocol,False,False,adverse,tested,not_rejected,complete
d2_20_a,d2_20,a,pearson_r,0.16770650416439525,0.1359773113547564,0.20324893159032006,0.7667447916666664,0.7192929687499999,0.8051041666666665,0.0019332925912988463,-0.004835495118008483,0.007681265443973818,0.4988950110498895,1.0,22,24,d2_20:a:within_protocol,True,False,favorable,complete,not_rejected,0.00015624999999963585,-0.004244791666666919,0.004427083333333195,0.9543404565954341,1.0,24,24,d2_20:a:within_protocol,True,False,favorable,complete,not_rejected,complete
d2_20_b,d2_20,b,pearson_r,0.3618149010705993,0.3101432515072188,0.41733120439180466,0.7770052083333333,0.7377591145833333,0.8095579427083331,0.009171830417205096,0.000911790749670447,0.01972245301437155,0.09684903150968491,0.48424515754842457,20,24,d2_20:b:within_protocol,True,False,favorable,tested,not_rejected,-0.003750000000000031,-0.007526041666666599,-0.0002597656249999921,0.057969420305796944,0.4057859421405786,18,24,d2_20:b:within_protocol,False,False,adverse,tested,not_rejected,complete
d2_20_a,d2_20,a,nmse,0.14423992732624527,0.1116814535908743,0.18193674199270374,0.7643749999999999,0.7164804687499999,0.8039583333333333,0.02539986942944883,0.0166120787142893,0.03335855343360773,7.999920000799993e-05,0.0008399916000839992,15,24,d2_20:a:within_protocol,True,True,favorable,complete,favorable_rejected,-0.002213541666666874,-0.004895833333333324,-0.00033854166666668907,0.021819781802181977,0.15273847261527385,18,24,d2_20:a:within_protocol,False,False,adverse,complete,not_rejected,complete
d2_20_b,d2_20,b,nmse,0.3550880743968808,0.30002088635615687,0.4087488283405307,0.7787760416666666,0.73864453125,0.8121621093750001,0.01589865709092364,0.0043136095416614565,0.03593723891793541,0.06352936470635294,0.4057859421405786,19,24,d2_20:b:within_protocol,True,False,favorable,tested,not_rejected,-0.001979166666666754,-0.0034895833333334902,-0.0009114583333332815,0.0002099979000209998,0.002519974800251998,13,24,d2_20:b:within_protocol,False,False,adverse,tested,not_rejected,complete
d2_20_a,d2_20,a,wasserstein_1_cm1,0.043428461861171115,0.0328591596804214,0.06212198732639601,0.8297916666666665,0.7788919270833333,0.8655358072916667,0.126211334894523,0.0904172621072991,0.15721555742891713,4.999950000499995e-05,0.0006499935000649994,12,24,d2_20:a:within_protocol,True,True,favorable,complete,favorable_rejected,0.0632031249999997,0.03921744791666653,0.08583789062499995,7.999920000799993e-05,0.0008399916000839992,16,24,d2_20:a:within_protocol,True,True,favorable,complete,favorable_rejected,complete
d2_20_b,d2_20,b,wasserstein_1_cm1,0.41748263282846837,0.35953676540105617,0.4895832938860203,0.729140625,0.7009075520833333,0.7531777343750001,-0.04649590134066395,-0.0754565380284402,-0.02562602618646386,0.004529954700452995,0.04076959230407696,16,24,d2_20:b:within_protocol,False,False,adverse,tested,not_rejected,-0.05161458333333335,-0.06531575520833342,-0.036718098958333244,9.99990000099999e-06,0.00023999760002399976,7,24,d2_20:b:within_protocol,False,False,adverse,tested,not_rejected,complete
d2_20_a,d2_20,a,is_like_structure_to_noise,0.41713186518626805,0.3341399614086713,0.5036932013669749,0.29132812500000005,0.2654680989583333,0.33010872395833335,-0.24749206843057395,-0.3217924454476089,-0.180114944120148,6.999930000699993e-05,0.0008399916000839992,13,24,d2_20:a:within_protocol,False,False,adverse,complete,not_rejected,-0.47526041666666674,-0.5263287760416668,-0.39648177083333336,9.99990000099999e-06,0.00023999760002399976,5,24,d2_20:a:within_protocol,False,False,adverse,complete,not_rejected,complete
d2_20_b,d2_20,b,is_like_structure_to_noise,0.4834382041276222,0.4047483770184557,0.5571773823466033,0.3804427083333333,0.3610371093750001,0.3986484375,-0.11245147263981775,-0.14862252618474306,-0.07281327581916901,0.00023999760002399976,0.0026399736002639972,14,24,d2_20:b:within_protocol,False,False,adverse,tested,not_rejected,-0.4003125,-0.4321992187499999,-0.36200325520833326,9.99990000099999e-06,0.00023999760002399976,3,24,d2_20:b:within_protocol,False,False,adverse,tested,not_rejected,complete
d2_20_a,d2_20,a,precision,0.4467827853802707,0.3930805923170246,0.5202402216493386,0.6055729166666667,0.5908333333333332,0.6198177083333333,-0.27714298862457665,-0.3316579435118854,-0.24823928509166857,9.99990000099999e-06,0.00023999760002399976,9,24,d2_20:a:within_protocol,False,False,adverse,complete,not_rejected,-0.1610156250000001,-0.19578450520833346,-0.12001562500000025,9.99990000099999e-06,0.00023999760002399976,8,24,d2_20:a:within_protocol,False,False,adverse,complete,not_rejected,complete
d2_20_b,d2_20,b,precision,0.4264714572163512,0.38808549465343684,0.475901496329313,0.6830468749999999,0.6490579427083333,0.7099511718749998,-0.05548472572854679,-0.0920136958012767,-0.034294599516546224,4.999950000499995e-05,0.0007999920000799992,10,24,d2_20:b:within_protocol,False,False,adverse,tested,not_rejected,-0.0977083333333334,-0.11096419270833334,-0.08210872395833338,9.99990000099999e-06,0.00023999760002399976,5,24,d2_20:b:within_protocol,False,False,adverse,tested,not_rejected,complete
d2_20_a,d2_20,a,recall,0.44654407909535354,0.3970790624203553,0.5139154019535268,0.6123958333333334,0.5974739583333333,0.6267467447916666,-0.27690428233965947,-0.3211062132815098,-0.2523079504895507,9.99990000099999e-06,0.00023999760002399976,11,24,d2_20:a:within_protocol,False,False,adverse,complete,not_rejected,-0.15419270833333343,-0.18903841145833358,-0.11468684895833339,9.99990000099999e-06,0.00023999760002399976,10,24,d2_20:a:within_protocol,False,False,adverse,complete,not_rejected,complete
d2_20_b,d2_20,b,recall,0.4423344569418659,0.40595104349248023,0.49174440977167483,0.6822135416666666,0.6504388020833334,0.7075520833333331,-0.07134772545406148,-0.10851923512383792,-0.04398529188183752,9.99990000099999e-05,0.0013999860001399985,12,24,d2_20:b:within_protocol,False,False,adverse,tested,not_rejected,-0.09854166666666675,-0.1109915364583333,-0.08411393229166689,9.99990000099999e-06,0.00023999760002399976,6,24,d2_20:b:within_protocol,False,False,adverse,tested,not_rejected,complete
d2_20_a,d2_20,a,f1,0.4546355938587237,0.404507626064179,0.521114628292912,0.6101041666666666,0.5954934895833333,0.6245592447916667,-0.2849957971030296,-0.3259690201164228,-0.26273720825639246,9.99990000099999e-06,0.00023999760002399976,4,24,d2_20:a:within_protocol,False,False,adverse,complete,not_rejected,-0.15648437500000023,-0.1910696614583332,-0.11666341145833337,9.99990000099999e-06,0.00023999760002399976,3,24,d2_20:a:within_protocol,False,False,adverse,complete,not_rejected,complete
d2_20_b,d2_20,b,f1,0.42903582509367005,0.3899690881434764,0.4778584731378761,0.6841927083333332,0.651609375,0.7096627604166666,-0.05804909360586563,-0.09218511126985503,-0.034095314453135094,2.999970000299997e-05,0.0005099949000509995,8,24,d2_20:b:within_protocol,False,False,adverse,tested,not_rejected,-0.0965625000000001,-0.10906249999999995,-0.08142968749999979,9.99990000099999e-06,0.00023999760002399976,2,24,d2_20:b:within_protocol,False,False,adverse,tested,not_rejected,complete
d2_20_a,d2_20,a,artifact_peak_ratio,0.4467827853802707,0.3930805923170246,0.5202402216493386,0.6055729166666667,0.5908333333333332,0.6198177083333333,-0.27714298862457665,-0.3316579435118854,-0.24823928509166857,9.99990000099999e-06,0.00023999760002399976,2,24,d2_20:a:within_protocol,False,False,adverse,complete,not_rejected,-0.1610156250000001,-0.19578450520833346,-0.12001562500000025,9.99990000099999e-06,0.00023999760002399976,1,24,d2_20:a:within_protocol,False,False,adverse,complete,not_rejected,complete
d2_20_b,d2_20,b,artifact_peak_ratio,0.4264714572163512,0.38808549465343684,0.475901496329313,0.6830468749999999,0.6490579427083333,0.7099511718749998,-0.05548472572854679,-0.0920136958012767,-0.034294599516546224,4.999950000499995e-05,0.0007999920000799992,9,24,d2_20:b:within_protocol,False,False,adverse,tested,not_rejected,-0.0977083333333334,-0.11096419270833334,-0.08210872395833338,9.99990000099999e-06,0.00023999760002399976,1,24,d2_20:b:within_protocol,False,False,adverse,tested,not_rejected,complete
d2_20_a,d2_20,a,missing_peak_ratio,0.44654407909535354,0.3970790624203553,0.5139154019535268,0.6123958333333334,0.5974739583333333,0.6267467447916666,-0.27690428233965947,-0.3211062132815098,-0.2523079504895507,9.99990000099999e-06,0.00023999760002399976,7,24,d2_20:a:within_protocol,False,False,adverse,complete,not_rejected,-0.15419270833333343,-0.18903841145833358,-0.11468684895833339,9.99990000099999e-06,0.00023999760002399976,6,24,d2_20:a:within_protocol,False,False,adverse,complete,not_rejected,complete
d2_20_b,d2_20,b,missing_peak_ratio,0.4423344569418659,0.40595104349248023,0.49174440977167483,0.6822135416666666,0.6504388020833334,0.7075520833333331,-0.07134772545406148,-0.10851923512383792,-0.04398529188183752,9.99990000099999e-05,0.0013999860001399985,11,24,d2_20:b:within_protocol,False,False,adverse,tested,not_rejected,-0.09854166666666675,-0.1109915364583333,-0.08411393229166689,9.99990000099999e-06,0.00023999760002399976,4,24,d2_20:b:within_protocol,False,False,adverse,tested,not_rejected,complete
d1_a,d1,a,mse,0.13791234504722982,0.10576825840462366,0.17882890056450354,0.768984375,0.7288496093749999,0.8011738281249998,,,,,,,24,d1:a:within_protocol,,,reference,reference_no_contrast,not_rejected,,,,,,,24,d1:a:within_protocol,,,reference,reference_no_contrast,not_rejected,complete
d1_a,d1,a,rmse,0.13745149786247934,0.1055730966031045,0.17881856226040954,0.769921875,0.73038671875,0.8017200520833335,0.00046084718475047914,-0.00034367395425299483,0.0029656856184301305,0.8591114088859111,1.0,23,24,d1:a:within_protocol,True,False,favorable,complete,not_rejected,0.0009374999999999245,-0.0002083333333333659,0.0028131510416668773,0.32619673803261967,1.0,18,24,d1:a:within_protocol,True,False,favorable,complete,not_rejected,complete
d1_a,d1,a,mae,0.13259187071189085,0.10454176837579665,0.17188742032262275,0.7804947916666667,0.7399173177083335,0.812890625,0.0053204743353389705,-0.0044060094132055815,0.010783118309547335,0.26471735282647174,1.0,17,24,d1:a:within_protocol,True,False,favorable,complete,not_rejected,0.011510416666666634,0.006692057291666685,0.016225260416666776,0.00012999870001299986,0.0015599844001559983,13,24,d1:a:within_protocol,True,True,favorable,complete,favorable_rejected,complete
d1_a,d1,a,sam,0.14281020017039547,0.110648906052743,0.18501883839717395,0.7689843749999999,0.7288528645833332,0.8010729166666666,-0.004897855123165651,-0.018163703729631223,0.0035299670168660183,0.43968560314396854,1.0,19,24,d1:a:within_protocol,False,False,adverse,complete,not_rejected,-1.1102230246251565e-16,-0.0022916666666664724,0.0023437499999998724,1.0,1.0,24,24,d1:a:within_protocol,False,False,adverse,complete,not_rejected,complete
d1_a,d1,a,pearson_r,0.1362413932242301,0.10698854737040474,0.17550583387106783,0.7703385416666666,0.7301809895833333,0.8027604166666665,0.0016709518229997278,-0.0066252638209157375,0.006728982330640567,0.6468435315646843,1.0,21,24,d1:a:within_protocol,True,False,favorable,complete,not_rejected,0.0013541666666665453,-0.0025260416666665923,0.0052343749999996855,0.5190748092519075,1.0,20,24,d1:a:within_protocol,True,False,favorable,complete,not_rejected,complete
d1_a,d1,a,nmse,0.11819446589497339,0.09014747604936534,0.1561389448531792,0.7684895833333335,0.7286145833333334,0.800759765625,0.019717879152256437,0.00847140509992935,0.029365363843398624,0.0016599834001659983,0.014939850601493984,16,24,d1:a:within_protocol,True,True,favorable,complete,favorable_rejected,-0.0004947916666665497,-0.002005208333333175,0.0005468750000000577,0.7066929330706693,1.0,22,24,d1:a:within_protocol,False,False,adverse,complete,not_rejected,complete
d1_a,d1,a,wasserstein_1_cm1,0.03914087083254116,0.030316385723444618,0.06481416348973795,0.8309895833333335,0.7863255208333335,0.86713671875,0.09877147421468865,0.05846274879596093,0.13392527439226523,0.0004599954000459995,0.004599954000459995,15,24,d1:a:within_protocol,True,True,favorable,complete,favorable_rejected,0.06200520833333345,0.03686914062500011,0.0854433593749999,4.999950000499995e-05,0.0006499935000649994,12,24,d1:a:within_protocol,True,True,favorable,complete,favorable_rejected,complete
d1_a,d1,a,is_like_structure_to_noise,0.38029605838842234,0.2831428703842211,0.491804972954434,0.29752604166666674,0.27380143229166665,0.32721419270833335,-0.24238371334119252,-0.3394708864782621,-0.1568702160779227,0.0003899961000389996,0.0042899571004289955,14,24,d1:a:within_protocol,False,False,adverse,complete,not_rejected,-0.4714583333333333,-0.5194557291666667,-0.40902539062500004,9.99990000099999e-06,0.00023999760002399976,4,24,d1:a:within_protocol,False,False,adverse,complete,not_rejected,complete
d1_a,d1,a,precision,0.35679836757739763,0.3015451863418483,0.44888039849762357,0.613671875,0.5971608072916665,0.6280475260416667,-0.2188860225301678,-0.29018983941869575,-0.1799073390053102,1.999980000199998e-05,0.00029999700002999975,11,24,d1:a:within_protocol,False,False,adverse,complete,not_rejected,-0.15531250000000008,-0.18369856770833312,-0.12114257812499997,9.99990000099999e-06,0.00023999760002399976,7,24,d1:a:within_protocol,False,False,adverse,complete,not_rejected,complete
d1_a,d1,a,recall,0.3544911724417275,0.3034124957020441,0.43752019734884046,0.6195052083333333,0.6034889322916667,0.6330475260416668,-0.21657882739449769,-0.2756622063710527,-0.18535190783846042,9.99990000099999e-06,0.00023999760002399976,9,24,d1:a:within_protocol,False,False,adverse,complete,not_rejected,-0.14947916666666672,-0.17674544270833323,-0.11714843749999987,9.99990000099999e-06,0.00023999760002399976,8,24,d1:a:within_protocol,False,False,adverse,complete,not_rejected,complete
d1_a,d1,a,f1,0.36071038210306483,0.3081152915818421,0.4470609218026588,0.6182552083333331,0.6021080729166666,0.6322708333333333,-0.222798037055835,-0.285152543359203,-0.18846451482184753,9.99990000099999e-06,0.00023999760002399976,3,24,d1:a:within_protocol,False,False,adverse,complete,not_rejected,-0.1507291666666669,-0.1779166666666666,-0.1176510416666667,9.99990000099999e-06,0.00023999760002399976,2,24,d1:a:within_protocol,False,False,adverse,complete,not_rejected,complete
d1_a,d1,a,artifact_peak_ratio,0.35679836757739763,0.3015451863418483,0.44888039849762357,0.613671875,0.5971608072916665,0.6280475260416667,-0.2188860225301678,-0.29018983941869575,-0.1799073390053102,1.999980000199998e-05,0.00029999700002999975,10,24,d1:a:within_protocol,False,False,adverse,complete,not_rejected,-0.15531250000000008,-0.18369856770833312,-0.12114257812499997,9.99990000099999e-06,0.00023999760002399976,1,24,d1:a:within_protocol,False,False,adverse,complete,not_rejected,complete
d1_a,d1,a,missing_peak_ratio,0.3544911724417275,0.3034124957020441,0.43752019734884046,0.6195052083333333,0.6034889322916667,0.6330475260416668,-0.21657882739449769,-0.2756622063710527,-0.18535190783846042,9.99990000099999e-06,0.00023999760002399976,6,24,d1:a:within_protocol,False,False,adverse,complete,not_rejected,-0.14947916666666672,-0.17674544270833323,-0.11714843749999987,9.99990000099999e-06,0.00023999760002399976,5,24,d1:a:within_protocol,False,False,adverse,complete,not_rejected,complete
d4_a,d4,a,mse,0.24243395478000976,0.23544070087874885,0.25237152475146124,0.8901334635416667,0.888245361328125,0.892106201171875,,,,,,,24,d4:a:within_protocol,,,reference,reference_no_contrast,not_rejected,,,,,,,24,d4:a:within_protocol,,,reference,reference_no_contrast,not_rejected,complete
d4_b,d4,b,mse,0.2758589535995071,0.18716244233073817,0.3736860274944023,0.6319694010416667,0.6239972330729167,0.6393404134114583,,,,,,,24,d4:b:within_protocol,,,reference,reference_no_contrast,not_rejected,,,,,,,24,d4:b:within_protocol,,,reference,reference_no_contrast,not_rejected,complete
d4_a,d4,a,rmse,0.24215878274649494,0.23533979491485688,0.25209269166443105,0.8906477864583332,0.888769287109375,0.8925587565104166,0.00027517203351482,-0.0006785628197744603,0.001160484319031853,0.6629933700662993,1.0,21,24,d4:a:within_protocol,True,False,favorable,tested,not_rejected,0.000514322916666532,0.0001398111979166536,0.0009277343750000444,0.00929990700092999,0.07439925600743992,17,24,d4:a:within_protocol,True,False,favorable,tested,not_rejected,complete
d4_b,d4,b,rmse,0.2759150033045257,0.18738789939905431,0.3737812173182103,0.6322395833333334,0.6242701822916666,0.6396582845052083,-5.6049705018601514e-05,-0.0006570777316299359,0.00010890197533050045,0.6402335976640233,1.0,22,24,d4:b:within_protocol,False,False,adverse,tested,not_rejected,0.000270182291666754,-0.000195393880208372,0.0007064615885416898,0.2585174148258517,1.0,20,24,d4:b:within_protocol,True,False,favorable,tested,not_rejected,complete
d4_a,d4,a,mae,0.23611724261473271,0.22864324674936837,0.249594427739107,0.8857812500000001,0.8846940104166666,0.8868100585937502,0.006316712165277044,-0.0018687711125434667,0.011204339675409052,0.06860931390686092,0.4802651973480265,18,24,d4:a:within_protocol,True,False,favorable,tested,not_rejected,-0.004352213541666594,-0.005996337890625092,-0.00276350911458348,9.99990000099999e-06,0.00023999760002399976,6,24,d4:a:within_protocol,False,False,adverse,tested,not_rejected,complete
d4_b,d4,b,mae,0.28106582112532347,0.19194935211352676,0.3833631013930955,0.6211263020833333,0.6133916015625,0.6284833984375,-0.005206867525816394,-0.011715616132165914,-0.0031212506921493854,0.0005399946000539995,0.004319956800431996,17,24,d4:b:within_protocol,False,False,adverse,tested,not_rejected,-0.010843098958333353,-0.011992513020833305,-0.009677571614583309,9.99990000099999e-06,0.00023999760002399976,7,24,d4:b:within_protocol,False,False,adverse,tested,not_rejected,complete
d4_a,d4,a,sam,0.23498543815856776,0.225492355076793,0.25158100627194635,0.8904036458333333,0.8885870768229166,0.8922657877604168,0.007448516621441997,-0.007318355154215074,0.017427421836679963,0.22856771432285677,1.0,20,24,d4:a:within_protocol,True,False,favorable,tested,not_rejected,0.000270182291666643,-0.000964029947916891,0.0014844563802084206,0.6718332816671834,1.0,22,24,d4:a:within_protocol,True,False,favorable,tested,not_rejected,complete
d4_b,d4,b,sam,0.27023948455963964,0.1847969478356679,0.36570765205741534,0.6317643229166666,0.6236193033854167,0.6392679036458333,0.005619469039867431,0.00155347998136305,0.010274209579979505,0.001089989100108999,0.007629923700762993,18,24,d4:b:within_protocol,True,True,favorable,tested,favorable_rejected,-0.00020507812500003553,-0.001334879557291676,0.0009310709635415965,0.7225127748722513,1.0,23,24,d4:b:within_protocol,False,False,adverse,tested,not_rejected,complete
d4_a,d4,a,pearson_r,0.21686280716579553,0.20887152980275764,0.2285698231236477,0.8902018229166667,0.8884568684895834,0.8918751627604168,0.025571147614214224,0.015345112305814432,0.03516239327867855,9.99990000099999e-06,0.00023999760002399976,10,24,d4:a:within_protocol,True,True,favorable,tested,favorable_rejected,6.835937500004885e-05,-0.0018946126302082727,0.0019337565104166833,0.947380526194738,1.0,24,24,d4:a:within_protocol,True,False,favorable,tested,not_rejected,complete
d4_b,d4,b,pearson_r,0.2706288753265359,0.1851162629259252,0.3667230961552135,0.6317057291666667,0.6237423502604167,0.6393557942708333,0.0052300782729711726,0.0004315321035316499,0.009760148921906752,0.004629953700462996,0.027779722202777975,19,24,d4:b:within_protocol,True,True,favorable,tested,favorable_rejected,-0.00026367187499998224,-0.0019826660156248618,0.001412760416666714,0.7584824151758482,1.0,24,24,d4:b:within_protocol,False,False,adverse,tested,not_rejected,complete
d4_a,d4,a,nmse,0.1786897200580602,0.16760994689391737,0.19130982644614888,0.8900976562500001,0.8882356770833334,0.8920478515625001,0.06374423472194957,0.05497442792930443,0.07443597977671437,9.99990000099999e-06,0.00023999760002399976,9,24,d4:a:within_protocol,True,True,favorable,tested,favorable_rejected,-3.580729166652308e-05,-0.0002832845052084086,0.00019856770833337478,0.7966020339796602,1.0,23,24,d4:a:within_protocol,False,False,adverse,tested,not_rejected,complete
d4_b,d4,b,nmse,0.25840030392908286,0.17684983152525632,0.3505074590253519,0.63212890625,0.62415576171875,0.6394663899739584,0.01745864967042421,0.010355959403788152,0.0262508381550967,9.99990000099999e-06,0.00023999760002399976,10,24,d4:b:within_protocol,True,True,favorable,tested,favorable_rejected,0.0001595052083332993,-0.0001855468750000533,0.00048502604166656137,0.38322616773832263,1.0,21,24,d4:b:within_protocol,True,False,favorable,tested,not_rejected,complete
d4_a,d4,a,wasserstein_1_cm1,0.22953527690634212,0.21627153916981298,0.25082252752261874,0.8787174479166667,0.8751497395833333,0.8820445963541667,0.012898677873667636,-0.00470648538272632,0.02664621658698502,0.12675873241267588,0.7605523944760553,19,24,d4:a:within_protocol,True,False,favorable,tested,not_rejected,-0.011416015624999942,-0.015826904296875145,-0.007415364583333467,9.99990000099999e-06,0.00023999760002399976,15,24,d4:a:within_protocol,False,False,adverse,tested,not_rejected,complete
d4_b,d4,b,wasserstein_1_cm1,0.35661203723740115,0.24978278660069564,0.4796362825537262,0.51375,0.5075188802083334,0.5202744140625,-0.08075308363789407,-0.10613782938194102,-0.05997671779685852,9.99990000099999e-06,0.00023999760002399976,16,24,d4:b:within_protocol,False,False,adverse,tested,not_rejected,-0.11821940104166662,-0.1220578613281249,-0.11369108072916674,9.99990000099999e-06,0.00023999760002399976,15,24,d4:b:within_protocol,False,False,adverse,tested,not_rejected,complete
d4_a,d4,a,is_like_structure_to_noise,0.254571278903147,0.24895897546460305,0.26187088216040155,0.3278515625,0.32564453125,0.33015641276041663,-0.012137324123137255,-0.017884537868221247,-0.005251415384257372,0.00015999840001599985,0.0014399856001439987,16,24,d4:a:within_protocol,False,False,adverse,tested,not_rejected,-0.5622819010416666,-0.5645318196614584,-0.5597224934895835,9.99990000099999e-06,0.00023999760002399976,5,24,d4:a:within_protocol,False,False,adverse,tested,not_rejected,complete
d4_b,d4,b,is_like_structure_to_noise,0.21432251595202145,0.14558301292014858,0.29272633943731724,0.66087890625,0.6543466796874999,0.6666214192708334,0.06153643764748562,0.03976451326153715,0.0855957807448579,9.99990000099999e-06,0.00023999760002399976,6,24,d4:b:within_protocol,True,True,favorable,tested,favorable_rejected,0.028909505208333353,0.01800773111979161,0.03916227213541679,9.99990000099999e-06,0.00023999760002399976,5,24,d4:b:within_protocol,True,True,favorable,tested,favorable_rejected,complete
d4_a,d4,a,precision,0.5568315765862667,0.5387232150679875,0.5866356689768775,0.6716178385416666,0.6687369791666666,0.6744077962239585,-0.31439762180625697,-0.34234017525202326,-0.2963629545202437,9.99990000099999e-06,0.00023999760002399976,12,24,d4:a:within_protocol,False,False,adverse,tested,not_rejected,-0.2185156250000001,-0.2214162597656249,-0.21559562174479144,9.99990000099999e-06,0.00023999760002399976,11,24,d4:a:within_protocol,False,False,adverse,tested,not_rejected,complete
d4_b,d4,b,precision,0.15937654270802787,0.11199637607011853,0.21794654198707294,0.7020930989583333,0.6940259602864582,0.7086123860677084,0.1164824108914792,0.07383251952952917,0.15838188109389706,9.99990000099999e-06,0.00023999760002399976,12,24,d4:b:within_protocol,True,True,favorable,tested,favorable_rejected,0.07012369791666662,0.06586588541666671,0.07423225911458332,9.99990000099999e-06,0.00023999760002399976,11,24,d4:b:within_protocol,True,True,favorable,tested,favorable_rejected,complete
d4_a,d4,a,recall,0.6144646175775044,0.6020299231779562,0.6407858339693363,0.6700911458333334,0.6671156412760415,0.6730741373697917,-0.37203066279749464,-0.3950242366681543,-0.35961057710850675,9.99990000099999e-06,0.00023999760002399976,14,24,d4:a:within_protocol,False,False,adverse,tested,not_rejected,-0.22004231770833327,-0.22324877929687512,-0.21693017578124987,9.99990000099999e-06,0.00023999760002399976,13,24,d4:a:within_protocol,False,False,adverse,tested,not_rejected,complete
d4_b,d4,b,recall,0.17017499057443483,0.11857318128463036,0.2339292473090363,0.7073697916666667,0.6991202799479167,0.7140789388020834,0.10568396302507224,0.067982156559532,0.14372608444273938,9.99990000099999e-06,0.00023999760002399976,14,24,d4:b:within_protocol,True,True,favorable,tested,favorable_rejected,0.07540039062500004,0.07074503580729172,0.07962255859374998,9.99990000099999e-06,0.00023999760002399976,13,24,d4:b:within_protocol,True,True,favorable,tested,favorable_rejected,complete
d4_a,d4,a,f1,0.6092008425524229,0.5954466377046223,0.6349429879131119,0.6725748697916667,0.66967431640625,0.6753811035156251,-0.3667668877724132,-0.3898892058006746,-0.3531328965413433,9.99990000099999e-06,0.00023999760002399976,4,24,d4:a:within_protocol,False,False,adverse,tested,not_rejected,-0.21755859374999997,-0.22047200520833332,-0.21464835611979163,9.99990000099999e-06,0.00023999760002399976,3,24,d4:a:within_protocol,False,False,adverse,tested,not_rejected,complete
d4_b,d4,b,f1,0.1656360314176975,0.11574482123926924,0.2280128912257043,0.703076171875,0.694942138671875,0.7097689615885416,0.11022292218180957,0.07020909192828213,0.1493530946922337,9.99990000099999e-06,0.00023999760002399976,4,24,d4:b:within_protocol,True,True,favorable,tested,favorable_rejected,0.07110677083333339,0.06677351888020844,0.07516064453125014,9.99990000099999e-06,0.00023999760002399976,3,24,d4:b:within_protocol,True,True,favorable,tested,favorable_rejected,complete
d4_a,d4,a,artifact_peak_ratio,0.5568315765862667,0.5387232150679875,0.5866356689768775,0.6716178385416666,0.6687369791666666,0.6744077962239585,-0.31439762180625697,-0.34234017525202326,-0.2963629545202437,9.99990000099999e-06,0.00023999760002399976,2,24,d4:a:within_protocol,False,False,adverse,tested,not_rejected,-0.2185156250000001,-0.2214162597656249,-0.21559562174479144,9.99990000099999e-06,0.00023999760002399976,1,24,d4:a:within_protocol,False,False,adverse,tested,not_rejected,complete
d4_b,d4,b,artifact_peak_ratio,0.15937654270802787,0.11199637607011853,0.21794654198707294,0.7020930989583333,0.6940259602864582,0.7086123860677084,0.1164824108914792,0.07383251952952917,0.15838188109389706,9.99990000099999e-06,0.00023999760002399976,2,24,d4:b:within_protocol,True,True,favorable,tested,favorable_rejected,0.07012369791666662,0.06586588541666671,0.07423225911458332,9.99990000099999e-06,0.00023999760002399976,1,24,d4:b:within_protocol,True,True,favorable,tested,favorable_rejected,complete
d4_a,d4,a,missing_peak_ratio,0.6144646175775044,0.6020299231779562,0.6407858339693363,0.6700911458333334,0.6671156412760415,0.6730741373697917,-0.37203066279749464,-0.3950242366681543,-0.35961057710850675,9.99990000099999e-06,0.00023999760002399976,8,24,d4:a:within_protocol,False,False,adverse,tested,not_rejected,-0.22004231770833327,-0.22324877929687512,-0.21693017578124987,9.99990000099999e-06,0.00023999760002399976,7,24,d4:a:within_protocol,False,False,adverse,tested,not_rejected,complete
d4_b,d4,b,missing_peak_ratio,0.17017499057443483,0.11857318128463036,0.2339292473090363,0.7073697916666667,0.6991202799479167,0.7140789388020834,0.10568396302507224,0.067982156559532,0.14372608444273938,9.99990000099999e-06,0.00023999760002399976,9,24,d4:b:within_protocol,True,True,favorable,tested,favorable_rejected,0.07540039062500004,0.07074503580729172,0.07962255859374998,9.99990000099999e-06,0.00023999760002399976,8,24,d4:b:within_protocol,True,True,favorable,tested,favorable_rejected,complete
