panel_id,metric_output_id,profile,d_ag,d_acc,d_ag_adjusted_p_value,d_acc_adjusted_p_value
d1_a,rmse,Unresolved,0.00046084718475047914,0.0009374999999999245,1.0,1.0
d1_a,mae,OC +,0.0053204743353389705,0.011510416666666634,1.0,0.0015599844001559983
d1_a,nmse,AG +,0.019717879152256437,-0.0004947916666665497,0.014939850601493984,1.0
d1_a,sam,Unresolved,-0.004897855123165651,-1.1102230246251565e-16,1.0,1.0
d1_a,pearson_r,Unresolved,0.0016709518229997278,0.0013541666666665453,1.0,1.0
d1_a,wasserstein_1_cm1,Both +,0.09877147421468865,0.06200520833333345,0.004599954000459995,0.0006499935000649994
d1_a,is_like_structure_to_noise,Both −,-0.24238371334119252,-0.4714583333333333,0.0042899571004289955,0.00023999760002399976
d1_a,precision,Both −,-0.2188860225301678,-0.15531250000000008,0.00029999700002999975,0.00023999760002399976
d1_a,recall,Both −,-0.21657882739449769,-0.14947916666666672,0.00023999760002399976,0.00023999760002399976
d1_a,f1,Both −,-0.222798037055835,-0.1507291666666669,0.00023999760002399976,0.00023999760002399976
d1_a,artifact_peak_ratio,Both −,-0.2188860225301678,-0.15531250000000008,0.00029999700002999975,0.00023999760002399976
d1_a,missing_peak_ratio,Both −,-0.21657882739449769,-0.14947916666666672,0.00023999760002399976,0.00023999760002399976
d2_5_a,rmse,Unresolved,-0.0008083140160599911,0.0005729166666667007,1.0,1.0
d2_5_a,mae,OC +,0.006180259702540464,0.010651041666666528,1.0,0.0021999780002199976
d2_5_a,nmse,AG +,0.018722583092889114,-0.002291666666667025,0.0021999780002199976,0.1860781392186078
d2_5_a,sam,Unresolved,-0.01096949671260608,-0.002213541666666763,0.5980740192598074,1.0
d2_5_a,pearson_r,Unresolved,0.00077986995493734,-0.0010156250000001865,1.0,1.0
d2_5_a,wasserstein_1_cm1,Both +,0.07488729587013838,0.03794270833333324,0.0006499935000649994,0.022949770502294978
d2_5_a,is_like_structure_to_noise,Both −,-0.26366534070030656,-0.4971614583333334,0.0014399856001439987,0.00023999760002399976
d2_5_a,precision,Both −,-0.29819511508671825,-0.17627604166666688,0.00023999760002399976,0.00023999760002399976
d2_5_a,recall,Both −,-0.2997055214641764,-0.16966145833333346,0.00023999760002399976,0.00023999760002399976
d2_5_a,f1,Both −,-0.30807808688741034,-0.17205729166666683,0.00023999760002399976,0.00023999760002399976
d2_5_a,artifact_peak_ratio,Both −,-0.29819511508671825,-0.17627604166666688,0.00023999760002399976,0.00023999760002399976
d2_5_a,missing_peak_ratio,Both −,-0.2997055214641764,-0.16966145833333346,0.00023999760002399976,0.00023999760002399976
d2_10_a,rmse,Unresolved,-0.0001222173358820522,0.0011197916666668695,1.0,0.900650993490065
d2_10_a,mae,OC +,0.007031032427427308,0.011979166666666985,0.3264767352326477,0.0003599964000359997
d2_10_a,nmse,AG +,0.023425785792813347,-0.001822916666666563,0.0006999930000699993,0.8663113368866311
d2_10_a,sam,Unresolved,-0.0066472039465849675,-0.0014062499999998312,1.0,1.0
d2_10_a,pearson_r,Unresolved,0.001378958110474643,0.0004166666666668428,1.0,1.0
d2_10_a,wasserstein_1_cm1,Both +,0.11366762874804331,0.049348958333333415,0.0002599974000259998,0.002159978400215998
d2_10_a,is_like_structure_to_noise,Both −,-0.2616275379923792,-0.4932291666666665,0.0006599934000659993,0.00023999760002399976
d2_10_a,precision,Both −,-0.2918558881516194,-0.1761979166666664,0.00023999760002399976,0.00023999760002399976
d2_10_a,recall,Both −,-0.291457942631719,-0.16927083333333326,0.00023999760002399976,0.00023999760002399976
d2_10_a,f1,Both −,-0.30081191229959675,-0.17166666666666652,0.00023999760002399976,0.00023999760002399976
d2_10_a,artifact_peak_ratio,Both −,-0.2918558881516194,-0.1761979166666664,0.00023999760002399976,0.00023999760002399976
d2_10_a,missing_peak_ratio,Both −,-0.291457942631719,-0.16927083333333326,0.00023999760002399976,0.00023999760002399976
d2_20_a,rmse,Unresolved,-2.713807416718228e-05,0.0008854166666666385,1.0,1.0
d2_20_a,mae,OC +,0.007176518561152145,0.011874999999999969,0.12207877921220787,0.0008399916000839992
d2_20_a,nmse,AG +,0.02539986942944883,-0.002213541666666874,0.0008399916000839992,0.15273847261527385
d2_20_a,sam,Unresolved,-0.005840206909012741,-0.001770833333333388,1.0,1.0
d2_20_a,pearson_r,Unresolved,0.0019332925912988463,0.00015624999999963585,1.0,1.0
d2_20_a,wasserstein_1_cm1,Both +,0.126211334894523,0.0632031249999997,0.0006499935000649994,0.0008399916000839992
d2_20_a,is_like_structure_to_noise,Both −,-0.24749206843057395,-0.47526041666666674,0.0008399916000839992,0.00023999760002399976
d2_20_a,precision,Both −,-0.27714298862457665,-0.1610156250000001,0.00023999760002399976,0.00023999760002399976
d2_20_a,recall,Both −,-0.27690428233965947,-0.15419270833333343,0.00023999760002399976,0.00023999760002399976
d2_20_a,f1,Both −,-0.2849957971030296,-0.15648437500000023,0.00023999760002399976,0.00023999760002399976
d2_20_a,artifact_peak_ratio,Both −,-0.27714298862457665,-0.1610156250000001,0.00023999760002399976,0.00023999760002399976
d2_20_a,missing_peak_ratio,Both −,-0.27690428233965947,-0.15419270833333343,0.00023999760002399976,0.00023999760002399976
d2_5_b,rmse,Unresolved,-0.0003983657308892219,-0.00018229166666672292,1.0,1.0
d2_5_b,mae,Unresolved,-0.0036448128845483763,-0.0004687500000002398,1.0,1.0
d2_5_b,nmse,OC −,0.006290449851457963,-0.0014843750000000933,0.8731712682873172,0.03189968100318997
d2_5_b,sam,Unresolved,0.0031131151643430666,-0.0014583333333333393,1.0,1.0
d2_5_b,pearson_r,Unresolved,0.0012026018980987874,-0.001822916666666785,1.0,1.0
d2_5_b,wasserstein_1_cm1,Both −,-0.06956536267508787,-0.06539062500000026,0.0031899681003189967,0.00023999760002399976
d2_5_b,is_like_structure_to_noise,Both −,-0.2850564727085618,-0.4287500000000001,0.0009599904000959991,0.00023999760002399976
d2_5_b,precision,Both −,-0.24375425388166833,-0.1344270833333333,0.00023999760002399976,0.00023999760002399976
d2_5_b,recall,Both −,-0.2481881410610221,-0.12968750000000007,0.00023999760002399976,0.00023999760002399976
d2_5_b,f1,Both −,-0.2423461406571364,-0.1301041666666669,0.00023999760002399976,0.00023999760002399976
d2_5_b,artifact_peak_ratio,Both −,-0.24375425388166833,-0.1344270833333333,0.00023999760002399976,0.00023999760002399976
d2_5_b,missing_peak_ratio,Both −,-0.2481881410610221,-0.12968750000000007,0.00023999760002399976,0.00023999760002399976
d2_10_b,rmse,Unresolved,-0.0004919869732168958,-0.00013020833333343695,1.0,1.0
d2_10_b,mae,Unresolved,-0.004537719488209857,-0.0013020833333332593,0.9090909090909092,0.978390216097839
d2_10_b,nmse,Unresolved,0.013398889512872214,-0.0009895833333332105,0.5366646333536664,0.1036989630103699
d2_10_b,sam,Unresolved,0.012892781804878295,-0.0014062499999998312,0.5366646333536664,1.0
d2_10_b,pearson_r,Unresolved,0.0066803217355428934,-0.0031249999999999334,0.8308716912830871,0.6030439695603044
d2_10_b,wasserstein_1_cm1,Both −,-0.061476929824742066,-0.06479166666666647,0.008469915300846991,0.00023999760002399976
d2_10_b,is_like_structure_to_noise,Both −,-0.1804531650450822,-0.4047916666666666,0.001079989200107999,0.00023999760002399976
d2_10_b,precision,Both −,-0.1399515074513586,-0.1126041666666665,0.00023999760002399976,0.00023999760002399976
d2_10_b,recall,Both −,-0.15031648749205917,-0.11395833333333327,0.00023999760002399976,0.00023999760002399976
d2_10_b,f1,Both −,-0.1391906723158573,-0.11187500000000006,0.00023999760002399976,0.00023999760002399976
d2_10_b,artifact_peak_ratio,Both −,-0.1399515074513586,-0.1126041666666665,0.00023999760002399976,0.00023999760002399976
d2_10_b,missing_peak_ratio,Both −,-0.15031648749205917,-0.11395833333333327,0.00023999760002399976,0.00023999760002399976
d2_20_b,rmse,Unresolved,-4.004726499740041e-05,-0.00033854166666669183,0.8991410085899141,0.7186328136718633
d2_20_b,mae,OC −,-0.003683761741978875,-0.0029687499999999645,0.7186328136718633,0.026199738002619974
d2_20_b,nmse,OC −,0.01589865709092364,-0.001979166666666754,0.4057859421405786,0.002519974800251998
d2_20_b,sam,Unresolved,0.01689809037173734,-0.002135416666666612,0.26247737522624776,0.7186328136718633
d2_20_b,pearson_r,Unresolved,0.009171830417205096,-0.003750000000000031,0.48424515754842457,0.4057859421405786
d2_20_b,wasserstein_1_cm1,Both −,-0.04649590134066395,-0.05161458333333335,0.04076959230407696,0.00023999760002399976
d2_20_b,is_like_structure_to_noise,Both −,-0.11245147263981775,-0.4003125,0.0026399736002639972,0.00023999760002399976
d2_20_b,precision,Both −,-0.05548472572854679,-0.0977083333333334,0.0007999920000799992,0.00023999760002399976
d2_20_b,recall,Both −,-0.07134772545406148,-0.09854166666666675,0.0013999860001399985,0.00023999760002399976
d2_20_b,f1,Both −,-0.05804909360586563,-0.0965625000000001,0.0005099949000509995,0.00023999760002399976
d2_20_b,artifact_peak_ratio,Both −,-0.05548472572854679,-0.0977083333333334,0.0007999920000799992,0.00023999760002399976
d2_20_b,missing_peak_ratio,Both −,-0.07134772545406148,-0.09854166666666675,0.0013999860001399985,0.00023999760002399976
d4_a,rmse,Unresolved,0.00027517203351482,0.000514322916666532,1.0,0.07439925600743992
d4_a,mae,OC −,0.006316712165277044,-0.004352213541666594,0.4802651973480265,0.00023999760002399976
d4_a,nmse,AG +,0.06374423472194957,-3.580729166652308e-05,0.00023999760002399976,1.0
d4_a,sam,Unresolved,0.007448516621441997,0.000270182291666643,1.0,1.0
d4_a,pearson_r,AG +,0.025571147614214224,6.835937500004885e-05,0.00023999760002399976,1.0
d4_a,wasserstein_1_cm1,OC −,0.012898677873667636,-0.011416015624999942,0.7605523944760553,0.00023999760002399976
d4_a,is_like_structure_to_noise,Both −,-0.012137324123137255,-0.5622819010416666,0.0014399856001439987,0.00023999760002399976
d4_a,precision,Both −,-0.31439762180625697,-0.2185156250000001,0.00023999760002399976,0.00023999760002399976
d4_a,recall,Both −,-0.37203066279749464,-0.22004231770833327,0.00023999760002399976,0.00023999760002399976
d4_a,f1,Both −,-0.3667668877724132,-0.21755859374999997,0.00023999760002399976,0.00023999760002399976
d4_a,artifact_peak_ratio,Both −,-0.31439762180625697,-0.2185156250000001,0.00023999760002399976,0.00023999760002399976
d4_a,missing_peak_ratio,Both −,-0.37203066279749464,-0.22004231770833327,0.00023999760002399976,0.00023999760002399976
d4_b,rmse,Unresolved,-5.6049705018601514e-05,0.000270182291666754,1.0,1.0
d4_b,mae,Both −,-0.005206867525816394,-0.010843098958333353,0.004319956800431996,0.00023999760002399976
d4_b,nmse,AG +,0.01745864967042421,0.0001595052083332993,0.00023999760002399976,1.0
d4_b,sam,AG +,0.005619469039867431,-0.00020507812500003553,0.007629923700762993,1.0
d4_b,pearson_r,AG +,0.0052300782729711726,-0.00026367187499998224,0.027779722202777975,1.0
d4_b,wasserstein_1_cm1,Both −,-0.08075308363789407,-0.11821940104166662,0.00023999760002399976,0.00023999760002399976
d4_b,is_like_structure_to_noise,Both +,0.06153643764748562,0.028909505208333353,0.00023999760002399976,0.00023999760002399976
d4_b,precision,Both +,0.1164824108914792,0.07012369791666662,0.00023999760002399976,0.00023999760002399976
d4_b,recall,Both +,0.10568396302507224,0.07540039062500004,0.00023999760002399976,0.00023999760002399976
d4_b,f1,Both +,0.11022292218180957,0.07110677083333339,0.00023999760002399976,0.00023999760002399976
d4_b,artifact_peak_ratio,Both +,0.1164824108914792,0.07012369791666662,0.00023999760002399976,0.00023999760002399976
d4_b,missing_peak_ratio,Both +,0.10568396302507224,0.07540039062500004,0.00023999760002399976,0.00023999760002399976
d5_a,rmse,Unresolved,-0.00010386608980682277,0.0001411068281939043,1.0,0.903030969690303
d5_a,mae,OC +,-4.088100849070769e-05,0.0011747430249633428,1.0,0.00023999760002399976
d5_a,nmse,Unresolved,-0.0018151230421822352,0.0003510462555067484,0.6806931930680693,0.6806931930680693
d5_a,sam,AG −,-0.005628496715374538,-0.0005024779735680607,0.003959960400395996,0.3831061689383106
d5_a,pearson_r,AG −,-0.008220133842555228,-0.00026615271659313766,0.00023999760002399976,1.0
d5_a,wasserstein_1_cm1,OC +,0.005123125157141164,0.0060618575624084015,0.15031849681503184,0.00023999760002399976
d5_a,is_like_structure_to_noise,Both −,-0.024937063218194545,-0.05424697136563872,0.00023999760002399976,0.00023999760002399976
d5_a,precision,Both −,-0.02622212670232892,-0.04753808737151244,0.00032999670003299966,0.00023999760002399976
d5_a,recall,Both −,-0.031169531959103953,-0.04527005323054323,0.00023999760002399976,0.00023999760002399976
d5_a,f1,Both −,-0.030772913478645924,-0.046121283039647465,0.00023999760002399976,0.00023999760002399976
d5_a,artifact_peak_ratio,Both −,-0.02622212670232892,-0.04753808737151244,0.00032999670003299966,0.00023999760002399976
d5_a,missing_peak_ratio,Both −,-0.031169531959103953,-0.04527005323054323,0.00023999760002399976,0.00023999760002399976
d5_b,rmse,Unresolved,-4.443277866042136e-05,7.915748898668085e-05,1.0,1.0
d5_b,mae,Unresolved,-9.653129978079086e-05,8.489353891327767e-05,1.0,1.0
d5_b,nmse,Unresolved,0.0007980299861468712,0.0002305892070483262,1.0,1.0
d5_b,sam,AG −,-0.004058374358455472,-1.147209985319364e-05,0.0022799772002279977,1.0
d5_b,pearson_r,AG −,-0.003462663024325364,-0.00027074155653461496,0.0022799772002279977,1.0
d5_b,wasserstein_1_cm1,AG −,-0.005843929312280496,-0.0012573421439061594,0.0042999570004299955,0.7769622303776963
d5_b,is_like_structure_to_noise,Both −,-0.02425794319572617,-0.05042446769456699,0.00023999760002399976,0.00023999760002399976
d5_b,precision,Both −,-0.03523192633155855,-0.05154070301027924,0.00023999760002399976,0.00023999760002399976
d5_b,recall,Both −,-0.039892398698685355,-0.048965216593245375,0.00023999760002399976,0.00023999760002399976
d5_b,f1,Both −,-0.03977806144806146,-0.04992657856093996,0.00023999760002399976,0.00023999760002399976
d5_b,artifact_peak_ratio,Both −,-0.03523192633155855,-0.05154070301027924,0.00023999760002399976,0.00023999760002399976
d5_b,missing_peak_ratio,Both −,-0.039892398698685355,-0.048965216593245375,0.00023999760002399976,0.00023999760002399976
